family_code,from_pokedex_number,from_form_code,from_card_state,to_pokedex_number,to_form_code,to_card_state,rule_type,notes
"abra",63,"NORMAL","NORMAL",63,"NORMAL","EX","SPECIAL_BRANCH","House rule: NORMAL can branch into same-species special state EX"
"abra",63,"NORMAL","NORMAL",63,"NORMAL","GX","SPECIAL_BRANCH","House rule: NORMAL can branch into same-species special state GX"
"abra",63,"NORMAL","NORMAL",63,"NORMAL","V","SPECIAL_BRANCH","House rule: NORMAL can branch into same-species special state V"
"abra",63,"NORMAL","NORMAL",63,"NORMAL","MEGA","SPECIAL_BRANCH","House rule: NORMAL can branch into same-species special state MEGA"
"abra",63,"NORMAL","NORMAL",64,"NORMAL","NORMAL","STANDARD","Standard evolution from species tree"
"abra",63,"NORMAL","V",63,"NORMAL","VMAX","SPECIAL_CHAIN","House rule: V can continue into same-species state VMAX"
"abra",63,"NORMAL","V",63,"NORMAL","VSTAR","SPECIAL_CHAIN","House rule: V can continue into same-species state VSTAR"
"abra",64,"NORMAL","NORMAL",64,"NORMAL","EX","SPECIAL_BRANCH","House rule: NORMAL can branch into same-species special state EX"
"abra",64,"NORMAL","NORMAL",64,"NORMAL","GX","SPECIAL_BRANCH","House rule: NORMAL can branch into same-species special state GX"
"abra",64,"NORMAL","NORMAL",64,"NORMAL","V","SPECIAL_BRANCH","House rule: NORMAL can branch into same-species special state V"
"abra",64,"NORMAL","NORMAL",64,"NORMAL","MEGA","SPECIAL_BRANCH","House rule: NORMAL can branch into same-species special state MEGA"
"abra",64,"NORMAL","NORMAL",65,"NORMAL","NORMAL","STANDARD","Standard evolution from species tree"
"abra",64,"NORMAL","V",64,"NORMAL","VMAX","SPECIAL_CHAIN","House rule: V can continue into same-species state VMAX"
"abra",64,"NORMAL","V",64,"NORMAL","VSTAR","SPECIAL_CHAIN","House rule: V can continue into same-species state VSTAR"
"abra",65,"NORMAL","NORMAL",65,"NORMAL","EX","SPECIAL_BRANCH","House rule: NORMAL can branch into same-species special state EX"
"abra",65,"NORMAL","NORMAL",65,"NORMAL","GX","SPECIAL_BRANCH","House rule: NORMAL can branch into same-species special state GX"
"abra",65,"NORMAL","NORMAL",65,"NORMAL","V","SPECIAL_BRANCH","House rule: NORMAL can branch into same-species special state V"
"abra",65,"NORMAL","NORMAL",65,"NORMAL","MEGA","SPECIAL_BRANCH","House rule: NORMAL can branch into same-species special state MEGA"
"abra",65,"NORMAL","V",65,"NORMAL","VMAX","SPECIAL_CHAIN","House rule: V can continue into same-species state VMAX"
"abra",65,"NORMAL","V",65,"NORMAL","VSTAR","SPECIAL_CHAIN","House rule: V can continue into same-species state VSTAR"
"absol",359,"NORMAL","NORMAL",359,"NORMAL","EX","SPECIAL_BRANCH","House rule: NORMAL can branch into same-species special state EX"
"absol",359,"NORMAL","NORMAL",359,"NORMAL","GX","SPECIAL_BRANCH","House rule: NORMAL can branch into same-species special state GX"
"absol",359,"NORMAL","NORMAL",359,"NORMAL","V","SPECIAL_BRANCH","House rule: NORMAL can branch into same-species special state V"
"absol",359,"NORMAL","NORMAL",359,"NORMAL","MEGA","SPECIAL_BRANCH","House rule: NORMAL can branch into same-species special state MEGA"
"absol",359,"NORMAL","V",359,"NORMAL","VMAX","SPECIAL_CHAIN","House rule: V can continue into same-species state VMAX"
"absol",359,"NORMAL","V",359,"NORMAL","VSTAR","SPECIAL_CHAIN","House rule: V can continue into same-species state VSTAR"
"aerodactyl",142,"NORMAL","NORMAL",142,"NORMAL","EX","SPECIAL_BRANCH","House rule: NORMAL can branch into same-species special state EX"
"aerodactyl",142,"NORMAL","NORMAL",142,"NORMAL","GX","SPECIAL_BRANCH","House rule: NORMAL can branch into same-species special state GX"
"aerodactyl",142,"NORMAL","NORMAL",142,"NORMAL","V","SPECIAL_BRANCH","House rule: NORMAL can branch into same-species special state V"
"aerodactyl",142,"NORMAL","NORMAL",142,"NORMAL","MEGA","SPECIAL_BRANCH","House rule: NORMAL can branch into same-species special state MEGA"
"aerodactyl",142,"NORMAL","V",142,"NORMAL","VMAX","SPECIAL_CHAIN","House rule: V can continue into same-species state VMAX"
"aerodactyl",142,"NORMAL","V",142,"NORMAL","VSTAR","SPECIAL_CHAIN","House rule: V can continue into same-species state VSTAR"
"aipom",190,"NORMAL","NORMAL",190,"NORMAL","EX","SPECIAL_BRANCH","House rule: NORMAL can branch into same-species special state EX"
"aipom",190,"NORMAL","NORMAL",190,"NORMAL","GX","SPECIAL_BRANCH","House rule: NORMAL can branch into same-species special state GX"
"aipom",190,"NORMAL","NORMAL",190,"NORMAL","V","SPECIAL_BRANCH","House rule: NORMAL can branch into same-species special state V"
"aipom",190,"NORMAL","NORMAL",190,"NORMAL","MEGA","SPECIAL_BRANCH","House rule: NORMAL can branch into same-species special state MEGA"
"aipom",190,"NORMAL","NORMAL",424,"NORMAL","NORMAL","STANDARD","Standard evolution from species tree"
"aipom",190,"NORMAL","V",190,"NORMAL","VMAX","SPECIAL_CHAIN","House rule: V can continue into same-species state VMAX"
"aipom",190,"NORMAL","V",190,"NORMAL","VSTAR","SPECIAL_CHAIN","House rule: V can continue into same-species state VSTAR"
"aipom",424,"NORMAL","NORMAL",424,"NORMAL","EX","SPECIAL_BRANCH","House rule: NORMAL can branch into same-species special state EX"
"aipom",424,"NORMAL","NORMAL",424,"NORMAL","GX","SPECIAL_BRANCH","House rule: NORMAL can branch into same-species special state GX"
"aipom",424,"NORMAL","NORMAL",424,"NORMAL","V","SPECIAL_BRANCH","House rule: NORMAL can branch into same-species special state V"
"aipom",424,"NORMAL","NORMAL",424,"NORMAL","MEGA","SPECIAL_BRANCH","House rule: NORMAL can branch into same-species special state MEGA"
"aipom",424,"NORMAL","V",424,"NORMAL","VMAX","SPECIAL_CHAIN","House rule: V can continue into same-species state VMAX"
"aipom",424,"NORMAL","V",424,"NORMAL","VSTAR","SPECIAL_CHAIN","House rule: V can continue into same-species state VSTAR"
"alomomola",594,"NORMAL","NORMAL",594,"NORMAL","EX","SPECIAL_BRANCH","House rule: NORMAL can branch into same-species special state EX"
"alomomola",594,"NORMAL","NORMAL",594,"NORMAL","GX","SPECIAL_BRANCH","House rule: NORMAL can branch into same-species special state GX"
"alomomola",594,"NORMAL","NORMAL",594,"NORMAL","V","SPECIAL_BRANCH","House rule: NORMAL can branch into same-species special state V"
"alomomola",594,"NORMAL","NORMAL",594,"NORMAL","MEGA","SPECIAL_BRANCH","House rule: NORMAL can branch into same-species special state MEGA"
"alomomola",594,"NORMAL","V",594,"NORMAL","VMAX","SPECIAL_CHAIN","House rule: V can continue into same-species state VMAX"
"alomomola",594,"NORMAL","V",594,"NORMAL","VSTAR","SPECIAL_CHAIN","House rule: V can continue into same-species state VSTAR"
"amaura",698,"NORMAL","NORMAL",698,"NORMAL","EX","SPECIAL_BRANCH","House rule: NORMAL can branch into same-species special state EX"
"amaura",698,"NORMAL","NORMAL",698,"NORMAL","GX","SPECIAL_BRANCH","House rule: NORMAL can branch into same-species special state GX"
"amaura",698,"NORMAL","NORMAL",698,"NORMAL","V","SPECIAL_BRANCH","House rule: NORMAL can branch into same-species special state V"
"amaura",698,"NORMAL","NORMAL",698,"NORMAL","MEGA","SPECIAL_BRANCH","House rule: NORMAL can branch into same-species special state MEGA"
"amaura",698,"NORMAL","NORMAL",699,"NORMAL","NORMAL","STANDARD","Standard evolution from species tree"
"amaura",698,"NORMAL","V",698,"NORMAL","VMAX","SPECIAL_CHAIN","House rule: V can continue into same-species state VMAX"
"amaura",698,"NORMAL","V",698,"NORMAL","VSTAR","SPECIAL_CHAIN","House rule: V can continue into same-species state VSTAR"
"amaura",699,"NORMAL","NORMAL",699,"NORMAL","EX","SPECIAL_BRANCH","House rule: NORMAL can branch into same-species special state EX"
"amaura",699,"NORMAL","NORMAL",699,"NORMAL","GX","SPECIAL_BRANCH","House rule: NORMAL can branch into same-species special state GX"
"amaura",699,"NORMAL","NORMAL",699,"NORMAL","V","SPECIAL_BRANCH","House rule: NORMAL can branch into same-species special state V"
"amaura",699,"NORMAL","NORMAL",699,"NORMAL","MEGA","SPECIAL_BRANCH","House rule: NORMAL can branch into same-species special state MEGA"
"amaura",699,"NORMAL","V",699,"NORMAL","VMAX","SPECIAL_CHAIN","House rule: V can continue into same-species state VMAX"
"amaura",699,"NORMAL","V",699,"NORMAL","VSTAR","SPECIAL_CHAIN","House rule: V can continue into same-species state VSTAR"
"anorith",347,"NORMAL","NORMAL",347,"NORMAL","EX","SPECIAL_BRANCH","House rule: NORMAL can branch into same-species special state EX"
"anorith",347,"NORMAL","NORMAL",347,"NORMAL","GX","SPECIAL_BRANCH","House rule: NORMAL can branch into same-species special state GX"
"anorith",347,"NORMAL","NORMAL",347,"NORMAL","V","SPECIAL_BRANCH","House rule: NORMAL can branch into same-species special state V"
"anorith",347,"NORMAL","NORMAL",347,"NORMAL","MEGA","SPECIAL_BRANCH","House rule: NORMAL can branch into same-species special state MEGA"
"anorith",347,"NORMAL","NORMAL",348,"NORMAL","NORMAL","STANDARD","Standard evolution from species tree"
"anorith",347,"NORMAL","V",347,"NORMAL","VMAX","SPECIAL_CHAIN","House rule: V can continue into same-species state VMAX"
"anorith",347,"NORMAL","V",347,"NORMAL","VSTAR","SPECIAL_CHAIN","House rule: V can continue into same-species state VSTAR"
"anorith",348,"NORMAL","NORMAL",348,"NORMAL","EX","SPECIAL_BRANCH","House rule: NORMAL can branch into same-species special state EX"
"anorith",348,"NORMAL","NORMAL",348,"NORMAL","GX","SPECIAL_BRANCH","House rule: NORMAL can branch into same-species special state GX"
"anorith",348,"NORMAL","NORMAL",348,"NORMAL","V","SPECIAL_BRANCH","House rule: NORMAL can branch into same-species special state V"
"anorith",348,"NORMAL","NORMAL",348,"NORMAL","MEGA","SPECIAL_BRANCH","House rule: NORMAL can branch into same-species special state MEGA"
"anorith",348,"NORMAL","V",348,"NORMAL","VMAX","SPECIAL_CHAIN","House rule: V can continue into same-species state VMAX"
"anorith",348,"NORMAL","V",348,"NORMAL","VSTAR","SPECIAL_CHAIN","House rule: V can continue into same-species state VSTAR"
"applin",840,"NORMAL","NORMAL",840,"NORMAL","EX","SPECIAL_BRANCH","House rule: NORMAL can branch into same-species special state EX"
"applin",840,"NORMAL","NORMAL",840,"NORMAL","GX","SPECIAL_BRANCH","House rule: NORMAL can branch into same-species special state GX"
"applin",840,"NORMAL","NORMAL",840,"NORMAL","V","SPECIAL_BRANCH","House rule: NORMAL can branch into same-species special state V"
"applin",840,"NORMAL","NORMAL",840,"NORMAL","MEGA","SPECIAL_BRANCH","House rule: NORMAL can branch into same-species special state MEGA"
"applin",840,"NORMAL","NORMAL",841,"NORMAL","NORMAL","STANDARD","Standard evolution from species tree"
"applin",840,"NORMAL","NORMAL",842,"NORMAL","NORMAL","STANDARD","Standard evolution from species tree"
"applin",840,"NORMAL","NORMAL",1011,"NORMAL","NORMAL","STANDARD","Standard evolution from species tree"
"applin",840,"NORMAL","V",840,"NORMAL","VMAX","SPECIAL_CHAIN","House rule: V can continue into same-species state VMAX"
"applin",840,"NORMAL","V",840,"NORMAL","VSTAR","SPECIAL_CHAIN","House rule: V can continue into same-species state VSTAR"
"applin",841,"NORMAL","NORMAL",841,"NORMAL","EX","SPECIAL_BRANCH","House rule: NORMAL can branch into same-species special state EX"
"applin",841,"NORMAL","NORMAL",841,"NORMAL","GX","SPECIAL_BRANCH","House rule: NORMAL can branch into same-species special state GX"
"applin",841,"NORMAL","NORMAL",841,"NORMAL","V","SPECIAL_BRANCH","House rule: NORMAL can branch into same-species special state V"
"applin",841,"NORMAL","NORMAL",841,"NORMAL","MEGA","SPECIAL_BRANCH","House rule: NORMAL can branch into same-species special state MEGA"
"applin",841,"NORMAL","V",841,"NORMAL","VMAX","SPECIAL_CHAIN","House rule: V can continue into same-species state VMAX"
"applin",841,"NORMAL","V",841,"NORMAL","VSTAR","SPECIAL_CHAIN","House rule: V can continue into same-species state VSTAR"
"applin",842,"NORMAL","NORMAL",842,"NORMAL","EX","SPECIAL_BRANCH","House rule: NORMAL can branch into same-species special state EX"
"applin",842,"NORMAL","NORMAL",842,"NORMAL","GX","SPECIAL_BRANCH","House rule: NORMAL can branch into same-species special state GX"
"applin",842,"NORMAL","NORMAL",842,"NORMAL","V","SPECIAL_BRANCH","House rule: NORMAL can branch into same-species special state V"
"applin",842,"NORMAL","NORMAL",842,"NORMAL","MEGA","SPECIAL_BRANCH","House rule: NORMAL can branch into same-species special state MEGA"
"applin",842,"NORMAL","V",842,"NORMAL","VMAX","SPECIAL_CHAIN","House rule: V can continue into same-species state VMAX"
"applin",842,"NORMAL","V",842,"NORMAL","VSTAR","SPECIAL_CHAIN","House rule: V can continue into same-species state VSTAR"
"applin",1011,"NORMAL","NORMAL",1011,"NORMAL","EX","SPECIAL_BRANCH","House rule: NORMAL can branch into same-species special state EX"
"applin",1011,"NORMAL","NORMAL",1011,"NORMAL","GX","SPECIAL_BRANCH","House rule: NORMAL can branch into same-species special state GX"
"applin",1011,"NORMAL","NORMAL",1011,"NORMAL","V","SPECIAL_BRANCH","House rule: NORMAL can branch into same-species special state V"
"applin",1011,"NORMAL","NORMAL",1011,"NORMAL","MEGA","SPECIAL_BRANCH","House rule: NORMAL can branch into same-species special state MEGA"
"applin",1011,"NORMAL","NORMAL",1019,"NORMAL","NORMAL","STANDARD","Standard evolution from species tree"
"applin",1011,"NORMAL","V",1011,"NORMAL","VMAX","SPECIAL_CHAIN","House rule: V can continue into same-species state VMAX"
"applin",1011,"NORMAL","V",1011,"NORMAL","VSTAR","SPECIAL_CHAIN","House rule: V can continue into same-species state VSTAR"
"applin",1019,"NORMAL","NORMAL",1019,"NORMAL","EX","SPECIAL_BRANCH","House rule: NORMAL can branch into same-species special state EX"
"applin",1019,"NORMAL","NORMAL",1019,"NORMAL","GX","SPECIAL_BRANCH","House rule: NORMAL can branch into same-species special state GX"
"applin",1019,"NORMAL","NORMAL",1019,"NORMAL","V","SPECIAL_BRANCH","House rule: NORMAL can branch into same-species special state V"
"applin",1019,"NORMAL","NORMAL",1019,"NORMAL","MEGA","SPECIAL_BRANCH","House rule: NORMAL can branch into same-species special state MEGA"
"applin",1019,"NORMAL","V",1019,"NORMAL","VMAX","SPECIAL_CHAIN","House rule: V can continue into same-species state VMAX"
"applin",1019,"NORMAL","V",1019,"NORMAL","VSTAR","SPECIAL_CHAIN","House rule: V can continue into same-species state VSTAR"
"arceus",493,"NORMAL","NORMAL",493,"NORMAL","EX","SPECIAL_BRANCH","House rule: NORMAL can branch into same-species special state EX"
"arceus",493,"NORMAL","NORMAL",493,"NORMAL","GX","SPECIAL_BRANCH","House rule: NORMAL can branch into same-species special state GX"
"arceus",493,"NORMAL","NORMAL",493,"NORMAL","V","SPECIAL_BRANCH","House rule: NORMAL can branch into same-species special state V"
"arceus",493,"NORMAL","NORMAL",493,"NORMAL","MEGA","SPECIAL_BRANCH","House rule: NORMAL can branch into same-species special state MEGA"
"arceus",493,"NORMAL","V",493,"NORMAL","VMAX","SPECIAL_CHAIN","House rule: V can continue into same-species state VMAX"
"arceus",493,"NORMAL","V",493,"NORMAL","VSTAR","SPECIAL_CHAIN","House rule: V can continue into same-species state VSTAR"
"archen",566,"NORMAL","NORMAL",566,"NORMAL","EX","SPECIAL_BRANCH","House rule: NORMAL can branch into same-species special state EX"
"archen",566,"NORMAL","NORMAL",566,"NORMAL","GX","SPECIAL_BRANCH","House rule: NORMAL can branch into same-species special state GX"
"archen",566,"NORMAL","NORMAL",566,"NORMAL","V","SPECIAL_BRANCH","House rule: NORMAL can branch into same-species special state V"
"archen",566,"NORMAL","NORMAL",566,"NORMAL","MEGA","SPECIAL_BRANCH","House rule: NORMAL can branch into same-species special state MEGA"
"archen",566,"NORMAL","NORMAL",567,"NORMAL","NORMAL","STANDARD","Standard evolution from species tree"
"archen",566,"NORMAL","V",566,"NORMAL","VMAX","SPECIAL_CHAIN","House rule: V can continue into same-species state VMAX"
"archen",566,"NORMAL","V",566,"NORMAL","VSTAR","SPECIAL_CHAIN","House rule: V can continue into same-species state VSTAR"
"archen",567,"NORMAL","NORMAL",567,"NORMAL","EX","SPECIAL_BRANCH","House rule: NORMAL can branch into same-species special state EX"
"archen",567,"NORMAL","NORMAL",567,"NORMAL","GX","SPECIAL_BRANCH","House rule: NORMAL can branch into same-species special state GX"
"archen",567,"NORMAL","NORMAL",567,"NORMAL","V","SPECIAL_BRANCH","House rule: NORMAL can branch into same-species special state V"
"archen",567,"NORMAL","NORMAL",567,"NORMAL","MEGA","SPECIAL_BRANCH","House rule: NORMAL can branch into same-species special state MEGA"
"archen",567,"NORMAL","V",567,"NORMAL","VMAX","SPECIAL_CHAIN","House rule: V can continue into same-species state VMAX"
"archen",567,"NORMAL","V",567,"NORMAL","VSTAR","SPECIAL_CHAIN","House rule: V can continue into same-species state VSTAR"
"arctovish",883,"NORMAL","NORMAL",883,"NORMAL","EX","SPECIAL_BRANCH","House rule: NORMAL can branch into same-species special state EX"
"arctovish",883,"NORMAL","NORMAL",883,"NORMAL","GX","SPECIAL_BRANCH","House rule: NORMAL can branch into same-species special state GX"
"arctovish",883,"NORMAL","NORMAL",883,"NORMAL","V","SPECIAL_BRANCH","House rule: NORMAL can branch into same-species special state V"
"arctovish",883,"NORMAL","NORMAL",883,"NORMAL","MEGA","SPECIAL_BRANCH","House rule: NORMAL can branch into same-species special state MEGA"
"arctovish",883,"NORMAL","V",883,"NORMAL","VMAX","SPECIAL_CHAIN","House rule: V can continue into same-species state VMAX"
"arctovish",883,"NORMAL","V",883,"NORMAL","VSTAR","SPECIAL_CHAIN","House rule: V can continue into same-species state VSTAR"
"arctozolt",881,"NORMAL","NORMAL",881,"NORMAL","EX","SPECIAL_BRANCH","House rule: NORMAL can branch into same-species special state EX"
"arctozolt",881,"NORMAL","NORMAL",881,"NORMAL","GX","SPECIAL_BRANCH","House rule: NORMAL can branch into same-species special state GX"
"arctozolt",881,"NORMAL","NORMAL",881,"NORMAL","V","SPECIAL_BRANCH","House rule: NORMAL can branch into same-species special state V"
"arctozolt",881,"NORMAL","NORMAL",881,"NORMAL","MEGA","SPECIAL_BRANCH","House rule: NORMAL can branch into same-species special state MEGA"
"arctozolt",881,"NORMAL","V",881,"NORMAL","VMAX","SPECIAL_CHAIN","House rule: V can continue into same-species state VMAX"
"arctozolt",881,"NORMAL","V",881,"NORMAL","VSTAR","SPECIAL_CHAIN","House rule: V can continue into same-species state VSTAR"
"aron",304,"NORMAL","NORMAL",304,"NORMAL","EX","SPECIAL_BRANCH","House rule: NORMAL can branch into same-species special state EX"
"aron",304,"NORMAL","NORMAL",304,"NORMAL","GX","SPECIAL_BRANCH","House rule: NORMAL can branch into same-species special state GX"
"aron",304,"NORMAL","NORMAL",304,"NORMAL","V","SPECIAL_BRANCH","House rule: NORMAL can branch into same-species special state V"
"aron",304,"NORMAL","NORMAL",304,"NORMAL","MEGA","SPECIAL_BRANCH","House rule: NORMAL can branch into same-species special state MEGA"
"aron",304,"NORMAL","NORMAL",305,"NORMAL","NORMAL","STANDARD","Standard evolution from species tree"
"aron",304,"NORMAL","V",304,"NORMAL","VMAX","SPECIAL_CHAIN","House rule: V can continue into same-species state VMAX"
"aron",304,"NORMAL","V",304,"NORMAL","VSTAR","SPECIAL_CHAIN","House rule: V can continue into same-species state VSTAR"
"aron",305,"NORMAL","NORMAL",305,"NORMAL","EX","SPECIAL_BRANCH","House rule: NORMAL can branch into same-species special state EX"
"aron",305,"NORMAL","NORMAL",305,"NORMAL","GX","SPECIAL_BRANCH","House rule: NORMAL can branch into same-species special state GX"
"aron",305,"NORMAL","NORMAL",305,"NORMAL","V","SPECIAL_BRANCH","House rule: NORMAL can branch into same-species special state V"
"aron",305,"NORMAL","NORMAL",305,"NORMAL","MEGA","SPECIAL_BRANCH","House rule: NORMAL can branch into same-species special state MEGA"
"aron",305,"NORMAL","NORMAL",306,"NORMAL","NORMAL","STANDARD","Standard evolution from species tree"
"aron",305,"NORMAL","V",305,"NORMAL","VMAX","SPECIAL_CHAIN","House rule: V can continue into same-species state VMAX"
"aron",305,"NORMAL","V",305,"NORMAL","VSTAR","SPECIAL_CHAIN","House rule: V can continue into same-species state VSTAR"
"aron",306,"NORMAL","NORMAL",306,"NORMAL","EX","SPECIAL_BRANCH","House rule: NORMAL can branch into same-species special state EX"
"aron",306,"NORMAL","NORMAL",306,"NORMAL","GX","SPECIAL_BRANCH","House rule: NORMAL can branch into same-species special state GX"
"aron",306,"NORMAL","NORMAL",306,"NORMAL","V","SPECIAL_BRANCH","House rule: NORMAL can branch into same-species special state V"
"aron",306,"NORMAL","NORMAL",306,"NORMAL","MEGA","SPECIAL_BRANCH","House rule: NORMAL can branch into same-species special state MEGA"
"aron",306,"NORMAL","V",306,"NORMAL","VMAX","SPECIAL_CHAIN","House rule: V can continue into same-species state VMAX"
"aron",306,"NORMAL","V",306,"NORMAL","VSTAR","SPECIAL_CHAIN","House rule: V can continue into same-species state VSTAR"
"arrokuda",846,"NORMAL","NORMAL",846,"NORMAL","EX","SPECIAL_BRANCH","House rule: NORMAL can branch into same-species special state EX"
"arrokuda",846,"NORMAL","NORMAL",846,"NORMAL","GX","SPECIAL_BRANCH","House rule: NORMAL can branch into same-species special state GX"
"arrokuda",846,"NORMAL","NORMAL",846,"NORMAL","V","SPECIAL_BRANCH","House rule: NORMAL can branch into same-species special state V"
"arrokuda",846,"NORMAL","NORMAL",846,"NORMAL","MEGA","SPECIAL_BRANCH","House rule: NORMAL can branch into same-species special state MEGA"
"arrokuda",846,"NORMAL","NORMAL",847,"NORMAL","NORMAL","STANDARD","Standard evolution from species tree"
"arrokuda",846,"NORMAL","V",846,"NORMAL","VMAX","SPECIAL_CHAIN","House rule: V can continue into same-species state VMAX"
"arrokuda",846,"NORMAL","V",846,"NORMAL","VSTAR","SPECIAL_CHAIN","House rule: V can continue into same-species state VSTAR"
"arrokuda",847,"NORMAL","NORMAL",847,"NORMAL","EX","SPECIAL_BRANCH","House rule: NORMAL can branch into same-species special state EX"
"arrokuda",847,"NORMAL","NORMAL",847,"NORMAL","GX","SPECIAL_BRANCH","House rule: NORMAL can branch into same-species special state GX"
"arrokuda",847,"NORMAL","NORMAL",847,"NORMAL","V","SPECIAL_BRANCH","House rule: NORMAL can branch into same-species special state V"
"arrokuda",847,"NORMAL","NORMAL",847,"NORMAL","MEGA","SPECIAL_BRANCH","House rule: NORMAL can branch into same-species special state MEGA"
"arrokuda",847,"NORMAL","V",847,"NORMAL","VMAX","SPECIAL_CHAIN","House rule: V can continue into same-species state VMAX"
"arrokuda",847,"NORMAL","V",847,"NORMAL","VSTAR","SPECIAL_CHAIN","House rule: V can continue into same-species state VSTAR"
"articuno",144,"NORMAL","NORMAL",144,"NORMAL","EX","SPECIAL_BRANCH","House rule: NORMAL can branch into same-species special state EX"
"articuno",144,"NORMAL","NORMAL",144,"NORMAL","GX","SPECIAL_BRANCH","House rule: NORMAL can branch into same-species special state GX"
"articuno",144,"NORMAL","NORMAL",144,"NORMAL","V","SPECIAL_BRANCH","House rule: NORMAL can branch into same-species special state V"
"articuno",144,"NORMAL","NORMAL",144,"NORMAL","MEGA","SPECIAL_BRANCH","House rule: NORMAL can branch into same-species special state MEGA"
"articuno",144,"NORMAL","V",144,"NORMAL","VMAX","SPECIAL_CHAIN","House rule: V can continue into same-species state VMAX"
"articuno",144,"NORMAL","V",144,"NORMAL","VSTAR","SPECIAL_CHAIN","House rule: V can continue into same-species state VSTAR"
"audino",531,"NORMAL","NORMAL",531,"NORMAL","EX","SPECIAL_BRANCH","House rule: NORMAL can branch into same-species special state EX"
"audino",531,"NORMAL","NORMAL",531,"NORMAL","GX","SPECIAL_BRANCH","House rule: NORMAL can branch into same-species special state GX"
"audino",531,"NORMAL","NORMAL",531,"NORMAL","V","SPECIAL_BRANCH","House rule: NORMAL can branch into same-species special state V"
"audino",531,"NORMAL","NORMAL",531,"NORMAL","MEGA","SPECIAL_BRANCH","House rule: NORMAL can branch into same-species special state MEGA"
"audino",531,"NORMAL","V",531,"NORMAL","VMAX","SPECIAL_CHAIN","House rule: V can continue into same-species state VMAX"
"audino",531,"NORMAL","V",531,"NORMAL","VSTAR","SPECIAL_CHAIN","House rule: V can continue into same-species state VSTAR"
"axew",610,"NORMAL","NORMAL",610,"NORMAL","EX","SPECIAL_BRANCH","House rule: NORMAL can branch into same-species special state EX"
"axew",610,"NORMAL","NORMAL",610,"NORMAL","GX","SPECIAL_BRANCH","House rule: NORMAL can branch into same-species special state GX"
"axew",610,"NORMAL","NORMAL",610,"NORMAL","V","SPECIAL_BRANCH","House rule: NORMAL can branch into same-species special state V"
"axew",610,"NORMAL","NORMAL",610,"NORMAL","MEGA","SPECIAL_BRANCH","House rule: NORMAL can branch into same-species special state MEGA"
"axew",610,"NORMAL","NORMAL",611,"NORMAL","NORMAL","STANDARD","Standard evolution from species tree"
"axew",610,"NORMAL","V",610,"NORMAL","VMAX","SPECIAL_CHAIN","House rule: V can continue into same-species state VMAX"
"axew",610,"NORMAL","V",610,"NORMAL","VSTAR","SPECIAL_CHAIN","House rule: V can continue into same-species state VSTAR"
"axew",611,"NORMAL","NORMAL",611,"NORMAL","EX","SPECIAL_BRANCH","House rule: NORMAL can branch into same-species special state EX"
"axew",611,"NORMAL","NORMAL",611,"NORMAL","GX","SPECIAL_BRANCH","House rule: NORMAL can branch into same-species special state GX"
"axew",611,"NORMAL","NORMAL",611,"NORMAL","V","SPECIAL_BRANCH","House rule: NORMAL can branch into same-species special state V"
"axew",611,"NORMAL","NORMAL",611,"NORMAL","MEGA","SPECIAL_BRANCH","House rule: NORMAL can branch into same-species special state MEGA"
"axew",611,"NORMAL","NORMAL",612,"NORMAL","NORMAL","STANDARD","Standard evolution from species tree"
"axew",611,"NORMAL","V",611,"NORMAL","VMAX","SPECIAL_CHAIN","House rule: V can continue into same-species state VMAX"
"axew",611,"NORMAL","V",611,"NORMAL","VSTAR","SPECIAL_CHAIN","House rule: V can continue into same-species state VSTAR"
"axew",612,"NORMAL","NORMAL",612,"NORMAL","EX","SPECIAL_BRANCH","House rule: NORMAL can branch into same-species special state EX"
"axew",612,"NORMAL","NORMAL",612,"NORMAL","GX","SPECIAL_BRANCH","House rule: NORMAL can branch into same-species special state GX"
"axew",612,"NORMAL","NORMAL",612,"NORMAL","V","SPECIAL_BRANCH","House rule: NORMAL can branch into same-species special state V"
"axew",612,"NORMAL","NORMAL",612,"NORMAL","MEGA","SPECIAL_BRANCH","House rule: NORMAL can branch into same-species special state MEGA"
"axew",612,"NORMAL","V",612,"NORMAL","VMAX","SPECIAL_CHAIN","House rule: V can continue into same-species state VMAX"
"axew",612,"NORMAL","V",612,"NORMAL","VSTAR","SPECIAL_CHAIN","House rule: V can continue into same-species state VSTAR"
"azelf",482,"NORMAL","NORMAL",482,"NORMAL","EX","SPECIAL_BRANCH","House rule: NORMAL can branch into same-species special state EX"
"azelf",482,"NORMAL","NORMAL",482,"NORMAL","GX","SPECIAL_BRANCH","House rule: NORMAL can branch into same-species special state GX"
"azelf",482,"NORMAL","NORMAL",482,"NORMAL","V","SPECIAL_BRANCH","House rule: NORMAL can branch into same-species special state V"
"azelf",482,"NORMAL","NORMAL",482,"NORMAL","MEGA","SPECIAL_BRANCH","House rule: NORMAL can branch into same-species special state MEGA"
"azelf",482,"NORMAL","V",482,"NORMAL","VMAX","SPECIAL_CHAIN","House rule: V can continue into same-species state VMAX"
"azelf",482,"NORMAL","V",482,"NORMAL","VSTAR","SPECIAL_CHAIN","House rule: V can continue into same-species state VSTAR"
"azurill",183,"NORMAL","NORMAL",183,"NORMAL","EX","SPECIAL_BRANCH","House rule: NORMAL can branch into same-species special state EX"
"azurill",183,"NORMAL","NORMAL",183,"NORMAL","GX","SPECIAL_BRANCH","House rule: NORMAL can branch into same-species special state GX"
"azurill",183,"NORMAL","NORMAL",183,"NORMAL","V","SPECIAL_BRANCH","House rule: NORMAL can branch into same-species special state V"
"azurill",183,"NORMAL","NORMAL",183,"NORMAL","MEGA","SPECIAL_BRANCH","House rule: NORMAL can branch into same-species special state MEGA"
"azurill",183,"NORMAL","NORMAL",184,"NORMAL","NORMAL","STANDARD","Standard evolution from species tree"
"azurill",183,"NORMAL","V",183,"NORMAL","VMAX","SPECIAL_CHAIN","House rule: V can continue into same-species state VMAX"
"azurill",183,"NORMAL","V",183,"NORMAL","VSTAR","SPECIAL_CHAIN","House rule: V can continue into same-species state VSTAR"
"azurill",184,"NORMAL","NORMAL",184,"NORMAL","EX","SPECIAL_BRANCH","House rule: NORMAL can branch into same-species special state EX"
"azurill",184,"NORMAL","NORMAL",184,"NORMAL","GX","SPECIAL_BRANCH","House rule: NORMAL can branch into same-species special state GX"
"azurill",184,"NORMAL","NORMAL",184,"NORMAL","V","SPECIAL_BRANCH","House rule: NORMAL can branch into same-species special state V"
"azurill",184,"NORMAL","NORMAL",184,"NORMAL","MEGA","SPECIAL_BRANCH","House rule: NORMAL can branch into same-species special state MEGA"
"azurill",184,"NORMAL","V",184,"NORMAL","VMAX","SPECIAL_CHAIN","House rule: V can continue into same-species state VMAX"
"azurill",184,"NORMAL","V",184,"NORMAL","VSTAR","SPECIAL_CHAIN","House rule: V can continue into same-species state VSTAR"
"azurill",298,"NORMAL","NORMAL",183,"NORMAL","NORMAL","STANDARD","Standard evolution from species tree"
"bagon",371,"NORMAL","NORMAL",371,"NORMAL","EX","SPECIAL_BRANCH","House rule: NORMAL can branch into same-species special state EX"
"bagon",371,"NORMAL","NORMAL",371,"NORMAL","GX","SPECIAL_BRANCH","House rule: NORMAL can branch into same-species special state GX"
"bagon",371,"NORMAL","NORMAL",371,"NORMAL","V","SPECIAL_BRANCH","House rule: NORMAL can branch into same-species special state V"
"bagon",371,"NORMAL","NORMAL",371,"NORMAL","MEGA","SPECIAL_BRANCH","House rule: NORMAL can branch into same-species special state MEGA"
"bagon",371,"NORMAL","NORMAL",372,"NORMAL","NORMAL","STANDARD","Standard evolution from species tree"
"bagon",371,"NORMAL","V",371,"NORMAL","VMAX","SPECIAL_CHAIN","House rule: V can continue into same-species state VMAX"
"bagon",371,"NORMAL","V",371,"NORMAL","VSTAR","SPECIAL_CHAIN","House rule: V can continue into same-species state VSTAR"
"bagon",372,"NORMAL","NORMAL",372,"NORMAL","EX","SPECIAL_BRANCH","House rule: NORMAL can branch into same-species special state EX"
"bagon",372,"NORMAL","NORMAL",372,"NORMAL","GX","SPECIAL_BRANCH","House rule: NORMAL can branch into same-species special state GX"
"bagon",372,"NORMAL","NORMAL",372,"NORMAL","V","SPECIAL_BRANCH","House rule: NORMAL can branch into same-species special state V"
"bagon",372,"NORMAL","NORMAL",372,"NORMAL","MEGA","SPECIAL_BRANCH","House rule: NORMAL can branch into same-species special state MEGA"
"bagon",372,"NORMAL","NORMAL",373,"NORMAL","NORMAL","STANDARD","Standard evolution from species tree"
"bagon",372,"NORMAL","V",372,"NORMAL","VMAX","SPECIAL_CHAIN","House rule: V can continue into same-species state VMAX"
"bagon",372,"NORMAL","V",372,"NORMAL","VSTAR","SPECIAL_CHAIN","House rule: V can continue into same-species state VSTAR"
"bagon",373,"NORMAL","NORMAL",373,"NORMAL","EX","SPECIAL_BRANCH","House rule: NORMAL can branch into same-species special state EX"
"bagon",373,"NORMAL","NORMAL",373,"NORMAL","GX","SPECIAL_BRANCH","House rule: NORMAL can branch into same-species special state GX"
"bagon",373,"NORMAL","NORMAL",373,"NORMAL","V","SPECIAL_BRANCH","House rule: NORMAL can branch into same-species special state V"
"bagon",373,"NORMAL","NORMAL",373,"NORMAL","MEGA","SPECIAL_BRANCH","House rule: NORMAL can branch into same-species special state MEGA"
"bagon",373,"NORMAL","V",373,"NORMAL","VMAX","SPECIAL_CHAIN","House rule: V can continue into same-species state VMAX"
"bagon",373,"NORMAL","V",373,"NORMAL","VSTAR","SPECIAL_CHAIN","House rule: V can continue into same-species state VSTAR"
"baltoy",343,"NORMAL","NORMAL",343,"NORMAL","EX","SPECIAL_BRANCH","House rule: NORMAL can branch into same-species special state EX"
"baltoy",343,"NORMAL","NORMAL",343,"NORMAL","GX","SPECIAL_BRANCH","House rule: NORMAL can branch into same-species special state GX"
"baltoy",343,"NORMAL","NORMAL",343,"NORMAL","V","SPECIAL_BRANCH","House rule: NORMAL can branch into same-species special state V"
"baltoy",343,"NORMAL","NORMAL",343,"NORMAL","MEGA","SPECIAL_BRANCH","House rule: NORMAL can branch into same-species special state MEGA"
"baltoy",343,"NORMAL","NORMAL",344,"NORMAL","NORMAL","STANDARD","Standard evolution from species tree"
"baltoy",343,"NORMAL","V",343,"NORMAL","VMAX","SPECIAL_CHAIN","House rule: V can continue into same-species state VMAX"
"baltoy",343,"NORMAL","V",343,"NORMAL","VSTAR","SPECIAL_CHAIN","House rule: V can continue into same-species state VSTAR"
"baltoy",344,"NORMAL","NORMAL",344,"NORMAL","EX","SPECIAL_BRANCH","House rule: NORMAL can branch into same-species special state EX"
"baltoy",344,"NORMAL","NORMAL",344,"NORMAL","GX","SPECIAL_BRANCH","House rule: NORMAL can branch into same-species special state GX"
"baltoy",344,"NORMAL","NORMAL",344,"NORMAL","V","SPECIAL_BRANCH","House rule: NORMAL can branch into same-species special state V"
"baltoy",344,"NORMAL","NORMAL",344,"NORMAL","MEGA","SPECIAL_BRANCH","House rule: NORMAL can branch into same-species special state MEGA"
"baltoy",344,"NORMAL","V",344,"NORMAL","VMAX","SPECIAL_CHAIN","House rule: V can continue into same-species state VMAX"
"baltoy",344,"NORMAL","V",344,"NORMAL","VSTAR","SPECIAL_CHAIN","House rule: V can continue into same-species state VSTAR"
"barboach",339,"NORMAL","NORMAL",339,"NORMAL","EX","SPECIAL_BRANCH","House rule: NORMAL can branch into same-species special state EX"
"barboach",339,"NORMAL","NORMAL",339,"NORMAL","GX","SPECIAL_BRANCH","House rule: NORMAL can branch into same-species special state GX"
"barboach",339,"NORMAL","NORMAL",339,"NORMAL","V","SPECIAL_BRANCH","House rule: NORMAL can branch into same-species special state V"
"barboach",339,"NORMAL","NORMAL",339,"NORMAL","MEGA","SPECIAL_BRANCH","House rule: NORMAL can branch into same-species special state MEGA"
"barboach",339,"NORMAL","NORMAL",340,"NORMAL","NORMAL","STANDARD","Standard evolution from species tree"
"barboach",339,"NORMAL","V",339,"NORMAL","VMAX","SPECIAL_CHAIN","House rule: V can continue into same-species state VMAX"
"barboach",339,"NORMAL","V",339,"NORMAL","VSTAR","SPECIAL_CHAIN","House rule: V can continue into same-species state VSTAR"
"barboach",340,"NORMAL","NORMAL",340,"NORMAL","EX","SPECIAL_BRANCH","House rule: NORMAL can branch into same-species special state EX"
"barboach",340,"NORMAL","NORMAL",340,"NORMAL","GX","SPECIAL_BRANCH","House rule: NORMAL can branch into same-species special state GX"
"barboach",340,"NORMAL","NORMAL",340,"NORMAL","V","SPECIAL_BRANCH","House rule: NORMAL can branch into same-species special state V"
"barboach",340,"NORMAL","NORMAL",340,"NORMAL","MEGA","SPECIAL_BRANCH","House rule: NORMAL can branch into same-species special state MEGA"
"barboach",340,"NORMAL","V",340,"NORMAL","VMAX","SPECIAL_CHAIN","House rule: V can continue into same-species state VMAX"
"barboach",340,"NORMAL","V",340,"NORMAL","VSTAR","SPECIAL_CHAIN","House rule: V can continue into same-species state VSTAR"
"basculin",550,"NORMAL","NORMAL",550,"NORMAL","EX","SPECIAL_BRANCH","House rule: NORMAL can branch into same-species special state EX"
"basculin",550,"NORMAL","NORMAL",550,"NORMAL","GX","SPECIAL_BRANCH","House rule: NORMAL can branch into same-species special state GX"
"basculin",550,"NORMAL","NORMAL",550,"NORMAL","V","SPECIAL_BRANCH","House rule: NORMAL can branch into same-species special state V"
"basculin",550,"NORMAL","NORMAL",550,"NORMAL","MEGA","SPECIAL_BRANCH","House rule: NORMAL can branch into same-species special state MEGA"
"basculin",550,"NORMAL","NORMAL",902,"NORMAL","NORMAL","STANDARD","Standard evolution from species tree"
"basculin",550,"NORMAL","V",550,"NORMAL","VMAX","SPECIAL_CHAIN","House rule: V can continue into same-species state VMAX"
"basculin",550,"NORMAL","V",550,"NORMAL","VSTAR","SPECIAL_CHAIN","House rule: V can continue into same-species state VSTAR"
"basculin",902,"NORMAL","NORMAL",902,"NORMAL","EX","SPECIAL_BRANCH","House rule: NORMAL can branch into same-species special state EX"
"basculin",902,"NORMAL","NORMAL",902,"NORMAL","GX","SPECIAL_BRANCH","House rule: NORMAL can branch into same-species special state GX"
"basculin",902,"NORMAL","NORMAL",902,"NORMAL","V","SPECIAL_BRANCH","House rule: NORMAL can branch into same-species special state V"
"basculin",902,"NORMAL","NORMAL",902,"NORMAL","MEGA","SPECIAL_BRANCH","House rule: NORMAL can branch into same-species special state MEGA"
"basculin",902,"NORMAL","V",902,"NORMAL","VMAX","SPECIAL_CHAIN","House rule: V can continue into same-species state VMAX"
"basculin",902,"NORMAL","V",902,"NORMAL","VSTAR","SPECIAL_CHAIN","House rule: V can continue into same-species state VSTAR"
"beldum",374,"NORMAL","NORMAL",374,"NORMAL","EX","SPECIAL_BRANCH","House rule: NORMAL can branch into same-species special state EX"
"beldum",374,"NORMAL","NORMAL",374,"NORMAL","GX","SPECIAL_BRANCH","House rule: NORMAL can branch into same-species special state GX"
"beldum",374,"NORMAL","NORMAL",374,"NORMAL","V","SPECIAL_BRANCH","House rule: NORMAL can branch into same-species special state V"
"beldum",374,"NORMAL","NORMAL",374,"NORMAL","MEGA","SPECIAL_BRANCH","House rule: NORMAL can branch into same-species special state MEGA"
"beldum",374,"NORMAL","NORMAL",375,"NORMAL","NORMAL","STANDARD","Standard evolution from species tree"
"beldum",374,"NORMAL","V",374,"NORMAL","VMAX","SPECIAL_CHAIN","House rule: V can continue into same-species state VMAX"
"beldum",374,"NORMAL","V",374,"NORMAL","VSTAR","SPECIAL_CHAIN","House rule: V can continue into same-species state VSTAR"
"beldum",375,"NORMAL","NORMAL",375,"NORMAL","EX","SPECIAL_BRANCH","House rule: NORMAL can branch into same-species special state EX"
"beldum",375,"NORMAL","NORMAL",375,"NORMAL","GX","SPECIAL_BRANCH","House rule: NORMAL can branch into same-species special state GX"
"beldum",375,"NORMAL","NORMAL",375,"NORMAL","V","SPECIAL_BRANCH","House rule: NORMAL can branch into same-species special state V"
"beldum",375,"NORMAL","NORMAL",375,"NORMAL","MEGA","SPECIAL_BRANCH","House rule: NORMAL can branch into same-species special state MEGA"
"beldum",375,"NORMAL","NORMAL",376,"NORMAL","NORMAL","STANDARD","Standard evolution from species tree"
"beldum",375,"NORMAL","V",375,"NORMAL","VMAX","SPECIAL_CHAIN","House rule: V can continue into same-species state VMAX"
"beldum",375,"NORMAL","V",375,"NORMAL","VSTAR","SPECIAL_CHAIN","House rule: V can continue into same-species state VSTAR"
"beldum",376,"NORMAL","NORMAL",376,"NORMAL","EX","SPECIAL_BRANCH","House rule: NORMAL can branch into same-species special state EX"
"beldum",376,"NORMAL","NORMAL",376,"NORMAL","GX","SPECIAL_BRANCH","House rule: NORMAL can branch into same-species special state GX"
"beldum",376,"NORMAL","NORMAL",376,"NORMAL","V","SPECIAL_BRANCH","House rule: NORMAL can branch into same-species special state V"
"beldum",376,"NORMAL","NORMAL",376,"NORMAL","MEGA","SPECIAL_BRANCH","House rule: NORMAL can branch into same-species special state MEGA"
"beldum",376,"NORMAL","V",376,"NORMAL","VMAX","SPECIAL_CHAIN","House rule: V can continue into same-species state VMAX"
"beldum",376,"NORMAL","V",376,"NORMAL","VSTAR","SPECIAL_CHAIN","House rule: V can continue into same-species state VSTAR"
"bellsprout",69,"NORMAL","NORMAL",69,"NORMAL","EX","SPECIAL_BRANCH","House rule: NORMAL can branch into same-species special state EX"
"bellsprout",69,"NORMAL","NORMAL",69,"NORMAL","GX","SPECIAL_BRANCH","House rule: NORMAL can branch into same-species special state GX"
"bellsprout",69,"NORMAL","NORMAL",69,"NORMAL","V","SPECIAL_BRANCH","House rule: NORMAL can branch into same-species special state V"
"bellsprout",69,"NORMAL","NORMAL",69,"NORMAL","MEGA","SPECIAL_BRANCH","House rule: NORMAL can branch into same-species special state MEGA"
"bellsprout",69,"NORMAL","NORMAL",70,"NORMAL","NORMAL","STANDARD","Standard evolution from species tree"
"bellsprout",69,"NORMAL","V",69,"NORMAL","VMAX","SPECIAL_CHAIN","House rule: V can continue into same-species state VMAX"
"bellsprout",69,"NORMAL","V",69,"NORMAL","VSTAR","SPECIAL_CHAIN","House rule: V can continue into same-species state VSTAR"
"bellsprout",70,"NORMAL","NORMAL",70,"NORMAL","EX","SPECIAL_BRANCH","House rule: NORMAL can branch into same-species special state EX"
"bellsprout",70,"NORMAL","NORMAL",70,"NORMAL","GX","SPECIAL_BRANCH","House rule: NORMAL can branch into same-species special state GX"
"bellsprout",70,"NORMAL","NORMAL",70,"NORMAL","V","SPECIAL_BRANCH","House rule: NORMAL can branch into same-species special state V"
"bellsprout",70,"NORMAL","NORMAL",70,"NORMAL","MEGA","SPECIAL_BRANCH","House rule: NORMAL can branch into same-species special state MEGA"
"bellsprout",70,"NORMAL","NORMAL",71,"NORMAL","NORMAL","STANDARD","Standard evolution from species tree"
"bellsprout",70,"NORMAL","V",70,"NORMAL","VMAX","SPECIAL_CHAIN","House rule: V can continue into same-species state VMAX"
"bellsprout",70,"NORMAL","V",70,"NORMAL","VSTAR","SPECIAL_CHAIN","House rule: V can continue into same-species state VSTAR"
"bellsprout",71,"NORMAL","NORMAL",71,"NORMAL","EX","SPECIAL_BRANCH","House rule: NORMAL can branch into same-species special state EX"
"bellsprout",71,"NORMAL","NORMAL",71,"NORMAL","GX","SPECIAL_BRANCH","House rule: NORMAL can branch into same-species special state GX"
"bellsprout",71,"NORMAL","NORMAL",71,"NORMAL","V","SPECIAL_BRANCH","House rule: NORMAL can branch into same-species special state V"
"bellsprout",71,"NORMAL","NORMAL",71,"NORMAL","MEGA","SPECIAL_BRANCH","House rule: NORMAL can branch into same-species special state MEGA"
"bellsprout",71,"NORMAL","V",71,"NORMAL","VMAX","SPECIAL_CHAIN","House rule: V can continue into same-species state VMAX"
"bellsprout",71,"NORMAL","V",71,"NORMAL","VSTAR","SPECIAL_CHAIN","House rule: V can continue into same-species state VSTAR"
"bergmite",712,"NORMAL","NORMAL",712,"NORMAL","EX","SPECIAL_BRANCH","House rule: NORMAL can branch into same-species special state EX"
"bergmite",712,"NORMAL","NORMAL",712,"NORMAL","GX","SPECIAL_BRANCH","House rule: NORMAL can branch into same-species special state GX"
"bergmite",712,"NORMAL","NORMAL",712,"NORMAL","V","SPECIAL_BRANCH","House rule: NORMAL can branch into same-species special state V"
"bergmite",712,"NORMAL","NORMAL",712,"NORMAL","MEGA","SPECIAL_BRANCH","House rule: NORMAL can branch into same-species special state MEGA"
"bergmite",712,"NORMAL","NORMAL",713,"NORMAL","NORMAL","STANDARD","Standard evolution from species tree"
"bergmite",712,"NORMAL","V",712,"NORMAL","VMAX","SPECIAL_CHAIN","House rule: V can continue into same-species state VMAX"
"bergmite",712,"NORMAL","V",712,"NORMAL","VSTAR","SPECIAL_CHAIN","House rule: V can continue into same-species state VSTAR"
"bergmite",713,"NORMAL","NORMAL",713,"NORMAL","EX","SPECIAL_BRANCH","House rule: NORMAL can branch into same-species special state EX"
"bergmite",713,"NORMAL","NORMAL",713,"NORMAL","GX","SPECIAL_BRANCH","House rule: NORMAL can branch into same-species special state GX"
"bergmite",713,"NORMAL","NORMAL",713,"NORMAL","V","SPECIAL_BRANCH","House rule: NORMAL can branch into same-species special state V"
"bergmite",713,"NORMAL","NORMAL",713,"NORMAL","MEGA","SPECIAL_BRANCH","House rule: NORMAL can branch into same-species special state MEGA"
"bergmite",713,"NORMAL","V",713,"NORMAL","VMAX","SPECIAL_CHAIN","House rule: V can continue into same-species state VMAX"
"bergmite",713,"NORMAL","V",713,"NORMAL","VSTAR","SPECIAL_CHAIN","House rule: V can continue into same-species state VSTAR"
"bidoof",399,"NORMAL","NORMAL",399,"NORMAL","EX","SPECIAL_BRANCH","House rule: NORMAL can branch into same-species special state EX"
"bidoof",399,"NORMAL","NORMAL",399,"NORMAL","GX","SPECIAL_BRANCH","House rule: NORMAL can branch into same-species special state GX"
"bidoof",399,"NORMAL","NORMAL",399,"NORMAL","V","SPECIAL_BRANCH","House rule: NORMAL can branch into same-species special state V"
"bidoof",399,"NORMAL","NORMAL",399,"NORMAL","MEGA","SPECIAL_BRANCH","House rule: NORMAL can branch into same-species special state MEGA"
"bidoof",399,"NORMAL","NORMAL",400,"NORMAL","NORMAL","STANDARD","Standard evolution from species tree"
"bidoof",399,"NORMAL","V",399,"NORMAL","VMAX","SPECIAL_CHAIN","House rule: V can continue into same-species state VMAX"
"bidoof",399,"NORMAL","V",399,"NORMAL","VSTAR","SPECIAL_CHAIN","House rule: V can continue into same-species state VSTAR"
"bidoof",400,"NORMAL","NORMAL",400,"NORMAL","EX","SPECIAL_BRANCH","House rule: NORMAL can branch into same-species special state EX"
"bidoof",400,"NORMAL","NORMAL",400,"NORMAL","GX","SPECIAL_BRANCH","House rule: NORMAL can branch into same-species special state GX"
"bidoof",400,"NORMAL","NORMAL",400,"NORMAL","V","SPECIAL_BRANCH","House rule: NORMAL can branch into same-species special state V"
"bidoof",400,"NORMAL","NORMAL",400,"NORMAL","MEGA","SPECIAL_BRANCH","House rule: NORMAL can branch into same-species special state MEGA"
"bidoof",400,"NORMAL","V",400,"NORMAL","VMAX","SPECIAL_CHAIN","House rule: V can continue into same-species state VMAX"
"bidoof",400,"NORMAL","V",400,"NORMAL","VSTAR","SPECIAL_CHAIN","House rule: V can continue into same-species state VSTAR"
"binacle",688,"NORMAL","NORMAL",688,"NORMAL","EX","SPECIAL_BRANCH","House rule: NORMAL can branch into same-species special state EX"
"binacle",688,"NORMAL","NORMAL",688,"NORMAL","GX","SPECIAL_BRANCH","House rule: NORMAL can branch into same-species special state GX"
"binacle",688,"NORMAL","NORMAL",688,"NORMAL","V","SPECIAL_BRANCH","House rule: NORMAL can branch into same-species special state V"
"binacle",688,"NORMAL","NORMAL",688,"NORMAL","MEGA","SPECIAL_BRANCH","House rule: NORMAL can branch into same-species special state MEGA"
"binacle",688,"NORMAL","NORMAL",689,"NORMAL","NORMAL","STANDARD","Standard evolution from species tree"
"binacle",688,"NORMAL","V",688,"NORMAL","VMAX","SPECIAL_CHAIN","House rule: V can continue into same-species state VMAX"
"binacle",688,"NORMAL","V",688,"NORMAL","VSTAR","SPECIAL_CHAIN","House rule: V can continue into same-species state VSTAR"
"binacle",689,"NORMAL","NORMAL",689,"NORMAL","EX","SPECIAL_BRANCH","House rule: NORMAL can branch into same-species special state EX"
"binacle",689,"NORMAL","NORMAL",689,"NORMAL","GX","SPECIAL_BRANCH","House rule: NORMAL can branch into same-species special state GX"
"binacle",689,"NORMAL","NORMAL",689,"NORMAL","V","SPECIAL_BRANCH","House rule: NORMAL can branch into same-species special state V"
"binacle",689,"NORMAL","NORMAL",689,"NORMAL","MEGA","SPECIAL_BRANCH","House rule: NORMAL can branch into same-species special state MEGA"
"binacle",689,"NORMAL","V",689,"NORMAL","VMAX","SPECIAL_CHAIN","House rule: V can continue into same-species state VMAX"
"binacle",689,"NORMAL","V",689,"NORMAL","VSTAR","SPECIAL_CHAIN","House rule: V can continue into same-species state VSTAR"
"blacephalon",806,"NORMAL","NORMAL",806,"NORMAL","EX","SPECIAL_BRANCH","House rule: NORMAL can branch into same-species special state EX"
"blacephalon",806,"NORMAL","NORMAL",806,"NORMAL","GX","SPECIAL_BRANCH","House rule: NORMAL can branch into same-species special state GX"
"blacephalon",806,"NORMAL","NORMAL",806,"NORMAL","V","SPECIAL_BRANCH","House rule: NORMAL can branch into same-species special state V"
"blacephalon",806,"NORMAL","NORMAL",806,"NORMAL","MEGA","SPECIAL_BRANCH","House rule: NORMAL can branch into same-species special state MEGA"
"blacephalon",806,"NORMAL","V",806,"NORMAL","VMAX","SPECIAL_CHAIN","House rule: V can continue into same-species state VMAX"
"blacephalon",806,"NORMAL","V",806,"NORMAL","VSTAR","SPECIAL_CHAIN","House rule: V can continue into same-species state VSTAR"
"blipbug",824,"NORMAL","NORMAL",824,"NORMAL","EX","SPECIAL_BRANCH","House rule: NORMAL can branch into same-species special state EX"
"blipbug",824,"NORMAL","NORMAL",824,"NORMAL","GX","SPECIAL_BRANCH","House rule: NORMAL can branch into same-species special state GX"
"blipbug",824,"NORMAL","NORMAL",824,"NORMAL","V","SPECIAL_BRANCH","House rule: NORMAL can branch into same-species special state V"
"blipbug",824,"NORMAL","NORMAL",824,"NORMAL","MEGA","SPECIAL_BRANCH","House rule: NORMAL can branch into same-species special state MEGA"
"blipbug",824,"NORMAL","NORMAL",825,"NORMAL","NORMAL","STANDARD","Standard evolution from species tree"
"blipbug",824,"NORMAL","V",824,"NORMAL","VMAX","SPECIAL_CHAIN","House rule: V can continue into same-species state VMAX"
"blipbug",824,"NORMAL","V",824,"NORMAL","VSTAR","SPECIAL_CHAIN","House rule: V can continue into same-species state VSTAR"
"blipbug",825,"NORMAL","NORMAL",825,"NORMAL","EX","SPECIAL_BRANCH","House rule: NORMAL can branch into same-species special state EX"
"blipbug",825,"NORMAL","NORMAL",825,"NORMAL","GX","SPECIAL_BRANCH","House rule: NORMAL can branch into same-species special state GX"
"blipbug",825,"NORMAL","NORMAL",825,"NORMAL","V","SPECIAL_BRANCH","House rule: NORMAL can branch into same-species special state V"
"blipbug",825,"NORMAL","NORMAL",825,"NORMAL","MEGA","SPECIAL_BRANCH","House rule: NORMAL can branch into same-species special state MEGA"
"blipbug",825,"NORMAL","NORMAL",826,"NORMAL","NORMAL","STANDARD","Standard evolution from species tree"
"blipbug",825,"NORMAL","V",825,"NORMAL","VMAX","SPECIAL_CHAIN","House rule: V can continue into same-species state VMAX"
"blipbug",825,"NORMAL","V",825,"NORMAL","VSTAR","SPECIAL_CHAIN","House rule: V can continue into same-species state VSTAR"
"blipbug",826,"NORMAL","NORMAL",826,"NORMAL","EX","SPECIAL_BRANCH","House rule: NORMAL can branch into same-species special state EX"
"blipbug",826,"NORMAL","NORMAL",826,"NORMAL","GX","SPECIAL_BRANCH","House rule: NORMAL can branch into same-species special state GX"
"blipbug",826,"NORMAL","NORMAL",826,"NORMAL","V","SPECIAL_BRANCH","House rule: NORMAL can branch into same-species special state V"
"blipbug",826,"NORMAL","NORMAL",826,"NORMAL","MEGA","SPECIAL_BRANCH","House rule: NORMAL can branch into same-species special state MEGA"
"blipbug",826,"NORMAL","V",826,"NORMAL","VMAX","SPECIAL_CHAIN","House rule: V can continue into same-species state VMAX"
"blipbug",826,"NORMAL","V",826,"NORMAL","VSTAR","SPECIAL_CHAIN","House rule: V can continue into same-species state VSTAR"
"blitzle",522,"NORMAL","NORMAL",522,"NORMAL","EX","SPECIAL_BRANCH","House rule: NORMAL can branch into same-species special state EX"
"blitzle",522,"NORMAL","NORMAL",522,"NORMAL","GX","SPECIAL_BRANCH","House rule: NORMAL can branch into same-species special state GX"
"blitzle",522,"NORMAL","NORMAL",522,"NORMAL","V","SPECIAL_BRANCH","House rule: NORMAL can branch into same-species special state V"
"blitzle",522,"NORMAL","NORMAL",522,"NORMAL","MEGA","SPECIAL_BRANCH","House rule: NORMAL can branch into same-species special state MEGA"
"blitzle",522,"NORMAL","NORMAL",523,"NORMAL","NORMAL","STANDARD","Standard evolution from species tree"
"blitzle",522,"NORMAL","V",522,"NORMAL","VMAX","SPECIAL_CHAIN","House rule: V can continue into same-species state VMAX"
"blitzle",522,"NORMAL","V",522,"NORMAL","VSTAR","SPECIAL_CHAIN","House rule: V can continue into same-species state VSTAR"
"blitzle",523,"NORMAL","NORMAL",523,"NORMAL","EX","SPECIAL_BRANCH","House rule: NORMAL can branch into same-species special state EX"
"blitzle",523,"NORMAL","NORMAL",523,"NORMAL","GX","SPECIAL_BRANCH","House rule: NORMAL can branch into same-species special state GX"
"blitzle",523,"NORMAL","NORMAL",523,"NORMAL","V","SPECIAL_BRANCH","House rule: NORMAL can branch into same-species special state V"
"blitzle",523,"NORMAL","NORMAL",523,"NORMAL","MEGA","SPECIAL_BRANCH","House rule: NORMAL can branch into same-species special state MEGA"
"blitzle",523,"NORMAL","V",523,"NORMAL","VMAX","SPECIAL_CHAIN","House rule: V can continue into same-species state VMAX"
"blitzle",523,"NORMAL","V",523,"NORMAL","VSTAR","SPECIAL_CHAIN","House rule: V can continue into same-species state VSTAR"
"bombirdier",962,"NORMAL","NORMAL",962,"NORMAL","EX","SPECIAL_BRANCH","House rule: NORMAL can branch into same-species special state EX"
"bombirdier",962,"NORMAL","NORMAL",962,"NORMAL","GX","SPECIAL_BRANCH","House rule: NORMAL can branch into same-species special state GX"
"bombirdier",962,"NORMAL","NORMAL",962,"NORMAL","V","SPECIAL_BRANCH","House rule: NORMAL can branch into same-species special state V"
"bombirdier",962,"NORMAL","NORMAL",962,"NORMAL","MEGA","SPECIAL_BRANCH","House rule: NORMAL can branch into same-species special state MEGA"
"bombirdier",962,"NORMAL","V",962,"NORMAL","VMAX","SPECIAL_CHAIN","House rule: V can continue into same-species state VMAX"
"bombirdier",962,"NORMAL","V",962,"NORMAL","VSTAR","SPECIAL_CHAIN","House rule: V can continue into same-species state VSTAR"
"bonsly",185,"NORMAL","NORMAL",185,"NORMAL","EX","SPECIAL_BRANCH","House rule: NORMAL can branch into same-species special state EX"
"bonsly",185,"NORMAL","NORMAL",185,"NORMAL","GX","SPECIAL_BRANCH","House rule: NORMAL can branch into same-species special state GX"
"bonsly",185,"NORMAL","NORMAL",185,"NORMAL","V","SPECIAL_BRANCH","House rule: NORMAL can branch into same-species special state V"
"bonsly",185,"NORMAL","NORMAL",185,"NORMAL","MEGA","SPECIAL_BRANCH","House rule: NORMAL can branch into same-species special state MEGA"
"bonsly",185,"NORMAL","V",185,"NORMAL","VMAX","SPECIAL_CHAIN","House rule: V can continue into same-species state VMAX"
"bonsly",185,"NORMAL","V",185,"NORMAL","VSTAR","SPECIAL_CHAIN","House rule: V can continue into same-species state VSTAR"
"bonsly",438,"NORMAL","NORMAL",185,"NORMAL","NORMAL","STANDARD","Standard evolution from species tree"
"bouffalant",626,"NORMAL","NORMAL",626,"NORMAL","EX","SPECIAL_BRANCH","House rule: NORMAL can branch into same-species special state EX"
"bouffalant",626,"NORMAL","NORMAL",626,"NORMAL","GX","SPECIAL_BRANCH","House rule: NORMAL can branch into same-species special state GX"
"bouffalant",626,"NORMAL","NORMAL",626,"NORMAL","V","SPECIAL_BRANCH","House rule: NORMAL can branch into same-species special state V"
"bouffalant",626,"NORMAL","NORMAL",626,"NORMAL","MEGA","SPECIAL_BRANCH","House rule: NORMAL can branch into same-species special state MEGA"
"bouffalant",626,"NORMAL","V",626,"NORMAL","VMAX","SPECIAL_CHAIN","House rule: V can continue into same-species state VMAX"
"bouffalant",626,"NORMAL","V",626,"NORMAL","VSTAR","SPECIAL_CHAIN","House rule: V can continue into same-species state VSTAR"
"bounsweet",761,"NORMAL","NORMAL",761,"NORMAL","EX","SPECIAL_BRANCH","House rule: NORMAL can branch into same-species special state EX"
"bounsweet",761,"NORMAL","NORMAL",761,"NORMAL","GX","SPECIAL_BRANCH","House rule: NORMAL can branch into same-species special state GX"
"bounsweet",761,"NORMAL","NORMAL",761,"NORMAL","V","SPECIAL_BRANCH","House rule: NORMAL can branch into same-species special state V"
"bounsweet",761,"NORMAL","NORMAL",761,"NORMAL","MEGA","SPECIAL_BRANCH","House rule: NORMAL can branch into same-species special state MEGA"
"bounsweet",761,"NORMAL","NORMAL",762,"NORMAL","NORMAL","STANDARD","Standard evolution from species tree"
"bounsweet",761,"NORMAL","V",761,"NORMAL","VMAX","SPECIAL_CHAIN","House rule: V can continue into same-species state VMAX"
"bounsweet",761,"NORMAL","V",761,"NORMAL","VSTAR","SPECIAL_CHAIN","House rule: V can continue into same-species state VSTAR"
"bounsweet",762,"NORMAL","NORMAL",762,"NORMAL","EX","SPECIAL_BRANCH","House rule: NORMAL can branch into same-species special state EX"
"bounsweet",762,"NORMAL","NORMAL",762,"NORMAL","GX","SPECIAL_BRANCH","House rule: NORMAL can branch into same-species special state GX"
"bounsweet",762,"NORMAL","NORMAL",762,"NORMAL","V","SPECIAL_BRANCH","House rule: NORMAL can branch into same-species special state V"
"bounsweet",762,"NORMAL","NORMAL",762,"NORMAL","MEGA","SPECIAL_BRANCH","House rule: NORMAL can branch into same-species special state MEGA"
"bounsweet",762,"NORMAL","NORMAL",763,"NORMAL","NORMAL","STANDARD","Standard evolution from species tree"
"bounsweet",762,"NORMAL","V",762,"NORMAL","VMAX","SPECIAL_CHAIN","House rule: V can continue into same-species state VMAX"
"bounsweet",762,"NORMAL","V",762,"NORMAL","VSTAR","SPECIAL_CHAIN","House rule: V can continue into same-species state VSTAR"
"bounsweet",763,"NORMAL","NORMAL",763,"NORMAL","EX","SPECIAL_BRANCH","House rule: NORMAL can branch into same-species special state EX"
"bounsweet",763,"NORMAL","NORMAL",763,"NORMAL","GX","SPECIAL_BRANCH","House rule: NORMAL can branch into same-species special state GX"
"bounsweet",763,"NORMAL","NORMAL",763,"NORMAL","V","SPECIAL_BRANCH","House rule: NORMAL can branch into same-species special state V"
"bounsweet",763,"NORMAL","NORMAL",763,"NORMAL","MEGA","SPECIAL_BRANCH","House rule: NORMAL can branch into same-species special state MEGA"
"bounsweet",763,"NORMAL","V",763,"NORMAL","VMAX","SPECIAL_CHAIN","House rule: V can continue into same-species state VMAX"
"bounsweet",763,"NORMAL","V",763,"NORMAL","VSTAR","SPECIAL_CHAIN","House rule: V can continue into same-species state VSTAR"
"bramblin",946,"NORMAL","NORMAL",946,"NORMAL","EX","SPECIAL_BRANCH","House rule: NORMAL can branch into same-species special state EX"
"bramblin",946,"NORMAL","NORMAL",946,"NORMAL","GX","SPECIAL_BRANCH","House rule: NORMAL can branch into same-species special state GX"
"bramblin",946,"NORMAL","NORMAL",946,"NORMAL","V","SPECIAL_BRANCH","House rule: NORMAL can branch into same-species special state V"
"bramblin",946,"NORMAL","NORMAL",946,"NORMAL","MEGA","SPECIAL_BRANCH","House rule: NORMAL can branch into same-species special state MEGA"
"bramblin",946,"NORMAL","NORMAL",947,"NORMAL","NORMAL","STANDARD","Standard evolution from species tree"
"bramblin",946,"NORMAL","V",946,"NORMAL","VMAX","SPECIAL_CHAIN","House rule: V can continue into same-species state VMAX"
"bramblin",946,"NORMAL","V",946,"NORMAL","VSTAR","SPECIAL_CHAIN","House rule: V can continue into same-species state VSTAR"
"bramblin",947,"NORMAL","NORMAL",947,"NORMAL","EX","SPECIAL_BRANCH","House rule: NORMAL can branch into same-species special state EX"
"bramblin",947,"NORMAL","NORMAL",947,"NORMAL","GX","SPECIAL_BRANCH","House rule: NORMAL can branch into same-species special state GX"
"bramblin",947,"NORMAL","NORMAL",947,"NORMAL","V","SPECIAL_BRANCH","House rule: NORMAL can branch into same-species special state V"
"bramblin",947,"NORMAL","NORMAL",947,"NORMAL","MEGA","SPECIAL_BRANCH","House rule: NORMAL can branch into same-species special state MEGA"
"bramblin",947,"NORMAL","V",947,"NORMAL","VMAX","SPECIAL_CHAIN","House rule: V can continue into same-species state VMAX"
"bramblin",947,"NORMAL","V",947,"NORMAL","VSTAR","SPECIAL_CHAIN","House rule: V can continue into same-species state VSTAR"
"bronzor",436,"NORMAL","NORMAL",436,"NORMAL","EX","SPECIAL_BRANCH","House rule: NORMAL can branch into same-species special state EX"
"bronzor",436,"NORMAL","NORMAL",436,"NORMAL","GX","SPECIAL_BRANCH","House rule: NORMAL can branch into same-species special state GX"
"bronzor",436,"NORMAL","NORMAL",436,"NORMAL","V","SPECIAL_BRANCH","House rule: NORMAL can branch into same-species special state V"
"bronzor",436,"NORMAL","NORMAL",436,"NORMAL","MEGA","SPECIAL_BRANCH","House rule: NORMAL can branch into same-species special state MEGA"
"bronzor",436,"NORMAL","NORMAL",437,"NORMAL","NORMAL","STANDARD","Standard evolution from species tree"
"bronzor",436,"NORMAL","V",436,"NORMAL","VMAX","SPECIAL_CHAIN","House rule: V can continue into same-species state VMAX"
"bronzor",436,"NORMAL","V",436,"NORMAL","VSTAR","SPECIAL_CHAIN","House rule: V can continue into same-species state VSTAR"
"bronzor",437,"NORMAL","NORMAL",437,"NORMAL","EX","SPECIAL_BRANCH","House rule: NORMAL can branch into same-species special state EX"
"bronzor",437,"NORMAL","NORMAL",437,"NORMAL","GX","SPECIAL_BRANCH","House rule: NORMAL can branch into same-species special state GX"
"bronzor",437,"NORMAL","NORMAL",437,"NORMAL","V","SPECIAL_BRANCH","House rule: NORMAL can branch into same-species special state V"
"bronzor",437,"NORMAL","NORMAL",437,"NORMAL","MEGA","SPECIAL_BRANCH","House rule: NORMAL can branch into same-species special state MEGA"
"bronzor",437,"NORMAL","V",437,"NORMAL","VMAX","SPECIAL_CHAIN","House rule: V can continue into same-species state VMAX"
"bronzor",437,"NORMAL","V",437,"NORMAL","VSTAR","SPECIAL_CHAIN","House rule: V can continue into same-species state VSTAR"
"brute-bonnet",986,"NORMAL","NORMAL",986,"NORMAL","EX","SPECIAL_BRANCH","House rule: NORMAL can branch into same-species special state EX"
"brute-bonnet",986,"NORMAL","NORMAL",986,"NORMAL","GX","SPECIAL_BRANCH","House rule: NORMAL can branch into same-species special state GX"
"brute-bonnet",986,"NORMAL","NORMAL",986,"NORMAL","V","SPECIAL_BRANCH","House rule: NORMAL can branch into same-species special state V"
"brute-bonnet",986,"NORMAL","NORMAL",986,"NORMAL","MEGA","SPECIAL_BRANCH","House rule: NORMAL can branch into same-species special state MEGA"
"brute-bonnet",986,"NORMAL","V",986,"NORMAL","VMAX","SPECIAL_CHAIN","House rule: V can continue into same-species state VMAX"
"brute-bonnet",986,"NORMAL","V",986,"NORMAL","VSTAR","SPECIAL_CHAIN","House rule: V can continue into same-species state VSTAR"
"bruxish",779,"NORMAL","NORMAL",779,"NORMAL","EX","SPECIAL_BRANCH","House rule: NORMAL can branch into same-species special state EX"
"bruxish",779,"NORMAL","NORMAL",779,"NORMAL","GX","SPECIAL_BRANCH","House rule: NORMAL can branch into same-species special state GX"
"bruxish",779,"NORMAL","NORMAL",779,"NORMAL","V","SPECIAL_BRANCH","House rule: NORMAL can branch into same-species special state V"
"bruxish",779,"NORMAL","NORMAL",779,"NORMAL","MEGA","SPECIAL_BRANCH","House rule: NORMAL can branch into same-species special state MEGA"
"bruxish",779,"NORMAL","V",779,"NORMAL","VMAX","SPECIAL_CHAIN","House rule: V can continue into same-species state VMAX"
"bruxish",779,"NORMAL","V",779,"NORMAL","VSTAR","SPECIAL_CHAIN","House rule: V can continue into same-species state VSTAR"
"budew",315,"NORMAL","NORMAL",315,"NORMAL","EX","SPECIAL_BRANCH","House rule: NORMAL can branch into same-species special state EX"
"budew",315,"NORMAL","NORMAL",315,"NORMAL","GX","SPECIAL_BRANCH","House rule: NORMAL can branch into same-species special state GX"
"budew",315,"NORMAL","NORMAL",315,"NORMAL","V","SPECIAL_BRANCH","House rule: NORMAL can branch into same-species special state V"
"budew",315,"NORMAL","NORMAL",315,"NORMAL","MEGA","SPECIAL_BRANCH","House rule: NORMAL can branch into same-species special state MEGA"
"budew",315,"NORMAL","NORMAL",407,"NORMAL","NORMAL","STANDARD","Standard evolution from species tree"
"budew",315,"NORMAL","V",315,"NORMAL","VMAX","SPECIAL_CHAIN","House rule: V can continue into same-species state VMAX"
"budew",315,"NORMAL","V",315,"NORMAL","VSTAR","SPECIAL_CHAIN","House rule: V can continue into same-species state VSTAR"
"budew",406,"NORMAL","NORMAL",315,"NORMAL","NORMAL","STANDARD","Standard evolution from species tree"
"budew",407,"NORMAL","NORMAL",407,"NORMAL","EX","SPECIAL_BRANCH","House rule: NORMAL can branch into same-species special state EX"
"budew",407,"NORMAL","NORMAL",407,"NORMAL","GX","SPECIAL_BRANCH","House rule: NORMAL can branch into same-species special state GX"
"budew",407,"NORMAL","NORMAL",407,"NORMAL","V","SPECIAL_BRANCH","House rule: NORMAL can branch into same-species special state V"
"budew",407,"NORMAL","NORMAL",407,"NORMAL","MEGA","SPECIAL_BRANCH","House rule: NORMAL can branch into same-species special state MEGA"
"budew",407,"NORMAL","V",407,"NORMAL","VMAX","SPECIAL_CHAIN","House rule: V can continue into same-species state VMAX"
"budew",407,"NORMAL","V",407,"NORMAL","VSTAR","SPECIAL_CHAIN","House rule: V can continue into same-species state VSTAR"
"buizel",418,"NORMAL","NORMAL",418,"NORMAL","EX","SPECIAL_BRANCH","House rule: NORMAL can branch into same-species special state EX"
"buizel",418,"NORMAL","NORMAL",418,"NORMAL","GX","SPECIAL_BRANCH","House rule: NORMAL can branch into same-species special state GX"
"buizel",418,"NORMAL","NORMAL",418,"NORMAL","V","SPECIAL_BRANCH","House rule: NORMAL can branch into same-species special state V"
"buizel",418,"NORMAL","NORMAL",418,"NORMAL","MEGA","SPECIAL_BRANCH","House rule: NORMAL can branch into same-species special state MEGA"
"buizel",418,"NORMAL","NORMAL",419,"NORMAL","NORMAL","STANDARD","Standard evolution from species tree"
"buizel",418,"NORMAL","V",418,"NORMAL","VMAX","SPECIAL_CHAIN","House rule: V can continue into same-species state VMAX"
"buizel",418,"NORMAL","V",418,"NORMAL","VSTAR","SPECIAL_CHAIN","House rule: V can continue into same-species state VSTAR"
"buizel",419,"NORMAL","NORMAL",419,"NORMAL","EX","SPECIAL_BRANCH","House rule: NORMAL can branch into same-species special state EX"
"buizel",419,"NORMAL","NORMAL",419,"NORMAL","GX","SPECIAL_BRANCH","House rule: NORMAL can branch into same-species special state GX"
"buizel",419,"NORMAL","NORMAL",419,"NORMAL","V","SPECIAL_BRANCH","House rule: NORMAL can branch into same-species special state V"
"buizel",419,"NORMAL","NORMAL",419,"NORMAL","MEGA","SPECIAL_BRANCH","House rule: NORMAL can branch into same-species special state MEGA"
"buizel",419,"NORMAL","V",419,"NORMAL","VMAX","SPECIAL_CHAIN","House rule: V can continue into same-species state VMAX"
"buizel",419,"NORMAL","V",419,"NORMAL","VSTAR","SPECIAL_CHAIN","House rule: V can continue into same-species state VSTAR"
"bulbasaur",1,"NORMAL","NORMAL",1,"NORMAL","EX","SPECIAL_BRANCH","House rule: NORMAL can branch into same-species special state EX"
"bulbasaur",1,"NORMAL","NORMAL",1,"NORMAL","GX","SPECIAL_BRANCH","House rule: NORMAL can branch into same-species special state GX"
"bulbasaur",1,"NORMAL","NORMAL",1,"NORMAL","V","SPECIAL_BRANCH","House rule: NORMAL can branch into same-species special state V"
"bulbasaur",1,"NORMAL","NORMAL",1,"NORMAL","MEGA","SPECIAL_BRANCH","House rule: NORMAL can branch into same-species special state MEGA"
"bulbasaur",1,"NORMAL","NORMAL",2,"NORMAL","NORMAL","STANDARD","Standard evolution from species tree"
"bulbasaur",1,"NORMAL","V",1,"NORMAL","VMAX","SPECIAL_CHAIN","House rule: V can continue into same-species state VMAX"
"bulbasaur",1,"NORMAL","V",1,"NORMAL","VSTAR","SPECIAL_CHAIN","House rule: V can continue into same-species state VSTAR"
"bulbasaur",2,"NORMAL","NORMAL",2,"NORMAL","EX","SPECIAL_BRANCH","House rule: NORMAL can branch into same-species special state EX"
"bulbasaur",2,"NORMAL","NORMAL",2,"NORMAL","GX","SPECIAL_BRANCH","House rule: NORMAL can branch into same-species special state GX"
"bulbasaur",2,"NORMAL","NORMAL",2,"NORMAL","V","SPECIAL_BRANCH","House rule: NORMAL can branch into same-species special state V"
"bulbasaur",2,"NORMAL","NORMAL",2,"NORMAL","MEGA","SPECIAL_BRANCH","House rule: NORMAL can branch into same-species special state MEGA"
"bulbasaur",2,"NORMAL","NORMAL",3,"NORMAL","NORMAL","STANDARD","Standard evolution from species tree"
"bulbasaur",2,"NORMAL","V",2,"NORMAL","VMAX","SPECIAL_CHAIN","House rule: V can continue into same-species state VMAX"
"bulbasaur",2,"NORMAL","V",2,"NORMAL","VSTAR","SPECIAL_CHAIN","House rule: V can continue into same-species state VSTAR"
"bulbasaur",3,"NORMAL","NORMAL",3,"NORMAL","EX","SPECIAL_BRANCH","House rule: NORMAL can branch into same-species special state EX"
"bulbasaur",3,"NORMAL","NORMAL",3,"NORMAL","GX","SPECIAL_BRANCH","House rule: NORMAL can branch into same-species special state GX"
"bulbasaur",3,"NORMAL","NORMAL",3,"NORMAL","V","SPECIAL_BRANCH","House rule: NORMAL can branch into same-species special state V"
"bulbasaur",3,"NORMAL","NORMAL",3,"NORMAL","MEGA","SPECIAL_BRANCH","House rule: NORMAL can branch into same-species special state MEGA"
"bulbasaur",3,"NORMAL","V",3,"NORMAL","VMAX","SPECIAL_CHAIN","House rule: V can continue into same-species state VMAX"
"bulbasaur",3,"NORMAL","V",3,"NORMAL","VSTAR","SPECIAL_CHAIN","House rule: V can continue into same-species state VSTAR"
"buneary",427,"NORMAL","NORMAL",427,"NORMAL","EX","SPECIAL_BRANCH","House rule: NORMAL can branch into same-species special state EX"
"buneary",427,"NORMAL","NORMAL",427,"NORMAL","GX","SPECIAL_BRANCH","House rule: NORMAL can branch into same-species special state GX"
"buneary",427,"NORMAL","NORMAL",427,"NORMAL","V","SPECIAL_BRANCH","House rule: NORMAL can branch into same-species special state V"
"buneary",427,"NORMAL","NORMAL",427,"NORMAL","MEGA","SPECIAL_BRANCH","House rule: NORMAL can branch into same-species special state MEGA"
"buneary",427,"NORMAL","NORMAL",428,"NORMAL","NORMAL","STANDARD","Standard evolution from species tree"
"buneary",427,"NORMAL","V",427,"NORMAL","VMAX","SPECIAL_CHAIN","House rule: V can continue into same-species state VMAX"
"buneary",427,"NORMAL","V",427,"NORMAL","VSTAR","SPECIAL_CHAIN","House rule: V can continue into same-species state VSTAR"
"buneary",428,"NORMAL","NORMAL",428,"NORMAL","EX","SPECIAL_BRANCH","House rule: NORMAL can branch into same-species special state EX"
"buneary",428,"NORMAL","NORMAL",428,"NORMAL","GX","SPECIAL_BRANCH","House rule: NORMAL can branch into same-species special state GX"
"buneary",428,"NORMAL","NORMAL",428,"NORMAL","V","SPECIAL_BRANCH","House rule: NORMAL can branch into same-species special state V"
"buneary",428,"NORMAL","NORMAL",428,"NORMAL","MEGA","SPECIAL_BRANCH","House rule: NORMAL can branch into same-species special state MEGA"
"buneary",428,"NORMAL","V",428,"NORMAL","VMAX","SPECIAL_CHAIN","House rule: V can continue into same-species state VMAX"
"buneary",428,"NORMAL","V",428,"NORMAL","VSTAR","SPECIAL_CHAIN","House rule: V can continue into same-species state VSTAR"
"bunnelby",659,"NORMAL","NORMAL",659,"NORMAL","EX","SPECIAL_BRANCH","House rule: NORMAL can branch into same-species special state EX"
"bunnelby",659,"NORMAL","NORMAL",659,"NORMAL","GX","SPECIAL_BRANCH","House rule: NORMAL can branch into same-species special state GX"
"bunnelby",659,"NORMAL","NORMAL",659,"NORMAL","V","SPECIAL_BRANCH","House rule: NORMAL can branch into same-species special state V"
"bunnelby",659,"NORMAL","NORMAL",659,"NORMAL","MEGA","SPECIAL_BRANCH","House rule: NORMAL can branch into same-species special state MEGA"
"bunnelby",659,"NORMAL","NORMAL",660,"NORMAL","NORMAL","STANDARD","Standard evolution from species tree"
"bunnelby",659,"NORMAL","V",659,"NORMAL","VMAX","SPECIAL_CHAIN","House rule: V can continue into same-species state VMAX"
"bunnelby",659,"NORMAL","V",659,"NORMAL","VSTAR","SPECIAL_CHAIN","House rule: V can continue into same-species state VSTAR"
"bunnelby",660,"NORMAL","NORMAL",660,"NORMAL","EX","SPECIAL_BRANCH","House rule: NORMAL can branch into same-species special state EX"
"bunnelby",660,"NORMAL","NORMAL",660,"NORMAL","GX","SPECIAL_BRANCH","House rule: NORMAL can branch into same-species special state GX"
"bunnelby",660,"NORMAL","NORMAL",660,"NORMAL","V","SPECIAL_BRANCH","House rule: NORMAL can branch into same-species special state V"
"bunnelby",660,"NORMAL","NORMAL",660,"NORMAL","MEGA","SPECIAL_BRANCH","House rule: NORMAL can branch into same-species special state MEGA"
"bunnelby",660,"NORMAL","V",660,"NORMAL","VMAX","SPECIAL_CHAIN","House rule: V can continue into same-species state VMAX"
"bunnelby",660,"NORMAL","V",660,"NORMAL","VSTAR","SPECIAL_CHAIN","House rule: V can continue into same-species state VSTAR"
"burmy",412,"NORMAL","NORMAL",412,"NORMAL","EX","SPECIAL_BRANCH","House rule: NORMAL can branch into same-species special state EX"
"burmy",412,"NORMAL","NORMAL",412,"NORMAL","GX","SPECIAL_BRANCH","House rule: NORMAL can branch into same-species special state GX"
"burmy",412,"NORMAL","NORMAL",412,"NORMAL","V","SPECIAL_BRANCH","House rule: NORMAL can branch into same-species special state V"
"burmy",412,"NORMAL","NORMAL",412,"NORMAL","MEGA","SPECIAL_BRANCH","House rule: NORMAL can branch into same-species special state MEGA"
"burmy",412,"NORMAL","NORMAL",413,"NORMAL","NORMAL","STANDARD","Standard evolution from species tree"
"burmy",412,"NORMAL","NORMAL",414,"NORMAL","NORMAL","STANDARD","Standard evolution from species tree"
"burmy",412,"NORMAL","V",412,"NORMAL","VMAX","SPECIAL_CHAIN","House rule: V can continue into same-species state VMAX"
"burmy",412,"NORMAL","V",412,"NORMAL","VSTAR","SPECIAL_CHAIN","House rule: V can continue into same-species state VSTAR"
"burmy",413,"NORMAL","NORMAL",413,"NORMAL","EX","SPECIAL_BRANCH","House rule: NORMAL can branch into same-species special state EX"
"burmy",413,"NORMAL","NORMAL",413,"NORMAL","GX","SPECIAL_BRANCH","House rule: NORMAL can branch into same-species special state GX"
"burmy",413,"NORMAL","NORMAL",413,"NORMAL","V","SPECIAL_BRANCH","House rule: NORMAL can branch into same-species special state V"
"burmy",413,"NORMAL","NORMAL",413,"NORMAL","MEGA","SPECIAL_BRANCH","House rule: NORMAL can branch into same-species special state MEGA"
"burmy",413,"NORMAL","V",413,"NORMAL","VMAX","SPECIAL_CHAIN","House rule: V can continue into same-species state VMAX"
"burmy",413,"NORMAL","V",413,"NORMAL","VSTAR","SPECIAL_CHAIN","House rule: V can continue into same-species state VSTAR"
"burmy",414,"NORMAL","NORMAL",414,"NORMAL","EX","SPECIAL_BRANCH","House rule: NORMAL can branch into same-species special state EX"
"burmy",414,"NORMAL","NORMAL",414,"NORMAL","GX","SPECIAL_BRANCH","House rule: NORMAL can branch into same-species special state GX"
"burmy",414,"NORMAL","NORMAL",414,"NORMAL","V","SPECIAL_BRANCH","House rule: NORMAL can branch into same-species special state V"
"burmy",414,"NORMAL","NORMAL",414,"NORMAL","MEGA","SPECIAL_BRANCH","House rule: NORMAL can branch into same-species special state MEGA"
"burmy",414,"NORMAL","V",414,"NORMAL","VMAX","SPECIAL_CHAIN","House rule: V can continue into same-species state VMAX"
"burmy",414,"NORMAL","V",414,"NORMAL","VSTAR","SPECIAL_CHAIN","House rule: V can continue into same-species state VSTAR"
"buzzwole",794,"NORMAL","NORMAL",794,"NORMAL","EX","SPECIAL_BRANCH","House rule: NORMAL can branch into same-species special state EX"
"buzzwole",794,"NORMAL","NORMAL",794,"NORMAL","GX","SPECIAL_BRANCH","House rule: NORMAL can branch into same-species special state GX"
"buzzwole",794,"NORMAL","NORMAL",794,"NORMAL","V","SPECIAL_BRANCH","House rule: NORMAL can branch into same-species special state V"
"buzzwole",794,"NORMAL","NORMAL",794,"NORMAL","MEGA","SPECIAL_BRANCH","House rule: NORMAL can branch into same-species special state MEGA"
"buzzwole",794,"NORMAL","V",794,"NORMAL","VMAX","SPECIAL_CHAIN","House rule: V can continue into same-species state VMAX"
"buzzwole",794,"NORMAL","V",794,"NORMAL","VSTAR","SPECIAL_CHAIN","House rule: V can continue into same-species state VSTAR"
"cacnea",331,"NORMAL","NORMAL",331,"NORMAL","EX","SPECIAL_BRANCH","House rule: NORMAL can branch into same-species special state EX"
"cacnea",331,"NORMAL","NORMAL",331,"NORMAL","GX","SPECIAL_BRANCH","House rule: NORMAL can branch into same-species special state GX"
"cacnea",331,"NORMAL","NORMAL",331,"NORMAL","V","SPECIAL_BRANCH","House rule: NORMAL can branch into same-species special state V"
"cacnea",331,"NORMAL","NORMAL",331,"NORMAL","MEGA","SPECIAL_BRANCH","House rule: NORMAL can branch into same-species special state MEGA"
"cacnea",331,"NORMAL","NORMAL",332,"NORMAL","NORMAL","STANDARD","Standard evolution from species tree"
"cacnea",331,"NORMAL","V",331,"NORMAL","VMAX","SPECIAL_CHAIN","House rule: V can continue into same-species state VMAX"
"cacnea",331,"NORMAL","V",331,"NORMAL","VSTAR","SPECIAL_CHAIN","House rule: V can continue into same-species state VSTAR"
"cacnea",332,"NORMAL","NORMAL",332,"NORMAL","EX","SPECIAL_BRANCH","House rule: NORMAL can branch into same-species special state EX"
"cacnea",332,"NORMAL","NORMAL",332,"NORMAL","GX","SPECIAL_BRANCH","House rule: NORMAL can branch into same-species special state GX"
"cacnea",332,"NORMAL","NORMAL",332,"NORMAL","V","SPECIAL_BRANCH","House rule: NORMAL can branch into same-species special state V"
"cacnea",332,"NORMAL","NORMAL",332,"NORMAL","MEGA","SPECIAL_BRANCH","House rule: NORMAL can branch into same-species special state MEGA"
"cacnea",332,"NORMAL","V",332,"NORMAL","VMAX","SPECIAL_CHAIN","House rule: V can continue into same-species state VMAX"
"cacnea",332,"NORMAL","V",332,"NORMAL","VSTAR","SPECIAL_CHAIN","House rule: V can continue into same-species state VSTAR"
"calyrex",898,"NORMAL","NORMAL",898,"NORMAL","EX","SPECIAL_BRANCH","House rule: NORMAL can branch into same-species special state EX"
"calyrex",898,"NORMAL","NORMAL",898,"NORMAL","GX","SPECIAL_BRANCH","House rule: NORMAL can branch into same-species special state GX"
"calyrex",898,"NORMAL","NORMAL",898,"NORMAL","V","SPECIAL_BRANCH","House rule: NORMAL can branch into same-species special state V"
"calyrex",898,"NORMAL","NORMAL",898,"NORMAL","MEGA","SPECIAL_BRANCH","House rule: NORMAL can branch into same-species special state MEGA"
"calyrex",898,"NORMAL","V",898,"NORMAL","VMAX","SPECIAL_CHAIN","House rule: V can continue into same-species state VMAX"
"calyrex",898,"NORMAL","V",898,"NORMAL","VSTAR","SPECIAL_CHAIN","House rule: V can continue into same-species state VSTAR"
"capsakid",951,"NORMAL","NORMAL",951,"NORMAL","EX","SPECIAL_BRANCH","House rule: NORMAL can branch into same-species special state EX"
"capsakid",951,"NORMAL","NORMAL",951,"NORMAL","GX","SPECIAL_BRANCH","House rule: NORMAL can branch into same-species special state GX"
"capsakid",951,"NORMAL","NORMAL",951,"NORMAL","V","SPECIAL_BRANCH","House rule: NORMAL can branch into same-species special state V"
"capsakid",951,"NORMAL","NORMAL",951,"NORMAL","MEGA","SPECIAL_BRANCH","House rule: NORMAL can branch into same-species special state MEGA"
"capsakid",951,"NORMAL","NORMAL",952,"NORMAL","NORMAL","STANDARD","Standard evolution from species tree"
"capsakid",951,"NORMAL","V",951,"NORMAL","VMAX","SPECIAL_CHAIN","House rule: V can continue into same-species state VMAX"
"capsakid",951,"NORMAL","V",951,"NORMAL","VSTAR","SPECIAL_CHAIN","House rule: V can continue into same-species state VSTAR"
"capsakid",952,"NORMAL","NORMAL",952,"NORMAL","EX","SPECIAL_BRANCH","House rule: NORMAL can branch into same-species special state EX"
"capsakid",952,"NORMAL","NORMAL",952,"NORMAL","GX","SPECIAL_BRANCH","House rule: NORMAL can branch into same-species special state GX"
"capsakid",952,"NORMAL","NORMAL",952,"NORMAL","V","SPECIAL_BRANCH","House rule: NORMAL can branch into same-species special state V"
"capsakid",952,"NORMAL","NORMAL",952,"NORMAL","MEGA","SPECIAL_BRANCH","House rule: NORMAL can branch into same-species special state MEGA"
"capsakid",952,"NORMAL","V",952,"NORMAL","VMAX","SPECIAL_CHAIN","House rule: V can continue into same-species state VMAX"
"capsakid",952,"NORMAL","V",952,"NORMAL","VSTAR","SPECIAL_CHAIN","House rule: V can continue into same-species state VSTAR"
"carbink",703,"NORMAL","NORMAL",703,"NORMAL","EX","SPECIAL_BRANCH","House rule: NORMAL can branch into same-species special state EX"
"carbink",703,"NORMAL","NORMAL",703,"NORMAL","GX","SPECIAL_BRANCH","House rule: NORMAL can branch into same-species special state GX"
"carbink",703,"NORMAL","NORMAL",703,"NORMAL","V","SPECIAL_BRANCH","House rule: NORMAL can branch into same-species special state V"
"carbink",703,"NORMAL","NORMAL",703,"NORMAL","MEGA","SPECIAL_BRANCH","House rule: NORMAL can branch into same-species special state MEGA"
"carbink",703,"NORMAL","V",703,"NORMAL","VMAX","SPECIAL_CHAIN","House rule: V can continue into same-species state VMAX"
"carbink",703,"NORMAL","V",703,"NORMAL","VSTAR","SPECIAL_CHAIN","House rule: V can continue into same-species state VSTAR"
"carnivine",455,"NORMAL","NORMAL",455,"NORMAL","EX","SPECIAL_BRANCH","House rule: NORMAL can branch into same-species special state EX"
"carnivine",455,"NORMAL","NORMAL",455,"NORMAL","GX","SPECIAL_BRANCH","House rule: NORMAL can branch into same-species special state GX"
"carnivine",455,"NORMAL","NORMAL",455,"NORMAL","V","SPECIAL_BRANCH","House rule: NORMAL can branch into same-species special state V"
"carnivine",455,"NORMAL","NORMAL",455,"NORMAL","MEGA","SPECIAL_BRANCH","House rule: NORMAL can branch into same-species special state MEGA"
"carnivine",455,"NORMAL","V",455,"NORMAL","VMAX","SPECIAL_CHAIN","House rule: V can continue into same-species state VMAX"
"carnivine",455,"NORMAL","V",455,"NORMAL","VSTAR","SPECIAL_CHAIN","House rule: V can continue into same-species state VSTAR"
"carvanha",318,"NORMAL","NORMAL",318,"NORMAL","EX","SPECIAL_BRANCH","House rule: NORMAL can branch into same-species special state EX"
"carvanha",318,"NORMAL","NORMAL",318,"NORMAL","GX","SPECIAL_BRANCH","House rule: NORMAL can branch into same-species special state GX"
"carvanha",318,"NORMAL","NORMAL",318,"NORMAL","V","SPECIAL_BRANCH","House rule: NORMAL can branch into same-species special state V"
"carvanha",318,"NORMAL","NORMAL",318,"NORMAL","MEGA","SPECIAL_BRANCH","House rule: NORMAL can branch into same-species special state MEGA"
"carvanha",318,"NORMAL","NORMAL",319,"NORMAL","NORMAL","STANDARD","Standard evolution from species tree"
"carvanha",318,"NORMAL","V",318,"NORMAL","VMAX","SPECIAL_CHAIN","House rule: V can continue into same-species state VMAX"
"carvanha",318,"NORMAL","V",318,"NORMAL","VSTAR","SPECIAL_CHAIN","House rule: V can continue into same-species state VSTAR"
"carvanha",319,"NORMAL","NORMAL",319,"NORMAL","EX","SPECIAL_BRANCH","House rule: NORMAL can branch into same-species special state EX"
"carvanha",319,"NORMAL","NORMAL",319,"NORMAL","GX","SPECIAL_BRANCH","House rule: NORMAL can branch into same-species special state GX"
"carvanha",319,"NORMAL","NORMAL",319,"NORMAL","V","SPECIAL_BRANCH","House rule: NORMAL can branch into same-species special state V"
"carvanha",319,"NORMAL","NORMAL",319,"NORMAL","MEGA","SPECIAL_BRANCH","House rule: NORMAL can branch into same-species special state MEGA"
"carvanha",319,"NORMAL","V",319,"NORMAL","VMAX","SPECIAL_CHAIN","House rule: V can continue into same-species state VMAX"
"carvanha",319,"NORMAL","V",319,"NORMAL","VSTAR","SPECIAL_CHAIN","House rule: V can continue into same-species state VSTAR"
"castform",351,"NORMAL","NORMAL",351,"NORMAL","EX","SPECIAL_BRANCH","House rule: NORMAL can branch into same-species special state EX"
"castform",351,"NORMAL","NORMAL",351,"NORMAL","GX","SPECIAL_BRANCH","House rule: NORMAL can branch into same-species special state GX"
"castform",351,"NORMAL","NORMAL",351,"NORMAL","V","SPECIAL_BRANCH","House rule: NORMAL can branch into same-species special state V"
"castform",351,"NORMAL","NORMAL",351,"NORMAL","MEGA","SPECIAL_BRANCH","House rule: NORMAL can branch into same-species special state MEGA"
"castform",351,"NORMAL","V",351,"NORMAL","VMAX","SPECIAL_CHAIN","House rule: V can continue into same-species state VMAX"
"castform",351,"NORMAL","V",351,"NORMAL","VSTAR","SPECIAL_CHAIN","House rule: V can continue into same-species state VSTAR"
"caterpie",10,"NORMAL","NORMAL",10,"NORMAL","EX","SPECIAL_BRANCH","House rule: NORMAL can branch into same-species special state EX"
"caterpie",10,"NORMAL","NORMAL",10,"NORMAL","GX","SPECIAL_BRANCH","House rule: NORMAL can branch into same-species special state GX"
"caterpie",10,"NORMAL","NORMAL",10,"NORMAL","V","SPECIAL_BRANCH","House rule: NORMAL can branch into same-species special state V"
"caterpie",10,"NORMAL","NORMAL",10,"NORMAL","MEGA","SPECIAL_BRANCH","House rule: NORMAL can branch into same-species special state MEGA"
"caterpie",10,"NORMAL","NORMAL",11,"NORMAL","NORMAL","STANDARD","Standard evolution from species tree"
"caterpie",10,"NORMAL","V",10,"NORMAL","VMAX","SPECIAL_CHAIN","House rule: V can continue into same-species state VMAX"
"caterpie",10,"NORMAL","V",10,"NORMAL","VSTAR","SPECIAL_CHAIN","House rule: V can continue into same-species state VSTAR"
"caterpie",11,"NORMAL","NORMAL",11,"NORMAL","EX","SPECIAL_BRANCH","House rule: NORMAL can branch into same-species special state EX"
"caterpie",11,"NORMAL","NORMAL",11,"NORMAL","GX","SPECIAL_BRANCH","House rule: NORMAL can branch into same-species special state GX"
"caterpie",11,"NORMAL","NORMAL",11,"NORMAL","V","SPECIAL_BRANCH","House rule: NORMAL can branch into same-species special state V"
"caterpie",11,"NORMAL","NORMAL",11,"NORMAL","MEGA","SPECIAL_BRANCH","House rule: NORMAL can branch into same-species special state MEGA"
"caterpie",11,"NORMAL","NORMAL",12,"NORMAL","NORMAL","STANDARD","Standard evolution from species tree"
"caterpie",11,"NORMAL","V",11,"NORMAL","VMAX","SPECIAL_CHAIN","House rule: V can continue into same-species state VMAX"
"caterpie",11,"NORMAL","V",11,"NORMAL","VSTAR","SPECIAL_CHAIN","House rule: V can continue into same-species state VSTAR"
"caterpie",12,"NORMAL","NORMAL",12,"NORMAL","EX","SPECIAL_BRANCH","House rule: NORMAL can branch into same-species special state EX"
"caterpie",12,"NORMAL","NORMAL",12,"NORMAL","GX","SPECIAL_BRANCH","House rule: NORMAL can branch into same-species special state GX"
"caterpie",12,"NORMAL","NORMAL",12,"NORMAL","V","SPECIAL_BRANCH","House rule: NORMAL can branch into same-species special state V"
"caterpie",12,"NORMAL","NORMAL",12,"NORMAL","MEGA","SPECIAL_BRANCH","House rule: NORMAL can branch into same-species special state MEGA"
"caterpie",12,"NORMAL","V",12,"NORMAL","VMAX","SPECIAL_CHAIN","House rule: V can continue into same-species state VMAX"
"caterpie",12,"NORMAL","V",12,"NORMAL","VSTAR","SPECIAL_CHAIN","House rule: V can continue into same-species state VSTAR"
"celebi",251,"NORMAL","NORMAL",251,"NORMAL","EX","SPECIAL_BRANCH","House rule: NORMAL can branch into same-species special state EX"
"celebi",251,"NORMAL","NORMAL",251,"NORMAL","GX","SPECIAL_BRANCH","House rule: NORMAL can branch into same-species special state GX"
"celebi",251,"NORMAL","NORMAL",251,"NORMAL","V","SPECIAL_BRANCH","House rule: NORMAL can branch into same-species special state V"
"celebi",251,"NORMAL","NORMAL",251,"NORMAL","MEGA","SPECIAL_BRANCH","House rule: NORMAL can branch into same-species special state MEGA"
"celebi",251,"NORMAL","V",251,"NORMAL","VMAX","SPECIAL_CHAIN","House rule: V can continue into same-species state VMAX"
"celebi",251,"NORMAL","V",251,"NORMAL","VSTAR","SPECIAL_CHAIN","House rule: V can continue into same-species state VSTAR"
"celesteela",797,"NORMAL","NORMAL",797,"NORMAL","EX","SPECIAL_BRANCH","House rule: NORMAL can branch into same-species special state EX"
"celesteela",797,"NORMAL","NORMAL",797,"NORMAL","GX","SPECIAL_BRANCH","House rule: NORMAL can branch into same-species special state GX"
"celesteela",797,"NORMAL","NORMAL",797,"NORMAL","V","SPECIAL_BRANCH","House rule: NORMAL can branch into same-species special state V"
"celesteela",797,"NORMAL","NORMAL",797,"NORMAL","MEGA","SPECIAL_BRANCH","House rule: NORMAL can branch into same-species special state MEGA"
"celesteela",797,"NORMAL","V",797,"NORMAL","VMAX","SPECIAL_CHAIN","House rule: V can continue into same-species state VMAX"
"celesteela",797,"NORMAL","V",797,"NORMAL","VSTAR","SPECIAL_CHAIN","House rule: V can continue into same-species state VSTAR"
"cetoddle",974,"NORMAL","NORMAL",974,"NORMAL","EX","SPECIAL_BRANCH","House rule: NORMAL can branch into same-species special state EX"
"cetoddle",974,"NORMAL","NORMAL",974,"NORMAL","GX","SPECIAL_BRANCH","House rule: NORMAL can branch into same-species special state GX"
"cetoddle",974,"NORMAL","NORMAL",974,"NORMAL","V","SPECIAL_BRANCH","House rule: NORMAL can branch into same-species special state V"
"cetoddle",974,"NORMAL","NORMAL",974,"NORMAL","MEGA","SPECIAL_BRANCH","House rule: NORMAL can branch into same-species special state MEGA"
"cetoddle",974,"NORMAL","NORMAL",975,"NORMAL","NORMAL","STANDARD","Standard evolution from species tree"
"cetoddle",974,"NORMAL","V",974,"NORMAL","VMAX","SPECIAL_CHAIN","House rule: V can continue into same-species state VMAX"
"cetoddle",974,"NORMAL","V",974,"NORMAL","VSTAR","SPECIAL_CHAIN","House rule: V can continue into same-species state VSTAR"
"cetoddle",975,"NORMAL","NORMAL",975,"NORMAL","EX","SPECIAL_BRANCH","House rule: NORMAL can branch into same-species special state EX"
"cetoddle",975,"NORMAL","NORMAL",975,"NORMAL","GX","SPECIAL_BRANCH","House rule: NORMAL can branch into same-species special state GX"
"cetoddle",975,"NORMAL","NORMAL",975,"NORMAL","V","SPECIAL_BRANCH","House rule: NORMAL can branch into same-species special state V"
"cetoddle",975,"NORMAL","NORMAL",975,"NORMAL","MEGA","SPECIAL_BRANCH","House rule: NORMAL can branch into same-species special state MEGA"
"cetoddle",975,"NORMAL","V",975,"NORMAL","VMAX","SPECIAL_CHAIN","House rule: V can continue into same-species state VMAX"
"cetoddle",975,"NORMAL","V",975,"NORMAL","VSTAR","SPECIAL_CHAIN","House rule: V can continue into same-species state VSTAR"
"charcadet",935,"NORMAL","NORMAL",935,"NORMAL","EX","SPECIAL_BRANCH","House rule: NORMAL can branch into same-species special state EX"
"charcadet",935,"NORMAL","NORMAL",935,"NORMAL","GX","SPECIAL_BRANCH","House rule: NORMAL can branch into same-species special state GX"
"charcadet",935,"NORMAL","NORMAL",935,"NORMAL","V","SPECIAL_BRANCH","House rule: NORMAL can branch into same-species special state V"
"charcadet",935,"NORMAL","NORMAL",935,"NORMAL","MEGA","SPECIAL_BRANCH","House rule: NORMAL can branch into same-species special state MEGA"
"charcadet",935,"NORMAL","NORMAL",936,"NORMAL","NORMAL","STANDARD","Standard evolution from species tree"
"charcadet",935,"NORMAL","NORMAL",937,"NORMAL","NORMAL","STANDARD","Standard evolution from species tree"
"charcadet",935,"NORMAL","V",935,"NORMAL","VMAX","SPECIAL_CHAIN","House rule: V can continue into same-species state VMAX"
"charcadet",935,"NORMAL","V",935,"NORMAL","VSTAR","SPECIAL_CHAIN","House rule: V can continue into same-species state VSTAR"
"charcadet",936,"NORMAL","NORMAL",936,"NORMAL","EX","SPECIAL_BRANCH","House rule: NORMAL can branch into same-species special state EX"
"charcadet",936,"NORMAL","NORMAL",936,"NORMAL","GX","SPECIAL_BRANCH","House rule: NORMAL can branch into same-species special state GX"
"charcadet",936,"NORMAL","NORMAL",936,"NORMAL","V","SPECIAL_BRANCH","House rule: NORMAL can branch into same-species special state V"
"charcadet",936,"NORMAL","NORMAL",936,"NORMAL","MEGA","SPECIAL_BRANCH","House rule: NORMAL can branch into same-species special state MEGA"
"charcadet",936,"NORMAL","V",936,"NORMAL","VMAX","SPECIAL_CHAIN","House rule: V can continue into same-species state VMAX"
"charcadet",936,"NORMAL","V",936,"NORMAL","VSTAR","SPECIAL_CHAIN","House rule: V can continue into same-species state VSTAR"
"charcadet",937,"NORMAL","NORMAL",937,"NORMAL","EX","SPECIAL_BRANCH","House rule: NORMAL can branch into same-species special state EX"
"charcadet",937,"NORMAL","NORMAL",937,"NORMAL","GX","SPECIAL_BRANCH","House rule: NORMAL can branch into same-species special state GX"
"charcadet",937,"NORMAL","NORMAL",937,"NORMAL","V","SPECIAL_BRANCH","House rule: NORMAL can branch into same-species special state V"
"charcadet",937,"NORMAL","NORMAL",937,"NORMAL","MEGA","SPECIAL_BRANCH","House rule: NORMAL can branch into same-species special state MEGA"
"charcadet",937,"NORMAL","V",937,"NORMAL","VMAX","SPECIAL_CHAIN","House rule: V can continue into same-species state VMAX"
"charcadet",937,"NORMAL","V",937,"NORMAL","VSTAR","SPECIAL_CHAIN","House rule: V can continue into same-species state VSTAR"
"charmander",4,"NORMAL","NORMAL",4,"NORMAL","EX","SPECIAL_BRANCH","House rule: NORMAL can branch into same-species special state EX"
"charmander",4,"NORMAL","NORMAL",4,"NORMAL","GX","SPECIAL_BRANCH","House rule: NORMAL can branch into same-species special state GX"
"charmander",4,"NORMAL","NORMAL",4,"NORMAL","V","SPECIAL_BRANCH","House rule: NORMAL can branch into same-species special state V"
"charmander",4,"NORMAL","NORMAL",4,"NORMAL","MEGA","SPECIAL_BRANCH","House rule: NORMAL can branch into same-species special state MEGA"
"charmander",4,"NORMAL","NORMAL",5,"NORMAL","NORMAL","STANDARD","Standard evolution from species tree"
"charmander",4,"NORMAL","V",4,"NORMAL","VMAX","SPECIAL_CHAIN","House rule: V can continue into same-species state VMAX"
"charmander",4,"NORMAL","V",4,"NORMAL","VSTAR","SPECIAL_CHAIN","House rule: V can continue into same-species state VSTAR"
"charmander",5,"NORMAL","NORMAL",5,"NORMAL","EX","SPECIAL_BRANCH","House rule: NORMAL can branch into same-species special state EX"
"charmander",5,"NORMAL","NORMAL",5,"NORMAL","GX","SPECIAL_BRANCH","House rule: NORMAL can branch into same-species special state GX"
"charmander",5,"NORMAL","NORMAL",5,"NORMAL","V","SPECIAL_BRANCH","House rule: NORMAL can branch into same-species special state V"
"charmander",5,"NORMAL","NORMAL",5,"NORMAL","MEGA","SPECIAL_BRANCH","House rule: NORMAL can branch into same-species special state MEGA"
"charmander",5,"NORMAL","NORMAL",6,"NORMAL","NORMAL","STANDARD","Standard evolution from species tree"
"charmander",5,"NORMAL","V",5,"NORMAL","VMAX","SPECIAL_CHAIN","House rule: V can continue into same-species state VMAX"
"charmander",5,"NORMAL","V",5,"NORMAL","VSTAR","SPECIAL_CHAIN","House rule: V can continue into same-species state VSTAR"
"charmander",6,"NORMAL","NORMAL",6,"NORMAL","EX","SPECIAL_BRANCH","House rule: NORMAL can branch into same-species special state EX"
"charmander",6,"NORMAL","NORMAL",6,"NORMAL","GX","SPECIAL_BRANCH","House rule: NORMAL can branch into same-species special state GX"
"charmander",6,"NORMAL","NORMAL",6,"NORMAL","V","SPECIAL_BRANCH","House rule: NORMAL can branch into same-species special state V"
"charmander",6,"NORMAL","NORMAL",6,"NORMAL","MEGA","SPECIAL_BRANCH","House rule: NORMAL can branch into same-species special state MEGA"
"charmander",6,"NORMAL","V",6,"NORMAL","VMAX","SPECIAL_CHAIN","House rule: V can continue into same-species state VMAX"
"charmander",6,"NORMAL","V",6,"NORMAL","VSTAR","SPECIAL_CHAIN","House rule: V can continue into same-species state VSTAR"
"chatot",441,"NORMAL","NORMAL",441,"NORMAL","EX","SPECIAL_BRANCH","House rule: NORMAL can branch into same-species special state EX"
"chatot",441,"NORMAL","NORMAL",441,"NORMAL","GX","SPECIAL_BRANCH","House rule: NORMAL can branch into same-species special state GX"
"chatot",441,"NORMAL","NORMAL",441,"NORMAL","V","SPECIAL_BRANCH","House rule: NORMAL can branch into same-species special state V"
"chatot",441,"NORMAL","NORMAL",441,"NORMAL","MEGA","SPECIAL_BRANCH","House rule: NORMAL can branch into same-species special state MEGA"
"chatot",441,"NORMAL","V",441,"NORMAL","VMAX","SPECIAL_CHAIN","House rule: V can continue into same-species state VMAX"
"chatot",441,"NORMAL","V",441,"NORMAL","VSTAR","SPECIAL_CHAIN","House rule: V can continue into same-species state VSTAR"
"cherubi",420,"NORMAL","NORMAL",420,"NORMAL","EX","SPECIAL_BRANCH","House rule: NORMAL can branch into same-species special state EX"
"cherubi",420,"NORMAL","NORMAL",420,"NORMAL","GX","SPECIAL_BRANCH","House rule: NORMAL can branch into same-species special state GX"
"cherubi",420,"NORMAL","NORMAL",420,"NORMAL","V","SPECIAL_BRANCH","House rule: NORMAL can branch into same-species special state V"
"cherubi",420,"NORMAL","NORMAL",420,"NORMAL","MEGA","SPECIAL_BRANCH","House rule: NORMAL can branch into same-species special state MEGA"
"cherubi",420,"NORMAL","NORMAL",421,"NORMAL","NORMAL","STANDARD","Standard evolution from species tree"
"cherubi",420,"NORMAL","V",420,"NORMAL","VMAX","SPECIAL_CHAIN","House rule: V can continue into same-species state VMAX"
"cherubi",420,"NORMAL","V",420,"NORMAL","VSTAR","SPECIAL_CHAIN","House rule: V can continue into same-species state VSTAR"
"cherubi",421,"NORMAL","NORMAL",421,"NORMAL","EX","SPECIAL_BRANCH","House rule: NORMAL can branch into same-species special state EX"
"cherubi",421,"NORMAL","NORMAL",421,"NORMAL","GX","SPECIAL_BRANCH","House rule: NORMAL can branch into same-species special state GX"
"cherubi",421,"NORMAL","NORMAL",421,"NORMAL","V","SPECIAL_BRANCH","House rule: NORMAL can branch into same-species special state V"
"cherubi",421,"NORMAL","NORMAL",421,"NORMAL","MEGA","SPECIAL_BRANCH","House rule: NORMAL can branch into same-species special state MEGA"
"cherubi",421,"NORMAL","V",421,"NORMAL","VMAX","SPECIAL_CHAIN","House rule: V can continue into same-species state VMAX"
"cherubi",421,"NORMAL","V",421,"NORMAL","VSTAR","SPECIAL_CHAIN","House rule: V can continue into same-species state VSTAR"
"chespin",650,"NORMAL","NORMAL",650,"NORMAL","EX","SPECIAL_BRANCH","House rule: NORMAL can branch into same-species special state EX"
"chespin",650,"NORMAL","NORMAL",650,"NORMAL","GX","SPECIAL_BRANCH","House rule: NORMAL can branch into same-species special state GX"
"chespin",650,"NORMAL","NORMAL",650,"NORMAL","V","SPECIAL_BRANCH","House rule: NORMAL can branch into same-species special state V"
"chespin",650,"NORMAL","NORMAL",650,"NORMAL","MEGA","SPECIAL_BRANCH","House rule: NORMAL can branch into same-species special state MEGA"
"chespin",650,"NORMAL","NORMAL",651,"NORMAL","NORMAL","STANDARD","Standard evolution from species tree"
"chespin",650,"NORMAL","V",650,"NORMAL","VMAX","SPECIAL_CHAIN","House rule: V can continue into same-species state VMAX"
"chespin",650,"NORMAL","V",650,"NORMAL","VSTAR","SPECIAL_CHAIN","House rule: V can continue into same-species state VSTAR"
"chespin",651,"NORMAL","NORMAL",651,"NORMAL","EX","SPECIAL_BRANCH","House rule: NORMAL can branch into same-species special state EX"
"chespin",651,"NORMAL","NORMAL",651,"NORMAL","GX","SPECIAL_BRANCH","House rule: NORMAL can branch into same-species special state GX"
"chespin",651,"NORMAL","NORMAL",651,"NORMAL","V","SPECIAL_BRANCH","House rule: NORMAL can branch into same-species special state V"
"chespin",651,"NORMAL","NORMAL",651,"NORMAL","MEGA","SPECIAL_BRANCH","House rule: NORMAL can branch into same-species special state MEGA"
"chespin",651,"NORMAL","NORMAL",652,"NORMAL","NORMAL","STANDARD","Standard evolution from species tree"
"chespin",651,"NORMAL","V",651,"NORMAL","VMAX","SPECIAL_CHAIN","House rule: V can continue into same-species state VMAX"
"chespin",651,"NORMAL","V",651,"NORMAL","VSTAR","SPECIAL_CHAIN","House rule: V can continue into same-species state VSTAR"
"chespin",652,"NORMAL","NORMAL",652,"NORMAL","EX","SPECIAL_BRANCH","House rule: NORMAL can branch into same-species special state EX"
"chespin",652,"NORMAL","NORMAL",652,"NORMAL","GX","SPECIAL_BRANCH","House rule: NORMAL can branch into same-species special state GX"
"chespin",652,"NORMAL","NORMAL",652,"NORMAL","V","SPECIAL_BRANCH","House rule: NORMAL can branch into same-species special state V"
"chespin",652,"NORMAL","NORMAL",652,"NORMAL","MEGA","SPECIAL_BRANCH","House rule: NORMAL can branch into same-species special state MEGA"
"chespin",652,"NORMAL","V",652,"NORMAL","VMAX","SPECIAL_CHAIN","House rule: V can continue into same-species state VMAX"
"chespin",652,"NORMAL","V",652,"NORMAL","VSTAR","SPECIAL_CHAIN","House rule: V can continue into same-species state VSTAR"
"chewtle",833,"NORMAL","NORMAL",833,"NORMAL","EX","SPECIAL_BRANCH","House rule: NORMAL can branch into same-species special state EX"
"chewtle",833,"NORMAL","NORMAL",833,"NORMAL","GX","SPECIAL_BRANCH","House rule: NORMAL can branch into same-species special state GX"
"chewtle",833,"NORMAL","NORMAL",833,"NORMAL","V","SPECIAL_BRANCH","House rule: NORMAL can branch into same-species special state V"
"chewtle",833,"NORMAL","NORMAL",833,"NORMAL","MEGA","SPECIAL_BRANCH","House rule: NORMAL can branch into same-species special state MEGA"
"chewtle",833,"NORMAL","NORMAL",834,"NORMAL","NORMAL","STANDARD","Standard evolution from species tree"
"chewtle",833,"NORMAL","V",833,"NORMAL","VMAX","SPECIAL_CHAIN","House rule: V can continue into same-species state VMAX"
"chewtle",833,"NORMAL","V",833,"NORMAL","VSTAR","SPECIAL_CHAIN","House rule: V can continue into same-species state VSTAR"
"chewtle",834,"NORMAL","NORMAL",834,"NORMAL","EX","SPECIAL_BRANCH","House rule: NORMAL can branch into same-species special state EX"
"chewtle",834,"NORMAL","NORMAL",834,"NORMAL","GX","SPECIAL_BRANCH","House rule: NORMAL can branch into same-species special state GX"
"chewtle",834,"NORMAL","NORMAL",834,"NORMAL","V","SPECIAL_BRANCH","House rule: NORMAL can branch into same-species special state V"
"chewtle",834,"NORMAL","NORMAL",834,"NORMAL","MEGA","SPECIAL_BRANCH","House rule: NORMAL can branch into same-species special state MEGA"
"chewtle",834,"NORMAL","V",834,"NORMAL","VMAX","SPECIAL_CHAIN","House rule: V can continue into same-species state VMAX"
"chewtle",834,"NORMAL","V",834,"NORMAL","VSTAR","SPECIAL_CHAIN","House rule: V can continue into same-species state VSTAR"
"chi-yu",1004,"NORMAL","NORMAL",1004,"NORMAL","EX","SPECIAL_BRANCH","House rule: NORMAL can branch into same-species special state EX"
"chi-yu",1004,"NORMAL","NORMAL",1004,"NORMAL","GX","SPECIAL_BRANCH","House rule: NORMAL can branch into same-species special state GX"
"chi-yu",1004,"NORMAL","NORMAL",1004,"NORMAL","V","SPECIAL_BRANCH","House rule: NORMAL can branch into same-species special state V"
"chi-yu",1004,"NORMAL","NORMAL",1004,"NORMAL","MEGA","SPECIAL_BRANCH","House rule: NORMAL can branch into same-species special state MEGA"
"chi-yu",1004,"NORMAL","V",1004,"NORMAL","VMAX","SPECIAL_CHAIN","House rule: V can continue into same-species state VMAX"
"chi-yu",1004,"NORMAL","V",1004,"NORMAL","VSTAR","SPECIAL_CHAIN","House rule: V can continue into same-species state VSTAR"
"chien-pao",1002,"NORMAL","NORMAL",1002,"NORMAL","EX","SPECIAL_BRANCH","House rule: NORMAL can branch into same-species special state EX"
"chien-pao",1002,"NORMAL","NORMAL",1002,"NORMAL","GX","SPECIAL_BRANCH","House rule: NORMAL can branch into same-species special state GX"
"chien-pao",1002,"NORMAL","NORMAL",1002,"NORMAL","V","SPECIAL_BRANCH","House rule: NORMAL can branch into same-species special state V"
"chien-pao",1002,"NORMAL","NORMAL",1002,"NORMAL","MEGA","SPECIAL_BRANCH","House rule: NORMAL can branch into same-species special state MEGA"
"chien-pao",1002,"NORMAL","V",1002,"NORMAL","VMAX","SPECIAL_CHAIN","House rule: V can continue into same-species state VMAX"
"chien-pao",1002,"NORMAL","V",1002,"NORMAL","VSTAR","SPECIAL_CHAIN","House rule: V can continue into same-species state VSTAR"
"chikorita",152,"NORMAL","NORMAL",152,"NORMAL","EX","SPECIAL_BRANCH","House rule: NORMAL can branch into same-species special state EX"
"chikorita",152,"NORMAL","NORMAL",152,"NORMAL","GX","SPECIAL_BRANCH","House rule: NORMAL can branch into same-species special state GX"
"chikorita",152,"NORMAL","NORMAL",152,"NORMAL","V","SPECIAL_BRANCH","House rule: NORMAL can branch into same-species special state V"
"chikorita",152,"NORMAL","NORMAL",152,"NORMAL","MEGA","SPECIAL_BRANCH","House rule: NORMAL can branch into same-species special state MEGA"
"chikorita",152,"NORMAL","NORMAL",153,"NORMAL","NORMAL","STANDARD","Standard evolution from species tree"
"chikorita",152,"NORMAL","V",152,"NORMAL","VMAX","SPECIAL_CHAIN","House rule: V can continue into same-species state VMAX"
"chikorita",152,"NORMAL","V",152,"NORMAL","VSTAR","SPECIAL_CHAIN","House rule: V can continue into same-species state VSTAR"
"chikorita",153,"NORMAL","NORMAL",153,"NORMAL","EX","SPECIAL_BRANCH","House rule: NORMAL can branch into same-species special state EX"
"chikorita",153,"NORMAL","NORMAL",153,"NORMAL","GX","SPECIAL_BRANCH","House rule: NORMAL can branch into same-species special state GX"
"chikorita",153,"NORMAL","NORMAL",153,"NORMAL","V","SPECIAL_BRANCH","House rule: NORMAL can branch into same-species special state V"
"chikorita",153,"NORMAL","NORMAL",153,"NORMAL","MEGA","SPECIAL_BRANCH","House rule: NORMAL can branch into same-species special state MEGA"
"chikorita",153,"NORMAL","NORMAL",154,"NORMAL","NORMAL","STANDARD","Standard evolution from species tree"
"chikorita",153,"NORMAL","V",153,"NORMAL","VMAX","SPECIAL_CHAIN","House rule: V can continue into same-species state VMAX"
"chikorita",153,"NORMAL","V",153,"NORMAL","VSTAR","SPECIAL_CHAIN","House rule: V can continue into same-species state VSTAR"
"chikorita",154,"NORMAL","NORMAL",154,"NORMAL","EX","SPECIAL_BRANCH","House rule: NORMAL can branch into same-species special state EX"
"chikorita",154,"NORMAL","NORMAL",154,"NORMAL","GX","SPECIAL_BRANCH","House rule: NORMAL can branch into same-species special state GX"
"chikorita",154,"NORMAL","NORMAL",154,"NORMAL","V","SPECIAL_BRANCH","House rule: NORMAL can branch into same-species special state V"
"chikorita",154,"NORMAL","NORMAL",154,"NORMAL","MEGA","SPECIAL_BRANCH","House rule: NORMAL can branch into same-species special state MEGA"
"chikorita",154,"NORMAL","V",154,"NORMAL","VMAX","SPECIAL_CHAIN","House rule: V can continue into same-species state VMAX"
"chikorita",154,"NORMAL","V",154,"NORMAL","VSTAR","SPECIAL_CHAIN","House rule: V can continue into same-species state VSTAR"
"chimchar",390,"NORMAL","NORMAL",390,"NORMAL","EX","SPECIAL_BRANCH","House rule: NORMAL can branch into same-species special state EX"
"chimchar",390,"NORMAL","NORMAL",390,"NORMAL","GX","SPECIAL_BRANCH","House rule: NORMAL can branch into same-species special state GX"
"chimchar",390,"NORMAL","NORMAL",390,"NORMAL","V","SPECIAL_BRANCH","House rule: NORMAL can branch into same-species special state V"
"chimchar",390,"NORMAL","NORMAL",390,"NORMAL","MEGA","SPECIAL_BRANCH","House rule: NORMAL can branch into same-species special state MEGA"
"chimchar",390,"NORMAL","NORMAL",391,"NORMAL","NORMAL","STANDARD","Standard evolution from species tree"
"chimchar",390,"NORMAL","V",390,"NORMAL","VMAX","SPECIAL_CHAIN","House rule: V can continue into same-species state VMAX"
"chimchar",390,"NORMAL","V",390,"NORMAL","VSTAR","SPECIAL_CHAIN","House rule: V can continue into same-species state VSTAR"
"chimchar",391,"NORMAL","NORMAL",391,"NORMAL","EX","SPECIAL_BRANCH","House rule: NORMAL can branch into same-species special state EX"
"chimchar",391,"NORMAL","NORMAL",391,"NORMAL","GX","SPECIAL_BRANCH","House rule: NORMAL can branch into same-species special state GX"
"chimchar",391,"NORMAL","NORMAL",391,"NORMAL","V","SPECIAL_BRANCH","House rule: NORMAL can branch into same-species special state V"
"chimchar",391,"NORMAL","NORMAL",391,"NORMAL","MEGA","SPECIAL_BRANCH","House rule: NORMAL can branch into same-species special state MEGA"
"chimchar",391,"NORMAL","NORMAL",392,"NORMAL","NORMAL","STANDARD","Standard evolution from species tree"
"chimchar",391,"NORMAL","V",391,"NORMAL","VMAX","SPECIAL_CHAIN","House rule: V can continue into same-species state VMAX"
"chimchar",391,"NORMAL","V",391,"NORMAL","VSTAR","SPECIAL_CHAIN","House rule: V can continue into same-species state VSTAR"
"chimchar",392,"NORMAL","NORMAL",392,"NORMAL","EX","SPECIAL_BRANCH","House rule: NORMAL can branch into same-species special state EX"
"chimchar",392,"NORMAL","NORMAL",392,"NORMAL","GX","SPECIAL_BRANCH","House rule: NORMAL can branch into same-species special state GX"
"chimchar",392,"NORMAL","NORMAL",392,"NORMAL","V","SPECIAL_BRANCH","House rule: NORMAL can branch into same-species special state V"
"chimchar",392,"NORMAL","NORMAL",392,"NORMAL","MEGA","SPECIAL_BRANCH","House rule: NORMAL can branch into same-species special state MEGA"
"chimchar",392,"NORMAL","V",392,"NORMAL","VMAX","SPECIAL_CHAIN","House rule: V can continue into same-species state VMAX"
"chimchar",392,"NORMAL","V",392,"NORMAL","VSTAR","SPECIAL_CHAIN","House rule: V can continue into same-species state VSTAR"
"chinchou",170,"NORMAL","NORMAL",170,"NORMAL","EX","SPECIAL_BRANCH","House rule: NORMAL can branch into same-species special state EX"
"chinchou",170,"NORMAL","NORMAL",170,"NORMAL","GX","SPECIAL_BRANCH","House rule: NORMAL can branch into same-species special state GX"
"chinchou",170,"NORMAL","NORMAL",170,"NORMAL","V","SPECIAL_BRANCH","House rule: NORMAL can branch into same-species special state V"
"chinchou",170,"NORMAL","NORMAL",170,"NORMAL","MEGA","SPECIAL_BRANCH","House rule: NORMAL can branch into same-species special state MEGA"
"chinchou",170,"NORMAL","NORMAL",171,"NORMAL","NORMAL","STANDARD","Standard evolution from species tree"
"chinchou",170,"NORMAL","V",170,"NORMAL","VMAX","SPECIAL_CHAIN","House rule: V can continue into same-species state VMAX"
"chinchou",170,"NORMAL","V",170,"NORMAL","VSTAR","SPECIAL_CHAIN","House rule: V can continue into same-species state VSTAR"
"chinchou",171,"NORMAL","NORMAL",171,"NORMAL","EX","SPECIAL_BRANCH","House rule: NORMAL can branch into same-species special state EX"
"chinchou",171,"NORMAL","NORMAL",171,"NORMAL","GX","SPECIAL_BRANCH","House rule: NORMAL can branch into same-species special state GX"
"chinchou",171,"NORMAL","NORMAL",171,"NORMAL","V","SPECIAL_BRANCH","House rule: NORMAL can branch into same-species special state V"
"chinchou",171,"NORMAL","NORMAL",171,"NORMAL","MEGA","SPECIAL_BRANCH","House rule: NORMAL can branch into same-species special state MEGA"
"chinchou",171,"NORMAL","V",171,"NORMAL","VMAX","SPECIAL_CHAIN","House rule: V can continue into same-species state VMAX"
"chinchou",171,"NORMAL","V",171,"NORMAL","VSTAR","SPECIAL_CHAIN","House rule: V can continue into same-species state VSTAR"
"chingling",358,"NORMAL","NORMAL",358,"NORMAL","EX","SPECIAL_BRANCH","House rule: NORMAL can branch into same-species special state EX"
"chingling",358,"NORMAL","NORMAL",358,"NORMAL","GX","SPECIAL_BRANCH","House rule: NORMAL can branch into same-species special state GX"
"chingling",358,"NORMAL","NORMAL",358,"NORMAL","V","SPECIAL_BRANCH","House rule: NORMAL can branch into same-species special state V"
"chingling",358,"NORMAL","NORMAL",358,"NORMAL","MEGA","SPECIAL_BRANCH","House rule: NORMAL can branch into same-species special state MEGA"
"chingling",358,"NORMAL","V",358,"NORMAL","VMAX","SPECIAL_CHAIN","House rule: V can continue into same-species state VMAX"
"chingling",358,"NORMAL","V",358,"NORMAL","VSTAR","SPECIAL_CHAIN","House rule: V can continue into same-species state VSTAR"
"chingling",433,"NORMAL","NORMAL",358,"NORMAL","NORMAL","STANDARD","Standard evolution from species tree"
"clamperl",366,"NORMAL","NORMAL",366,"NORMAL","EX","SPECIAL_BRANCH","House rule: NORMAL can branch into same-species special state EX"
"clamperl",366,"NORMAL","NORMAL",366,"NORMAL","GX","SPECIAL_BRANCH","House rule: NORMAL can branch into same-species special state GX"
"clamperl",366,"NORMAL","NORMAL",366,"NORMAL","V","SPECIAL_BRANCH","House rule: NORMAL can branch into same-species special state V"
"clamperl",366,"NORMAL","NORMAL",366,"NORMAL","MEGA","SPECIAL_BRANCH","House rule: NORMAL can branch into same-species special state MEGA"
"clamperl",366,"NORMAL","NORMAL",367,"NORMAL","NORMAL","STANDARD","Standard evolution from species tree"
"clamperl",366,"NORMAL","NORMAL",368,"NORMAL","NORMAL","STANDARD","Standard evolution from species tree"
"clamperl",366,"NORMAL","V",366,"NORMAL","VMAX","SPECIAL_CHAIN","House rule: V can continue into same-species state VMAX"
"clamperl",366,"NORMAL","V",366,"NORMAL","VSTAR","SPECIAL_CHAIN","House rule: V can continue into same-species state VSTAR"
"clamperl",367,"NORMAL","NORMAL",367,"NORMAL","EX","SPECIAL_BRANCH","House rule: NORMAL can branch into same-species special state EX"
"clamperl",367,"NORMAL","NORMAL",367,"NORMAL","GX","SPECIAL_BRANCH","House rule: NORMAL can branch into same-species special state GX"
"clamperl",367,"NORMAL","NORMAL",367,"NORMAL","V","SPECIAL_BRANCH","House rule: NORMAL can branch into same-species special state V"
"clamperl",367,"NORMAL","NORMAL",367,"NORMAL","MEGA","SPECIAL_BRANCH","House rule: NORMAL can branch into same-species special state MEGA"
"clamperl",367,"NORMAL","V",367,"NORMAL","VMAX","SPECIAL_CHAIN","House rule: V can continue into same-species state VMAX"
"clamperl",367,"NORMAL","V",367,"NORMAL","VSTAR","SPECIAL_CHAIN","House rule: V can continue into same-species state VSTAR"
"clamperl",368,"NORMAL","NORMAL",368,"NORMAL","EX","SPECIAL_BRANCH","House rule: NORMAL can branch into same-species special state EX"
"clamperl",368,"NORMAL","NORMAL",368,"NORMAL","GX","SPECIAL_BRANCH","House rule: NORMAL can branch into same-species special state GX"
"clamperl",368,"NORMAL","NORMAL",368,"NORMAL","V","SPECIAL_BRANCH","House rule: NORMAL can branch into same-species special state V"
"clamperl",368,"NORMAL","NORMAL",368,"NORMAL","MEGA","SPECIAL_BRANCH","House rule: NORMAL can branch into same-species special state MEGA"
"clamperl",368,"NORMAL","V",368,"NORMAL","VMAX","SPECIAL_CHAIN","House rule: V can continue into same-species state VMAX"
"clamperl",368,"NORMAL","V",368,"NORMAL","VSTAR","SPECIAL_CHAIN","House rule: V can continue into same-species state VSTAR"
"clauncher",692,"NORMAL","NORMAL",692,"NORMAL","EX","SPECIAL_BRANCH","House rule: NORMAL can branch into same-species special state EX"
"clauncher",692,"NORMAL","NORMAL",692,"NORMAL","GX","SPECIAL_BRANCH","House rule: NORMAL can branch into same-species special state GX"
"clauncher",692,"NORMAL","NORMAL",692,"NORMAL","V","SPECIAL_BRANCH","House rule: NORMAL can branch into same-species special state V"
"clauncher",692,"NORMAL","NORMAL",692,"NORMAL","MEGA","SPECIAL_BRANCH","House rule: NORMAL can branch into same-species special state MEGA"
"clauncher",692,"NORMAL","NORMAL",693,"NORMAL","NORMAL","STANDARD","Standard evolution from species tree"
"clauncher",692,"NORMAL","V",692,"NORMAL","VMAX","SPECIAL_CHAIN","House rule: V can continue into same-species state VMAX"
"clauncher",692,"NORMAL","V",692,"NORMAL","VSTAR","SPECIAL_CHAIN","House rule: V can continue into same-species state VSTAR"
"clauncher",693,"NORMAL","NORMAL",693,"NORMAL","EX","SPECIAL_BRANCH","House rule: NORMAL can branch into same-species special state EX"
"clauncher",693,"NORMAL","NORMAL",693,"NORMAL","GX","SPECIAL_BRANCH","House rule: NORMAL can branch into same-species special state GX"
"clauncher",693,"NORMAL","NORMAL",693,"NORMAL","V","SPECIAL_BRANCH","House rule: NORMAL can branch into same-species special state V"
"clauncher",693,"NORMAL","NORMAL",693,"NORMAL","MEGA","SPECIAL_BRANCH","House rule: NORMAL can branch into same-species special state MEGA"
"clauncher",693,"NORMAL","V",693,"NORMAL","VMAX","SPECIAL_CHAIN","House rule: V can continue into same-species state VMAX"
"clauncher",693,"NORMAL","V",693,"NORMAL","VSTAR","SPECIAL_CHAIN","House rule: V can continue into same-species state VSTAR"
"cleffa",35,"NORMAL","NORMAL",35,"NORMAL","EX","SPECIAL_BRANCH","House rule: NORMAL can branch into same-species special state EX"
"cleffa",35,"NORMAL","NORMAL",35,"NORMAL","GX","SPECIAL_BRANCH","House rule: NORMAL can branch into same-species special state GX"
"cleffa",35,"NORMAL","NORMAL",35,"NORMAL","V","SPECIAL_BRANCH","House rule: NORMAL can branch into same-species special state V"
"cleffa",35,"NORMAL","NORMAL",35,"NORMAL","MEGA","SPECIAL_BRANCH","House rule: NORMAL can branch into same-species special state MEGA"
"cleffa",35,"NORMAL","NORMAL",36,"NORMAL","NORMAL","STANDARD","Standard evolution from species tree"
"cleffa",35,"NORMAL","V",35,"NORMAL","VMAX","SPECIAL_CHAIN","House rule: V can continue into same-species state VMAX"
"cleffa",35,"NORMAL","V",35,"NORMAL","VSTAR","SPECIAL_CHAIN","House rule: V can continue into same-species state VSTAR"
"cleffa",36,"NORMAL","NORMAL",36,"NORMAL","EX","SPECIAL_BRANCH","House rule: NORMAL can branch into same-species special state EX"
"cleffa",36,"NORMAL","NORMAL",36,"NORMAL","GX","SPECIAL_BRANCH","House rule: NORMAL can branch into same-species special state GX"
"cleffa",36,"NORMAL","NORMAL",36,"NORMAL","V","SPECIAL_BRANCH","House rule: NORMAL can branch into same-species special state V"
"cleffa",36,"NORMAL","NORMAL",36,"NORMAL","MEGA","SPECIAL_BRANCH","House rule: NORMAL can branch into same-species special state MEGA"
"cleffa",36,"NORMAL","V",36,"NORMAL","VMAX","SPECIAL_CHAIN","House rule: V can continue into same-species state VMAX"
"cleffa",36,"NORMAL","V",36,"NORMAL","VSTAR","SPECIAL_CHAIN","House rule: V can continue into same-species state VSTAR"
"cleffa",173,"NORMAL","NORMAL",35,"NORMAL","NORMAL","STANDARD","Standard evolution from species tree"
"clobbopus",852,"NORMAL","NORMAL",852,"NORMAL","EX","SPECIAL_BRANCH","House rule: NORMAL can branch into same-species special state EX"
"clobbopus",852,"NORMAL","NORMAL",852,"NORMAL","GX","SPECIAL_BRANCH","House rule: NORMAL can branch into same-species special state GX"
"clobbopus",852,"NORMAL","NORMAL",852,"NORMAL","V","SPECIAL_BRANCH","House rule: NORMAL can branch into same-species special state V"
"clobbopus",852,"NORMAL","NORMAL",852,"NORMAL","MEGA","SPECIAL_BRANCH","House rule: NORMAL can branch into same-species special state MEGA"
"clobbopus",852,"NORMAL","NORMAL",853,"NORMAL","NORMAL","STANDARD","Standard evolution from species tree"
"clobbopus",852,"NORMAL","V",852,"NORMAL","VMAX","SPECIAL_CHAIN","House rule: V can continue into same-species state VMAX"
"clobbopus",852,"NORMAL","V",852,"NORMAL","VSTAR","SPECIAL_CHAIN","House rule: V can continue into same-species state VSTAR"
"clobbopus",853,"NORMAL","NORMAL",853,"NORMAL","EX","SPECIAL_BRANCH","House rule: NORMAL can branch into same-species special state EX"
"clobbopus",853,"NORMAL","NORMAL",853,"NORMAL","GX","SPECIAL_BRANCH","House rule: NORMAL can branch into same-species special state GX"
"clobbopus",853,"NORMAL","NORMAL",853,"NORMAL","V","SPECIAL_BRANCH","House rule: NORMAL can branch into same-species special state V"
"clobbopus",853,"NORMAL","NORMAL",853,"NORMAL","MEGA","SPECIAL_BRANCH","House rule: NORMAL can branch into same-species special state MEGA"
"clobbopus",853,"NORMAL","V",853,"NORMAL","VMAX","SPECIAL_CHAIN","House rule: V can continue into same-species state VMAX"
"clobbopus",853,"NORMAL","V",853,"NORMAL","VSTAR","SPECIAL_CHAIN","House rule: V can continue into same-species state VSTAR"
"cobalion",638,"NORMAL","NORMAL",638,"NORMAL","EX","SPECIAL_BRANCH","House rule: NORMAL can branch into same-species special state EX"
"cobalion",638,"NORMAL","NORMAL",638,"NORMAL","GX","SPECIAL_BRANCH","House rule: NORMAL can branch into same-species special state GX"
"cobalion",638,"NORMAL","NORMAL",638,"NORMAL","V","SPECIAL_BRANCH","House rule: NORMAL can branch into same-species special state V"
"cobalion",638,"NORMAL","NORMAL",638,"NORMAL","MEGA","SPECIAL_BRANCH","House rule: NORMAL can branch into same-species special state MEGA"
"cobalion",638,"NORMAL","V",638,"NORMAL","VMAX","SPECIAL_CHAIN","House rule: V can continue into same-species state VMAX"
"cobalion",638,"NORMAL","V",638,"NORMAL","VSTAR","SPECIAL_CHAIN","House rule: V can continue into same-species state VSTAR"
"combee",415,"NORMAL","NORMAL",415,"NORMAL","EX","SPECIAL_BRANCH","House rule: NORMAL can branch into same-species special state EX"
"combee",415,"NORMAL","NORMAL",415,"NORMAL","GX","SPECIAL_BRANCH","House rule: NORMAL can branch into same-species special state GX"
"combee",415,"NORMAL","NORMAL",415,"NORMAL","V","SPECIAL_BRANCH","House rule: NORMAL can branch into same-species special state V"
"combee",415,"NORMAL","NORMAL",415,"NORMAL","MEGA","SPECIAL_BRANCH","House rule: NORMAL can branch into same-species special state MEGA"
"combee",415,"NORMAL","NORMAL",416,"NORMAL","NORMAL","STANDARD","Standard evolution from species tree"
"combee",415,"NORMAL","V",415,"NORMAL","VMAX","SPECIAL_CHAIN","House rule: V can continue into same-species state VMAX"
"combee",415,"NORMAL","V",415,"NORMAL","VSTAR","SPECIAL_CHAIN","House rule: V can continue into same-species state VSTAR"
"combee",416,"NORMAL","NORMAL",416,"NORMAL","EX","SPECIAL_BRANCH","House rule: NORMAL can branch into same-species special state EX"
"combee",416,"NORMAL","NORMAL",416,"NORMAL","GX","SPECIAL_BRANCH","House rule: NORMAL can branch into same-species special state GX"
"combee",416,"NORMAL","NORMAL",416,"NORMAL","V","SPECIAL_BRANCH","House rule: NORMAL can branch into same-species special state V"
"combee",416,"NORMAL","NORMAL",416,"NORMAL","MEGA","SPECIAL_BRANCH","House rule: NORMAL can branch into same-species special state MEGA"
"combee",416,"NORMAL","V",416,"NORMAL","VMAX","SPECIAL_CHAIN","House rule: V can continue into same-species state VMAX"
"combee",416,"NORMAL","V",416,"NORMAL","VSTAR","SPECIAL_CHAIN","House rule: V can continue into same-species state VSTAR"
"comfey",764,"NORMAL","NORMAL",764,"NORMAL","EX","SPECIAL_BRANCH","House rule: NORMAL can branch into same-species special state EX"
"comfey",764,"NORMAL","NORMAL",764,"NORMAL","GX","SPECIAL_BRANCH","House rule: NORMAL can branch into same-species special state GX"
"comfey",764,"NORMAL","NORMAL",764,"NORMAL","V","SPECIAL_BRANCH","House rule: NORMAL can branch into same-species special state V"
"comfey",764,"NORMAL","NORMAL",764,"NORMAL","MEGA","SPECIAL_BRANCH","House rule: NORMAL can branch into same-species special state MEGA"
"comfey",764,"NORMAL","V",764,"NORMAL","VMAX","SPECIAL_CHAIN","House rule: V can continue into same-species state VMAX"
"comfey",764,"NORMAL","V",764,"NORMAL","VSTAR","SPECIAL_CHAIN","House rule: V can continue into same-species state VSTAR"
"corphish",341,"NORMAL","NORMAL",341,"NORMAL","EX","SPECIAL_BRANCH","House rule: NORMAL can branch into same-species special state EX"
"corphish",341,"NORMAL","NORMAL",341,"NORMAL","GX","SPECIAL_BRANCH","House rule: NORMAL can branch into same-species special state GX"
"corphish",341,"NORMAL","NORMAL",341,"NORMAL","V","SPECIAL_BRANCH","House rule: NORMAL can branch into same-species special state V"
"corphish",341,"NORMAL","NORMAL",341,"NORMAL","MEGA","SPECIAL_BRANCH","House rule: NORMAL can branch into same-species special state MEGA"
"corphish",341,"NORMAL","NORMAL",342,"NORMAL","NORMAL","STANDARD","Standard evolution from species tree"
"corphish",341,"NORMAL","V",341,"NORMAL","VMAX","SPECIAL_CHAIN","House rule: V can continue into same-species state VMAX"
"corphish",341,"NORMAL","V",341,"NORMAL","VSTAR","SPECIAL_CHAIN","House rule: V can continue into same-species state VSTAR"
"corphish",342,"NORMAL","NORMAL",342,"NORMAL","EX","SPECIAL_BRANCH","House rule: NORMAL can branch into same-species special state EX"
"corphish",342,"NORMAL","NORMAL",342,"NORMAL","GX","SPECIAL_BRANCH","House rule: NORMAL can branch into same-species special state GX"
"corphish",342,"NORMAL","NORMAL",342,"NORMAL","V","SPECIAL_BRANCH","House rule: NORMAL can branch into same-species special state V"
"corphish",342,"NORMAL","NORMAL",342,"NORMAL","MEGA","SPECIAL_BRANCH","House rule: NORMAL can branch into same-species special state MEGA"
"corphish",342,"NORMAL","V",342,"NORMAL","VMAX","SPECIAL_CHAIN","House rule: V can continue into same-species state VMAX"
"corphish",342,"NORMAL","V",342,"NORMAL","VSTAR","SPECIAL_CHAIN","House rule: V can continue into same-species state VSTAR"
"corsola",222,"NORMAL","NORMAL",222,"NORMAL","EX","SPECIAL_BRANCH","House rule: NORMAL can branch into same-species special state EX"
"corsola",222,"NORMAL","NORMAL",222,"NORMAL","GX","SPECIAL_BRANCH","House rule: NORMAL can branch into same-species special state GX"
"corsola",222,"NORMAL","NORMAL",222,"NORMAL","V","SPECIAL_BRANCH","House rule: NORMAL can branch into same-species special state V"
"corsola",222,"NORMAL","NORMAL",222,"NORMAL","MEGA","SPECIAL_BRANCH","House rule: NORMAL can branch into same-species special state MEGA"
"corsola",222,"NORMAL","NORMAL",864,"NORMAL","NORMAL","STANDARD","Standard evolution from species tree"
"corsola",222,"NORMAL","V",222,"NORMAL","VMAX","SPECIAL_CHAIN","House rule: V can continue into same-species state VMAX"
"corsola",222,"NORMAL","V",222,"NORMAL","VSTAR","SPECIAL_CHAIN","House rule: V can continue into same-species state VSTAR"
"corsola",864,"NORMAL","NORMAL",864,"NORMAL","EX","SPECIAL_BRANCH","House rule: NORMAL can branch into same-species special state EX"
"corsola",864,"NORMAL","NORMAL",864,"NORMAL","GX","SPECIAL_BRANCH","House rule: NORMAL can branch into same-species special state GX"
"corsola",864,"NORMAL","NORMAL",864,"NORMAL","V","SPECIAL_BRANCH","House rule: NORMAL can branch into same-species special state V"
"corsola",864,"NORMAL","NORMAL",864,"NORMAL","MEGA","SPECIAL_BRANCH","House rule: NORMAL can branch into same-species special state MEGA"
"corsola",864,"NORMAL","V",864,"NORMAL","VMAX","SPECIAL_CHAIN","House rule: V can continue into same-species state VMAX"
"corsola",864,"NORMAL","V",864,"NORMAL","VSTAR","SPECIAL_CHAIN","House rule: V can continue into same-species state VSTAR"
"cosmog",789,"NORMAL","NORMAL",789,"NORMAL","EX","SPECIAL_BRANCH","House rule: NORMAL can branch into same-species special state EX"
"cosmog",789,"NORMAL","NORMAL",789,"NORMAL","GX","SPECIAL_BRANCH","House rule: NORMAL can branch into same-species special state GX"
"cosmog",789,"NORMAL","NORMAL",789,"NORMAL","V","SPECIAL_BRANCH","House rule: NORMAL can branch into same-species special state V"
"cosmog",789,"NORMAL","NORMAL",789,"NORMAL","MEGA","SPECIAL_BRANCH","House rule: NORMAL can branch into same-species special state MEGA"
"cosmog",789,"NORMAL","NORMAL",790,"NORMAL","NORMAL","STANDARD","Standard evolution from species tree"
"cosmog",789,"NORMAL","V",789,"NORMAL","VMAX","SPECIAL_CHAIN","House rule: V can continue into same-species state VMAX"
"cosmog",789,"NORMAL","V",789,"NORMAL","VSTAR","SPECIAL_CHAIN","House rule: V can continue into same-species state VSTAR"
"cosmog",790,"NORMAL","NORMAL",790,"NORMAL","EX","SPECIAL_BRANCH","House rule: NORMAL can branch into same-species special state EX"
"cosmog",790,"NORMAL","NORMAL",790,"NORMAL","GX","SPECIAL_BRANCH","House rule: NORMAL can branch into same-species special state GX"
"cosmog",790,"NORMAL","NORMAL",790,"NORMAL","V","SPECIAL_BRANCH","House rule: NORMAL can branch into same-species special state V"
"cosmog",790,"NORMAL","NORMAL",790,"NORMAL","MEGA","SPECIAL_BRANCH","House rule: NORMAL can branch into same-species special state MEGA"
"cosmog",790,"NORMAL","NORMAL",791,"NORMAL","NORMAL","STANDARD","Standard evolution from species tree"
"cosmog",790,"NORMAL","NORMAL",792,"NORMAL","NORMAL","STANDARD","Standard evolution from species tree"
"cosmog",790,"NORMAL","V",790,"NORMAL","VMAX","SPECIAL_CHAIN","House rule: V can continue into same-species state VMAX"
"cosmog",790,"NORMAL","V",790,"NORMAL","VSTAR","SPECIAL_CHAIN","House rule: V can continue into same-species state VSTAR"
"cosmog",791,"NORMAL","NORMAL",791,"NORMAL","EX","SPECIAL_BRANCH","House rule: NORMAL can branch into same-species special state EX"
"cosmog",791,"NORMAL","NORMAL",791,"NORMAL","GX","SPECIAL_BRANCH","House rule: NORMAL can branch into same-species special state GX"
"cosmog",791,"NORMAL","NORMAL",791,"NORMAL","V","SPECIAL_BRANCH","House rule: NORMAL can branch into same-species special state V"
"cosmog",791,"NORMAL","NORMAL",791,"NORMAL","MEGA","SPECIAL_BRANCH","House rule: NORMAL can branch into same-species special state MEGA"
"cosmog",791,"NORMAL","V",791,"NORMAL","VMAX","SPECIAL_CHAIN","House rule: V can continue into same-species state VMAX"
"cosmog",791,"NORMAL","V",791,"NORMAL","VSTAR","SPECIAL_CHAIN","House rule: V can continue into same-species state VSTAR"
"cosmog",792,"NORMAL","NORMAL",792,"NORMAL","EX","SPECIAL_BRANCH","House rule: NORMAL can branch into same-species special state EX"
"cosmog",792,"NORMAL","NORMAL",792,"NORMAL","GX","SPECIAL_BRANCH","House rule: NORMAL can branch into same-species special state GX"
"cosmog",792,"NORMAL","NORMAL",792,"NORMAL","V","SPECIAL_BRANCH","House rule: NORMAL can branch into same-species special state V"
"cosmog",792,"NORMAL","NORMAL",792,"NORMAL","MEGA","SPECIAL_BRANCH","House rule: NORMAL can branch into same-species special state MEGA"
"cosmog",792,"NORMAL","V",792,"NORMAL","VMAX","SPECIAL_CHAIN","House rule: V can continue into same-species state VMAX"
"cosmog",792,"NORMAL","V",792,"NORMAL","VSTAR","SPECIAL_CHAIN","House rule: V can continue into same-species state VSTAR"
"cottonee",546,"NORMAL","NORMAL",546,"NORMAL","EX","SPECIAL_BRANCH","House rule: NORMAL can branch into same-species special state EX"
"cottonee",546,"NORMAL","NORMAL",546,"NORMAL","GX","SPECIAL_BRANCH","House rule: NORMAL can branch into same-species special state GX"
"cottonee",546,"NORMAL","NORMAL",546,"NORMAL","V","SPECIAL_BRANCH","House rule: NORMAL can branch into same-species special state V"
"cottonee",546,"NORMAL","NORMAL",546,"NORMAL","MEGA","SPECIAL_BRANCH","House rule: NORMAL can branch into same-species special state MEGA"
"cottonee",546,"NORMAL","NORMAL",547,"NORMAL","NORMAL","STANDARD","Standard evolution from species tree"
"cottonee",546,"NORMAL","V",546,"NORMAL","VMAX","SPECIAL_CHAIN","House rule: V can continue into same-species state VMAX"
"cottonee",546,"NORMAL","V",546,"NORMAL","VSTAR","SPECIAL_CHAIN","House rule: V can continue into same-species state VSTAR"
"cottonee",547,"NORMAL","NORMAL",547,"NORMAL","EX","SPECIAL_BRANCH","House rule: NORMAL can branch into same-species special state EX"
"cottonee",547,"NORMAL","NORMAL",547,"NORMAL","GX","SPECIAL_BRANCH","House rule: NORMAL can branch into same-species special state GX"
"cottonee",547,"NORMAL","NORMAL",547,"NORMAL","V","SPECIAL_BRANCH","House rule: NORMAL can branch into same-species special state V"
"cottonee",547,"NORMAL","NORMAL",547,"NORMAL","MEGA","SPECIAL_BRANCH","House rule: NORMAL can branch into same-species special state MEGA"
"cottonee",547,"NORMAL","V",547,"NORMAL","VMAX","SPECIAL_CHAIN","House rule: V can continue into same-species state VMAX"
"cottonee",547,"NORMAL","V",547,"NORMAL","VSTAR","SPECIAL_CHAIN","House rule: V can continue into same-species state VSTAR"
"crabrawler",739,"NORMAL","NORMAL",739,"NORMAL","EX","SPECIAL_BRANCH","House rule: NORMAL can branch into same-species special state EX"
"crabrawler",739,"NORMAL","NORMAL",739,"NORMAL","GX","SPECIAL_BRANCH","House rule: NORMAL can branch into same-species special state GX"
"crabrawler",739,"NORMAL","NORMAL",739,"NORMAL","V","SPECIAL_BRANCH","House rule: NORMAL can branch into same-species special state V"
"crabrawler",739,"NORMAL","NORMAL",739,"NORMAL","MEGA","SPECIAL_BRANCH","House rule: NORMAL can branch into same-species special state MEGA"
"crabrawler",739,"NORMAL","NORMAL",740,"NORMAL","NORMAL","STANDARD","Standard evolution from species tree"
"crabrawler",739,"NORMAL","V",739,"NORMAL","VMAX","SPECIAL_CHAIN","House rule: V can continue into same-species state VMAX"
"crabrawler",739,"NORMAL","V",739,"NORMAL","VSTAR","SPECIAL_CHAIN","House rule: V can continue into same-species state VSTAR"
"crabrawler",740,"NORMAL","NORMAL",740,"NORMAL","EX","SPECIAL_BRANCH","House rule: NORMAL can branch into same-species special state EX"
"crabrawler",740,"NORMAL","NORMAL",740,"NORMAL","GX","SPECIAL_BRANCH","House rule: NORMAL can branch into same-species special state GX"
"crabrawler",740,"NORMAL","NORMAL",740,"NORMAL","V","SPECIAL_BRANCH","House rule: NORMAL can branch into same-species special state V"
"crabrawler",740,"NORMAL","NORMAL",740,"NORMAL","MEGA","SPECIAL_BRANCH","House rule: NORMAL can branch into same-species special state MEGA"
"crabrawler",740,"NORMAL","V",740,"NORMAL","VMAX","SPECIAL_CHAIN","House rule: V can continue into same-species state VMAX"
"crabrawler",740,"NORMAL","V",740,"NORMAL","VSTAR","SPECIAL_CHAIN","House rule: V can continue into same-species state VSTAR"
"cramorant",845,"NORMAL","NORMAL",845,"NORMAL","EX","SPECIAL_BRANCH","House rule: NORMAL can branch into same-species special state EX"
"cramorant",845,"NORMAL","NORMAL",845,"NORMAL","GX","SPECIAL_BRANCH","House rule: NORMAL can branch into same-species special state GX"
"cramorant",845,"NORMAL","NORMAL",845,"NORMAL","V","SPECIAL_BRANCH","House rule: NORMAL can branch into same-species special state V"
"cramorant",845,"NORMAL","NORMAL",845,"NORMAL","MEGA","SPECIAL_BRANCH","House rule: NORMAL can branch into same-species special state MEGA"
"cramorant",845,"NORMAL","V",845,"NORMAL","VMAX","SPECIAL_CHAIN","House rule: V can continue into same-species state VMAX"
"cramorant",845,"NORMAL","V",845,"NORMAL","VSTAR","SPECIAL_CHAIN","House rule: V can continue into same-species state VSTAR"
"cranidos",408,"NORMAL","NORMAL",408,"NORMAL","EX","SPECIAL_BRANCH","House rule: NORMAL can branch into same-species special state EX"
"cranidos",408,"NORMAL","NORMAL",408,"NORMAL","GX","SPECIAL_BRANCH","House rule: NORMAL can branch into same-species special state GX"
"cranidos",408,"NORMAL","NORMAL",408,"NORMAL","V","SPECIAL_BRANCH","House rule: NORMAL can branch into same-species special state V"
"cranidos",408,"NORMAL","NORMAL",408,"NORMAL","MEGA","SPECIAL_BRANCH","House rule: NORMAL can branch into same-species special state MEGA"
"cranidos",408,"NORMAL","NORMAL",409,"NORMAL","NORMAL","STANDARD","Standard evolution from species tree"
"cranidos",408,"NORMAL","V",408,"NORMAL","VMAX","SPECIAL_CHAIN","House rule: V can continue into same-species state VMAX"
"cranidos",408,"NORMAL","V",408,"NORMAL","VSTAR","SPECIAL_CHAIN","House rule: V can continue into same-species state VSTAR"
"cranidos",409,"NORMAL","NORMAL",409,"NORMAL","EX","SPECIAL_BRANCH","House rule: NORMAL can branch into same-species special state EX"
"cranidos",409,"NORMAL","NORMAL",409,"NORMAL","GX","SPECIAL_BRANCH","House rule: NORMAL can branch into same-species special state GX"
"cranidos",409,"NORMAL","NORMAL",409,"NORMAL","V","SPECIAL_BRANCH","House rule: NORMAL can branch into same-species special state V"
"cranidos",409,"NORMAL","NORMAL",409,"NORMAL","MEGA","SPECIAL_BRANCH","House rule: NORMAL can branch into same-species special state MEGA"
"cranidos",409,"NORMAL","V",409,"NORMAL","VMAX","SPECIAL_CHAIN","House rule: V can continue into same-species state VMAX"
"cranidos",409,"NORMAL","V",409,"NORMAL","VSTAR","SPECIAL_CHAIN","House rule: V can continue into same-species state VSTAR"
"cresselia",488,"NORMAL","NORMAL",488,"NORMAL","EX","SPECIAL_BRANCH","House rule: NORMAL can branch into same-species special state EX"
"cresselia",488,"NORMAL","NORMAL",488,"NORMAL","GX","SPECIAL_BRANCH","House rule: NORMAL can branch into same-species special state GX"
"cresselia",488,"NORMAL","NORMAL",488,"NORMAL","V","SPECIAL_BRANCH","House rule: NORMAL can branch into same-species special state V"
"cresselia",488,"NORMAL","NORMAL",488,"NORMAL","MEGA","SPECIAL_BRANCH","House rule: NORMAL can branch into same-species special state MEGA"
"cresselia",488,"NORMAL","V",488,"NORMAL","VMAX","SPECIAL_CHAIN","House rule: V can continue into same-species state VMAX"
"cresselia",488,"NORMAL","V",488,"NORMAL","VSTAR","SPECIAL_CHAIN","House rule: V can continue into same-species state VSTAR"
"croagunk",453,"NORMAL","NORMAL",453,"NORMAL","EX","SPECIAL_BRANCH","House rule: NORMAL can branch into same-species special state EX"
"croagunk",453,"NORMAL","NORMAL",453,"NORMAL","GX","SPECIAL_BRANCH","House rule: NORMAL can branch into same-species special state GX"
"croagunk",453,"NORMAL","NORMAL",453,"NORMAL","V","SPECIAL_BRANCH","House rule: NORMAL can branch into same-species special state V"
"croagunk",453,"NORMAL","NORMAL",453,"NORMAL","MEGA","SPECIAL_BRANCH","House rule: NORMAL can branch into same-species special state MEGA"
"croagunk",453,"NORMAL","NORMAL",454,"NORMAL","NORMAL","STANDARD","Standard evolution from species tree"
"croagunk",453,"NORMAL","V",453,"NORMAL","VMAX","SPECIAL_CHAIN","House rule: V can continue into same-species state VMAX"
"croagunk",453,"NORMAL","V",453,"NORMAL","VSTAR","SPECIAL_CHAIN","House rule: V can continue into same-species state VSTAR"
"croagunk",454,"NORMAL","NORMAL",454,"NORMAL","EX","SPECIAL_BRANCH","House rule: NORMAL can branch into same-species special state EX"
"croagunk",454,"NORMAL","NORMAL",454,"NORMAL","GX","SPECIAL_BRANCH","House rule: NORMAL can branch into same-species special state GX"
"croagunk",454,"NORMAL","NORMAL",454,"NORMAL","V","SPECIAL_BRANCH","House rule: NORMAL can branch into same-species special state V"
"croagunk",454,"NORMAL","NORMAL",454,"NORMAL","MEGA","SPECIAL_BRANCH","House rule: NORMAL can branch into same-species special state MEGA"
"croagunk",454,"NORMAL","V",454,"NORMAL","VMAX","SPECIAL_CHAIN","House rule: V can continue into same-species state VMAX"
"croagunk",454,"NORMAL","V",454,"NORMAL","VSTAR","SPECIAL_CHAIN","House rule: V can continue into same-species state VSTAR"
"cryogonal",615,"NORMAL","NORMAL",615,"NORMAL","EX","SPECIAL_BRANCH","House rule: NORMAL can branch into same-species special state EX"
"cryogonal",615,"NORMAL","NORMAL",615,"NORMAL","GX","SPECIAL_BRANCH","House rule: NORMAL can branch into same-species special state GX"
"cryogonal",615,"NORMAL","NORMAL",615,"NORMAL","V","SPECIAL_BRANCH","House rule: NORMAL can branch into same-species special state V"
"cryogonal",615,"NORMAL","NORMAL",615,"NORMAL","MEGA","SPECIAL_BRANCH","House rule: NORMAL can branch into same-species special state MEGA"
"cryogonal",615,"NORMAL","V",615,"NORMAL","VMAX","SPECIAL_CHAIN","House rule: V can continue into same-species state VMAX"
"cryogonal",615,"NORMAL","V",615,"NORMAL","VSTAR","SPECIAL_CHAIN","House rule: V can continue into same-species state VSTAR"
"cubchoo",613,"NORMAL","NORMAL",613,"NORMAL","EX","SPECIAL_BRANCH","House rule: NORMAL can branch into same-species special state EX"
"cubchoo",613,"NORMAL","NORMAL",613,"NORMAL","GX","SPECIAL_BRANCH","House rule: NORMAL can branch into same-species special state GX"
"cubchoo",613,"NORMAL","NORMAL",613,"NORMAL","V","SPECIAL_BRANCH","House rule: NORMAL can branch into same-species special state V"
"cubchoo",613,"NORMAL","NORMAL",613,"NORMAL","MEGA","SPECIAL_BRANCH","House rule: NORMAL can branch into same-species special state MEGA"
"cubchoo",613,"NORMAL","NORMAL",614,"NORMAL","NORMAL","STANDARD","Standard evolution from species tree"
"cubchoo",613,"NORMAL","V",613,"NORMAL","VMAX","SPECIAL_CHAIN","House rule: V can continue into same-species state VMAX"
"cubchoo",613,"NORMAL","V",613,"NORMAL","VSTAR","SPECIAL_CHAIN","House rule: V can continue into same-species state VSTAR"
"cubchoo",614,"NORMAL","NORMAL",614,"NORMAL","EX","SPECIAL_BRANCH","House rule: NORMAL can branch into same-species special state EX"
"cubchoo",614,"NORMAL","NORMAL",614,"NORMAL","GX","SPECIAL_BRANCH","House rule: NORMAL can branch into same-species special state GX"
"cubchoo",614,"NORMAL","NORMAL",614,"NORMAL","V","SPECIAL_BRANCH","House rule: NORMAL can branch into same-species special state V"
"cubchoo",614,"NORMAL","NORMAL",614,"NORMAL","MEGA","SPECIAL_BRANCH","House rule: NORMAL can branch into same-species special state MEGA"
"cubchoo",614,"NORMAL","V",614,"NORMAL","VMAX","SPECIAL_CHAIN","House rule: V can continue into same-species state VMAX"
"cubchoo",614,"NORMAL","V",614,"NORMAL","VSTAR","SPECIAL_CHAIN","House rule: V can continue into same-species state VSTAR"
"cubone",104,"NORMAL","NORMAL",104,"NORMAL","EX","SPECIAL_BRANCH","House rule: NORMAL can branch into same-species special state EX"
"cubone",104,"NORMAL","NORMAL",104,"NORMAL","GX","SPECIAL_BRANCH","House rule: NORMAL can branch into same-species special state GX"
"cubone",104,"NORMAL","NORMAL",104,"NORMAL","V","SPECIAL_BRANCH","House rule: NORMAL can branch into same-species special state V"
"cubone",104,"NORMAL","NORMAL",104,"NORMAL","MEGA","SPECIAL_BRANCH","House rule: NORMAL can branch into same-species special state MEGA"
"cubone",104,"NORMAL","NORMAL",105,"NORMAL","NORMAL","STANDARD","Standard evolution from species tree"
"cubone",104,"NORMAL","V",104,"NORMAL","VMAX","SPECIAL_CHAIN","House rule: V can continue into same-species state VMAX"
"cubone",104,"NORMAL","V",104,"NORMAL","VSTAR","SPECIAL_CHAIN","House rule: V can continue into same-species state VSTAR"
"cubone",105,"NORMAL","NORMAL",105,"NORMAL","EX","SPECIAL_BRANCH","House rule: NORMAL can branch into same-species special state EX"
"cubone",105,"NORMAL","NORMAL",105,"NORMAL","GX","SPECIAL_BRANCH","House rule: NORMAL can branch into same-species special state GX"
"cubone",105,"NORMAL","NORMAL",105,"NORMAL","V","SPECIAL_BRANCH","House rule: NORMAL can branch into same-species special state V"
"cubone",105,"NORMAL","NORMAL",105,"NORMAL","MEGA","SPECIAL_BRANCH","House rule: NORMAL can branch into same-species special state MEGA"
"cubone",105,"NORMAL","V",105,"NORMAL","VMAX","SPECIAL_CHAIN","House rule: V can continue into same-species state VMAX"
"cubone",105,"NORMAL","V",105,"NORMAL","VSTAR","SPECIAL_CHAIN","House rule: V can continue into same-species state VSTAR"
"cufant",878,"NORMAL","NORMAL",878,"NORMAL","EX","SPECIAL_BRANCH","House rule: NORMAL can branch into same-species special state EX"
"cufant",878,"NORMAL","NORMAL",878,"NORMAL","GX","SPECIAL_BRANCH","House rule: NORMAL can branch into same-species special state GX"
"cufant",878,"NORMAL","NORMAL",878,"NORMAL","V","SPECIAL_BRANCH","House rule: NORMAL can branch into same-species special state V"
"cufant",878,"NORMAL","NORMAL",878,"NORMAL","MEGA","SPECIAL_BRANCH","House rule: NORMAL can branch into same-species special state MEGA"
"cufant",878,"NORMAL","NORMAL",879,"NORMAL","NORMAL","STANDARD","Standard evolution from species tree"
"cufant",878,"NORMAL","V",878,"NORMAL","VMAX","SPECIAL_CHAIN","House rule: V can continue into same-species state VMAX"
"cufant",878,"NORMAL","V",878,"NORMAL","VSTAR","SPECIAL_CHAIN","House rule: V can continue into same-species state VSTAR"
"cufant",879,"NORMAL","NORMAL",879,"NORMAL","EX","SPECIAL_BRANCH","House rule: NORMAL can branch into same-species special state EX"
"cufant",879,"NORMAL","NORMAL",879,"NORMAL","GX","SPECIAL_BRANCH","House rule: NORMAL can branch into same-species special state GX"
"cufant",879,"NORMAL","NORMAL",879,"NORMAL","V","SPECIAL_BRANCH","House rule: NORMAL can branch into same-species special state V"
"cufant",879,"NORMAL","NORMAL",879,"NORMAL","MEGA","SPECIAL_BRANCH","House rule: NORMAL can branch into same-species special state MEGA"
"cufant",879,"NORMAL","V",879,"NORMAL","VMAX","SPECIAL_CHAIN","House rule: V can continue into same-species state VMAX"
"cufant",879,"NORMAL","V",879,"NORMAL","VSTAR","SPECIAL_CHAIN","House rule: V can continue into same-species state VSTAR"
"cutiefly",742,"NORMAL","NORMAL",742,"NORMAL","EX","SPECIAL_BRANCH","House rule: NORMAL can branch into same-species special state EX"
"cutiefly",742,"NORMAL","NORMAL",742,"NORMAL","GX","SPECIAL_BRANCH","House rule: NORMAL can branch into same-species special state GX"
"cutiefly",742,"NORMAL","NORMAL",742,"NORMAL","V","SPECIAL_BRANCH","House rule: NORMAL can branch into same-species special state V"
"cutiefly",742,"NORMAL","NORMAL",742,"NORMAL","MEGA","SPECIAL_BRANCH","House rule: NORMAL can branch into same-species special state MEGA"
"cutiefly",742,"NORMAL","NORMAL",743,"NORMAL","NORMAL","STANDARD","Standard evolution from species tree"
"cutiefly",742,"NORMAL","V",742,"NORMAL","VMAX","SPECIAL_CHAIN","House rule: V can continue into same-species state VMAX"
"cutiefly",742,"NORMAL","V",742,"NORMAL","VSTAR","SPECIAL_CHAIN","House rule: V can continue into same-species state VSTAR"
"cutiefly",743,"NORMAL","NORMAL",743,"NORMAL","EX","SPECIAL_BRANCH","House rule: NORMAL can branch into same-species special state EX"
"cutiefly",743,"NORMAL","NORMAL",743,"NORMAL","GX","SPECIAL_BRANCH","House rule: NORMAL can branch into same-species special state GX"
"cutiefly",743,"NORMAL","NORMAL",743,"NORMAL","V","SPECIAL_BRANCH","House rule: NORMAL can branch into same-species special state V"
"cutiefly",743,"NORMAL","NORMAL",743,"NORMAL","MEGA","SPECIAL_BRANCH","House rule: NORMAL can branch into same-species special state MEGA"
"cutiefly",743,"NORMAL","V",743,"NORMAL","VMAX","SPECIAL_CHAIN","House rule: V can continue into same-species state VMAX"
"cutiefly",743,"NORMAL","V",743,"NORMAL","VSTAR","SPECIAL_CHAIN","House rule: V can continue into same-species state VSTAR"
"cyclizar",967,"NORMAL","NORMAL",967,"NORMAL","EX","SPECIAL_BRANCH","House rule: NORMAL can branch into same-species special state EX"
"cyclizar",967,"NORMAL","NORMAL",967,"NORMAL","GX","SPECIAL_BRANCH","House rule: NORMAL can branch into same-species special state GX"
"cyclizar",967,"NORMAL","NORMAL",967,"NORMAL","V","SPECIAL_BRANCH","House rule: NORMAL can branch into same-species special state V"
"cyclizar",967,"NORMAL","NORMAL",967,"NORMAL","MEGA","SPECIAL_BRANCH","House rule: NORMAL can branch into same-species special state MEGA"
"cyclizar",967,"NORMAL","V",967,"NORMAL","VMAX","SPECIAL_CHAIN","House rule: V can continue into same-species state VMAX"
"cyclizar",967,"NORMAL","V",967,"NORMAL","VSTAR","SPECIAL_CHAIN","House rule: V can continue into same-species state VSTAR"
"cyndaquil",155,"NORMAL","NORMAL",155,"NORMAL","EX","SPECIAL_BRANCH","House rule: NORMAL can branch into same-species special state EX"
"cyndaquil",155,"NORMAL","NORMAL",155,"NORMAL","GX","SPECIAL_BRANCH","House rule: NORMAL can branch into same-species special state GX"
"cyndaquil",155,"NORMAL","NORMAL",155,"NORMAL","V","SPECIAL_BRANCH","House rule: NORMAL can branch into same-species special state V"
"cyndaquil",155,"NORMAL","NORMAL",155,"NORMAL","MEGA","SPECIAL_BRANCH","House rule: NORMAL can branch into same-species special state MEGA"
"cyndaquil",155,"NORMAL","NORMAL",156,"NORMAL","NORMAL","STANDARD","Standard evolution from species tree"
"cyndaquil",155,"NORMAL","V",155,"NORMAL","VMAX","SPECIAL_CHAIN","House rule: V can continue into same-species state VMAX"
"cyndaquil",155,"NORMAL","V",155,"NORMAL","VSTAR","SPECIAL_CHAIN","House rule: V can continue into same-species state VSTAR"
"cyndaquil",156,"NORMAL","NORMAL",156,"NORMAL","EX","SPECIAL_BRANCH","House rule: NORMAL can branch into same-species special state EX"
"cyndaquil",156,"NORMAL","NORMAL",156,"NORMAL","GX","SPECIAL_BRANCH","House rule: NORMAL can branch into same-species special state GX"
"cyndaquil",156,"NORMAL","NORMAL",156,"NORMAL","V","SPECIAL_BRANCH","House rule: NORMAL can branch into same-species special state V"
"cyndaquil",156,"NORMAL","NORMAL",156,"NORMAL","MEGA","SPECIAL_BRANCH","House rule: NORMAL can branch into same-species special state MEGA"
"cyndaquil",156,"NORMAL","NORMAL",157,"NORMAL","NORMAL","STANDARD","Standard evolution from species tree"
"cyndaquil",156,"NORMAL","V",156,"NORMAL","VMAX","SPECIAL_CHAIN","House rule: V can continue into same-species state VMAX"
"cyndaquil",156,"NORMAL","V",156,"NORMAL","VSTAR","SPECIAL_CHAIN","House rule: V can continue into same-species state VSTAR"
"cyndaquil",157,"NORMAL","NORMAL",157,"NORMAL","EX","SPECIAL_BRANCH","House rule: NORMAL can branch into same-species special state EX"
"cyndaquil",157,"NORMAL","NORMAL",157,"NORMAL","GX","SPECIAL_BRANCH","House rule: NORMAL can branch into same-species special state GX"
"cyndaquil",157,"NORMAL","NORMAL",157,"NORMAL","V","SPECIAL_BRANCH","House rule: NORMAL can branch into same-species special state V"
"cyndaquil",157,"NORMAL","NORMAL",157,"NORMAL","MEGA","SPECIAL_BRANCH","House rule: NORMAL can branch into same-species special state MEGA"
"cyndaquil",157,"NORMAL","V",157,"NORMAL","VMAX","SPECIAL_CHAIN","House rule: V can continue into same-species state VMAX"
"cyndaquil",157,"NORMAL","V",157,"NORMAL","VSTAR","SPECIAL_CHAIN","House rule: V can continue into same-species state VSTAR"
"darkrai",491,"NORMAL","NORMAL",491,"NORMAL","EX","SPECIAL_BRANCH","House rule: NORMAL can branch into same-species special state EX"
"darkrai",491,"NORMAL","NORMAL",491,"NORMAL","GX","SPECIAL_BRANCH","House rule: NORMAL can branch into same-species special state GX"
"darkrai",491,"NORMAL","NORMAL",491,"NORMAL","V","SPECIAL_BRANCH","House rule: NORMAL can branch into same-species special state V"
"darkrai",491,"NORMAL","NORMAL",491,"NORMAL","MEGA","SPECIAL_BRANCH","House rule: NORMAL can branch into same-species special state MEGA"
"darkrai",491,"NORMAL","V",491,"NORMAL","VMAX","SPECIAL_CHAIN","House rule: V can continue into same-species state VMAX"
"darkrai",491,"NORMAL","V",491,"NORMAL","VSTAR","SPECIAL_CHAIN","House rule: V can continue into same-species state VSTAR"
"darumaka",554,"NORMAL","NORMAL",554,"NORMAL","EX","SPECIAL_BRANCH","House rule: NORMAL can branch into same-species special state EX"
"darumaka",554,"NORMAL","NORMAL",554,"NORMAL","GX","SPECIAL_BRANCH","House rule: NORMAL can branch into same-species special state GX"
"darumaka",554,"NORMAL","NORMAL",554,"NORMAL","V","SPECIAL_BRANCH","House rule: NORMAL can branch into same-species special state V"
"darumaka",554,"NORMAL","NORMAL",554,"NORMAL","MEGA","SPECIAL_BRANCH","House rule: NORMAL can branch into same-species special state MEGA"
"darumaka",554,"NORMAL","NORMAL",555,"NORMAL","NORMAL","STANDARD","Standard evolution from species tree"
"darumaka",554,"NORMAL","V",554,"NORMAL","VMAX","SPECIAL_CHAIN","House rule: V can continue into same-species state VMAX"
"darumaka",554,"NORMAL","V",554,"NORMAL","VSTAR","SPECIAL_CHAIN","House rule: V can continue into same-species state VSTAR"
"darumaka",555,"NORMAL","NORMAL",555,"NORMAL","EX","SPECIAL_BRANCH","House rule: NORMAL can branch into same-species special state EX"
"darumaka",555,"NORMAL","NORMAL",555,"NORMAL","GX","SPECIAL_BRANCH","House rule: NORMAL can branch into same-species special state GX"
"darumaka",555,"NORMAL","NORMAL",555,"NORMAL","V","SPECIAL_BRANCH","House rule: NORMAL can branch into same-species special state V"
"darumaka",555,"NORMAL","NORMAL",555,"NORMAL","MEGA","SPECIAL_BRANCH","House rule: NORMAL can branch into same-species special state MEGA"
"darumaka",555,"NORMAL","V",555,"NORMAL","VMAX","SPECIAL_CHAIN","House rule: V can continue into same-species state VMAX"
"darumaka",555,"NORMAL","V",555,"NORMAL","VSTAR","SPECIAL_CHAIN","House rule: V can continue into same-species state VSTAR"
"dedenne",702,"NORMAL","NORMAL",702,"NORMAL","EX","SPECIAL_BRANCH","House rule: NORMAL can branch into same-species special state EX"
"dedenne",702,"NORMAL","NORMAL",702,"NORMAL","GX","SPECIAL_BRANCH","House rule: NORMAL can branch into same-species special state GX"
"dedenne",702,"NORMAL","NORMAL",702,"NORMAL","V","SPECIAL_BRANCH","House rule: NORMAL can branch into same-species special state V"
"dedenne",702,"NORMAL","NORMAL",702,"NORMAL","MEGA","SPECIAL_BRANCH","House rule: NORMAL can branch into same-species special state MEGA"
"dedenne",702,"NORMAL","V",702,"NORMAL","VMAX","SPECIAL_CHAIN","House rule: V can continue into same-species state VMAX"
"dedenne",702,"NORMAL","V",702,"NORMAL","VSTAR","SPECIAL_CHAIN","House rule: V can continue into same-species state VSTAR"
"deerling",585,"NORMAL","NORMAL",585,"NORMAL","EX","SPECIAL_BRANCH","House rule: NORMAL can branch into same-species special state EX"
"deerling",585,"NORMAL","NORMAL",585,"NORMAL","GX","SPECIAL_BRANCH","House rule: NORMAL can branch into same-species special state GX"
"deerling",585,"NORMAL","NORMAL",585,"NORMAL","V","SPECIAL_BRANCH","House rule: NORMAL can branch into same-species special state V"
"deerling",585,"NORMAL","NORMAL",585,"NORMAL","MEGA","SPECIAL_BRANCH","House rule: NORMAL can branch into same-species special state MEGA"
"deerling",585,"NORMAL","NORMAL",586,"NORMAL","NORMAL","STANDARD","Standard evolution from species tree"
"deerling",585,"NORMAL","V",585,"NORMAL","VMAX","SPECIAL_CHAIN","House rule: V can continue into same-species state VMAX"
"deerling",585,"NORMAL","V",585,"NORMAL","VSTAR","SPECIAL_CHAIN","House rule: V can continue into same-species state VSTAR"
"deerling",586,"NORMAL","NORMAL",586,"NORMAL","EX","SPECIAL_BRANCH","House rule: NORMAL can branch into same-species special state EX"
"deerling",586,"NORMAL","NORMAL",586,"NORMAL","GX","SPECIAL_BRANCH","House rule: NORMAL can branch into same-species special state GX"
"deerling",586,"NORMAL","NORMAL",586,"NORMAL","V","SPECIAL_BRANCH","House rule: NORMAL can branch into same-species special state V"
"deerling",586,"NORMAL","NORMAL",586,"NORMAL","MEGA","SPECIAL_BRANCH","House rule: NORMAL can branch into same-species special state MEGA"
"deerling",586,"NORMAL","V",586,"NORMAL","VMAX","SPECIAL_CHAIN","House rule: V can continue into same-species state VMAX"
"deerling",586,"NORMAL","V",586,"NORMAL","VSTAR","SPECIAL_CHAIN","House rule: V can continue into same-species state VSTAR"
"deino",633,"NORMAL","NORMAL",633,"NORMAL","EX","SPECIAL_BRANCH","House rule: NORMAL can branch into same-species special state EX"
"deino",633,"NORMAL","NORMAL",633,"NORMAL","GX","SPECIAL_BRANCH","House rule: NORMAL can branch into same-species special state GX"
"deino",633,"NORMAL","NORMAL",633,"NORMAL","V","SPECIAL_BRANCH","House rule: NORMAL can branch into same-species special state V"
"deino",633,"NORMAL","NORMAL",633,"NORMAL","MEGA","SPECIAL_BRANCH","House rule: NORMAL can branch into same-species special state MEGA"
"deino",633,"NORMAL","NORMAL",634,"NORMAL","NORMAL","STANDARD","Standard evolution from species tree"
"deino",633,"NORMAL","V",633,"NORMAL","VMAX","SPECIAL_CHAIN","House rule: V can continue into same-species state VMAX"
"deino",633,"NORMAL","V",633,"NORMAL","VSTAR","SPECIAL_CHAIN","House rule: V can continue into same-species state VSTAR"
"deino",634,"NORMAL","NORMAL",634,"NORMAL","EX","SPECIAL_BRANCH","House rule: NORMAL can branch into same-species special state EX"
"deino",634,"NORMAL","NORMAL",634,"NORMAL","GX","SPECIAL_BRANCH","House rule: NORMAL can branch into same-species special state GX"
"deino",634,"NORMAL","NORMAL",634,"NORMAL","V","SPECIAL_BRANCH","House rule: NORMAL can branch into same-species special state V"
"deino",634,"NORMAL","NORMAL",634,"NORMAL","MEGA","SPECIAL_BRANCH","House rule: NORMAL can branch into same-species special state MEGA"
"deino",634,"NORMAL","NORMAL",635,"NORMAL","NORMAL","STANDARD","Standard evolution from species tree"
"deino",634,"NORMAL","V",634,"NORMAL","VMAX","SPECIAL_CHAIN","House rule: V can continue into same-species state VMAX"
"deino",634,"NORMAL","V",634,"NORMAL","VSTAR","SPECIAL_CHAIN","House rule: V can continue into same-species state VSTAR"
"deino",635,"NORMAL","NORMAL",635,"NORMAL","EX","SPECIAL_BRANCH","House rule: NORMAL can branch into same-species special state EX"
"deino",635,"NORMAL","NORMAL",635,"NORMAL","GX","SPECIAL_BRANCH","House rule: NORMAL can branch into same-species special state GX"
"deino",635,"NORMAL","NORMAL",635,"NORMAL","V","SPECIAL_BRANCH","House rule: NORMAL can branch into same-species special state V"
"deino",635,"NORMAL","NORMAL",635,"NORMAL","MEGA","SPECIAL_BRANCH","House rule: NORMAL can branch into same-species special state MEGA"
"deino",635,"NORMAL","V",635,"NORMAL","VMAX","SPECIAL_CHAIN","House rule: V can continue into same-species state VMAX"
"deino",635,"NORMAL","V",635,"NORMAL","VSTAR","SPECIAL_CHAIN","House rule: V can continue into same-species state VSTAR"
"delibird",225,"NORMAL","NORMAL",225,"NORMAL","EX","SPECIAL_BRANCH","House rule: NORMAL can branch into same-species special state EX"
"delibird",225,"NORMAL","NORMAL",225,"NORMAL","GX","SPECIAL_BRANCH","House rule: NORMAL can branch into same-species special state GX"
"delibird",225,"NORMAL","NORMAL",225,"NORMAL","V","SPECIAL_BRANCH","House rule: NORMAL can branch into same-species special state V"
"delibird",225,"NORMAL","NORMAL",225,"NORMAL","MEGA","SPECIAL_BRANCH","House rule: NORMAL can branch into same-species special state MEGA"
"delibird",225,"NORMAL","V",225,"NORMAL","VMAX","SPECIAL_CHAIN","House rule: V can continue into same-species state VMAX"
"delibird",225,"NORMAL","V",225,"NORMAL","VSTAR","SPECIAL_CHAIN","House rule: V can continue into same-species state VSTAR"
"deoxys",386,"NORMAL","NORMAL",386,"NORMAL","EX","SPECIAL_BRANCH","House rule: NORMAL can branch into same-species special state EX"
"deoxys",386,"NORMAL","NORMAL",386,"NORMAL","GX","SPECIAL_BRANCH","House rule: NORMAL can branch into same-species special state GX"
"deoxys",386,"NORMAL","NORMAL",386,"NORMAL","V","SPECIAL_BRANCH","House rule: NORMAL can branch into same-species special state V"
"deoxys",386,"NORMAL","NORMAL",386,"NORMAL","MEGA","SPECIAL_BRANCH","House rule: NORMAL can branch into same-species special state MEGA"
"deoxys",386,"NORMAL","V",386,"NORMAL","VMAX","SPECIAL_CHAIN","House rule: V can continue into same-species state VMAX"
"deoxys",386,"NORMAL","V",386,"NORMAL","VSTAR","SPECIAL_CHAIN","House rule: V can continue into same-species state VSTAR"
"dewpider",751,"NORMAL","NORMAL",751,"NORMAL","EX","SPECIAL_BRANCH","House rule: NORMAL can branch into same-species special state EX"
"dewpider",751,"NORMAL","NORMAL",751,"NORMAL","GX","SPECIAL_BRANCH","House rule: NORMAL can branch into same-species special state GX"
"dewpider",751,"NORMAL","NORMAL",751,"NORMAL","V","SPECIAL_BRANCH","House rule: NORMAL can branch into same-species special state V"
"dewpider",751,"NORMAL","NORMAL",751,"NORMAL","MEGA","SPECIAL_BRANCH","House rule: NORMAL can branch into same-species special state MEGA"
"dewpider",751,"NORMAL","NORMAL",752,"NORMAL","NORMAL","STANDARD","Standard evolution from species tree"
"dewpider",751,"NORMAL","V",751,"NORMAL","VMAX","SPECIAL_CHAIN","House rule: V can continue into same-species state VMAX"
"dewpider",751,"NORMAL","V",751,"NORMAL","VSTAR","SPECIAL_CHAIN","House rule: V can continue into same-species state VSTAR"
"dewpider",752,"NORMAL","NORMAL",752,"NORMAL","EX","SPECIAL_BRANCH","House rule: NORMAL can branch into same-species special state EX"
"dewpider",752,"NORMAL","NORMAL",752,"NORMAL","GX","SPECIAL_BRANCH","House rule: NORMAL can branch into same-species special state GX"
"dewpider",752,"NORMAL","NORMAL",752,"NORMAL","V","SPECIAL_BRANCH","House rule: NORMAL can branch into same-species special state V"
"dewpider",752,"NORMAL","NORMAL",752,"NORMAL","MEGA","SPECIAL_BRANCH","House rule: NORMAL can branch into same-species special state MEGA"
"dewpider",752,"NORMAL","V",752,"NORMAL","VMAX","SPECIAL_CHAIN","House rule: V can continue into same-species state VMAX"
"dewpider",752,"NORMAL","V",752,"NORMAL","VSTAR","SPECIAL_CHAIN","House rule: V can continue into same-species state VSTAR"
"dhelmise",781,"NORMAL","NORMAL",781,"NORMAL","EX","SPECIAL_BRANCH","House rule: NORMAL can branch into same-species special state EX"
"dhelmise",781,"NORMAL","NORMAL",781,"NORMAL","GX","SPECIAL_BRANCH","House rule: NORMAL can branch into same-species special state GX"
"dhelmise",781,"NORMAL","NORMAL",781,"NORMAL","V","SPECIAL_BRANCH","House rule: NORMAL can branch into same-species special state V"
"dhelmise",781,"NORMAL","NORMAL",781,"NORMAL","MEGA","SPECIAL_BRANCH","House rule: NORMAL can branch into same-species special state MEGA"
"dhelmise",781,"NORMAL","V",781,"NORMAL","VMAX","SPECIAL_CHAIN","House rule: V can continue into same-species state VMAX"
"dhelmise",781,"NORMAL","V",781,"NORMAL","VSTAR","SPECIAL_CHAIN","House rule: V can continue into same-species state VSTAR"
"dialga",483,"NORMAL","NORMAL",483,"NORMAL","EX","SPECIAL_BRANCH","House rule: NORMAL can branch into same-species special state EX"
"dialga",483,"NORMAL","NORMAL",483,"NORMAL","GX","SPECIAL_BRANCH","House rule: NORMAL can branch into same-species special state GX"
"dialga",483,"NORMAL","NORMAL",483,"NORMAL","V","SPECIAL_BRANCH","House rule: NORMAL can branch into same-species special state V"
"dialga",483,"NORMAL","NORMAL",483,"NORMAL","MEGA","SPECIAL_BRANCH","House rule: NORMAL can branch into same-species special state MEGA"
"dialga",483,"NORMAL","V",483,"NORMAL","VMAX","SPECIAL_CHAIN","House rule: V can continue into same-species state VMAX"
"dialga",483,"NORMAL","V",483,"NORMAL","VSTAR","SPECIAL_CHAIN","House rule: V can continue into same-species state VSTAR"
"diancie",719,"NORMAL","NORMAL",719,"NORMAL","EX","SPECIAL_BRANCH","House rule: NORMAL can branch into same-species special state EX"
"diancie",719,"NORMAL","NORMAL",719,"NORMAL","GX","SPECIAL_BRANCH","House rule: NORMAL can branch into same-species special state GX"
"diancie",719,"NORMAL","NORMAL",719,"NORMAL","V","SPECIAL_BRANCH","House rule: NORMAL can branch into same-species special state V"
"diancie",719,"NORMAL","NORMAL",719,"NORMAL","MEGA","SPECIAL_BRANCH","House rule: NORMAL can branch into same-species special state MEGA"
"diancie",719,"NORMAL","V",719,"NORMAL","VMAX","SPECIAL_CHAIN","House rule: V can continue into same-species state VMAX"
"diancie",719,"NORMAL","V",719,"NORMAL","VSTAR","SPECIAL_CHAIN","House rule: V can continue into same-species state VSTAR"
"diglett",50,"NORMAL","NORMAL",50,"NORMAL","EX","SPECIAL_BRANCH","House rule: NORMAL can branch into same-species special state EX"
"diglett",50,"NORMAL","NORMAL",50,"NORMAL","GX","SPECIAL_BRANCH","House rule: NORMAL can branch into same-species special state GX"
"diglett",50,"NORMAL","NORMAL",50,"NORMAL","V","SPECIAL_BRANCH","House rule: NORMAL can branch into same-species special state V"
"diglett",50,"NORMAL","NORMAL",50,"NORMAL","MEGA","SPECIAL_BRANCH","House rule: NORMAL can branch into same-species special state MEGA"
"diglett",50,"NORMAL","NORMAL",51,"NORMAL","NORMAL","STANDARD","Standard evolution from species tree"
"diglett",50,"NORMAL","V",50,"NORMAL","VMAX","SPECIAL_CHAIN","House rule: V can continue into same-species state VMAX"
"diglett",50,"NORMAL","V",50,"NORMAL","VSTAR","SPECIAL_CHAIN","House rule: V can continue into same-species state VSTAR"
"diglett",51,"NORMAL","NORMAL",51,"NORMAL","EX","SPECIAL_BRANCH","House rule: NORMAL can branch into same-species special state EX"
"diglett",51,"NORMAL","NORMAL",51,"NORMAL","GX","SPECIAL_BRANCH","House rule: NORMAL can branch into same-species special state GX"
"diglett",51,"NORMAL","NORMAL",51,"NORMAL","V","SPECIAL_BRANCH","House rule: NORMAL can branch into same-species special state V"
"diglett",51,"NORMAL","NORMAL",51,"NORMAL","MEGA","SPECIAL_BRANCH","House rule: NORMAL can branch into same-species special state MEGA"
"diglett",51,"NORMAL","V",51,"NORMAL","VMAX","SPECIAL_CHAIN","House rule: V can continue into same-species state VMAX"
"diglett",51,"NORMAL","V",51,"NORMAL","VSTAR","SPECIAL_CHAIN","House rule: V can continue into same-species state VSTAR"
"ditto",132,"NORMAL","NORMAL",132,"NORMAL","EX","SPECIAL_BRANCH","House rule: NORMAL can branch into same-species special state EX"
"ditto",132,"NORMAL","NORMAL",132,"NORMAL","GX","SPECIAL_BRANCH","House rule: NORMAL can branch into same-species special state GX"
"ditto",132,"NORMAL","NORMAL",132,"NORMAL","V","SPECIAL_BRANCH","House rule: NORMAL can branch into same-species special state V"
"ditto",132,"NORMAL","NORMAL",132,"NORMAL","MEGA","SPECIAL_BRANCH","House rule: NORMAL can branch into same-species special state MEGA"
"ditto",132,"NORMAL","V",132,"NORMAL","VMAX","SPECIAL_CHAIN","House rule: V can continue into same-species state VMAX"
"ditto",132,"NORMAL","V",132,"NORMAL","VSTAR","SPECIAL_CHAIN","House rule: V can continue into same-species state VSTAR"
"doduo",84,"NORMAL","NORMAL",84,"NORMAL","EX","SPECIAL_BRANCH","House rule: NORMAL can branch into same-species special state EX"
"doduo",84,"NORMAL","NORMAL",84,"NORMAL","GX","SPECIAL_BRANCH","House rule: NORMAL can branch into same-species special state GX"
"doduo",84,"NORMAL","NORMAL",84,"NORMAL","V","SPECIAL_BRANCH","House rule: NORMAL can branch into same-species special state V"
"doduo",84,"NORMAL","NORMAL",84,"NORMAL","MEGA","SPECIAL_BRANCH","House rule: NORMAL can branch into same-species special state MEGA"
"doduo",84,"NORMAL","NORMAL",85,"NORMAL","NORMAL","STANDARD","Standard evolution from species tree"
"doduo",84,"NORMAL","V",84,"NORMAL","VMAX","SPECIAL_CHAIN","House rule: V can continue into same-species state VMAX"
"doduo",84,"NORMAL","V",84,"NORMAL","VSTAR","SPECIAL_CHAIN","House rule: V can continue into same-species state VSTAR"
"doduo",85,"NORMAL","NORMAL",85,"NORMAL","EX","SPECIAL_BRANCH","House rule: NORMAL can branch into same-species special state EX"
"doduo",85,"NORMAL","NORMAL",85,"NORMAL","GX","SPECIAL_BRANCH","House rule: NORMAL can branch into same-species special state GX"
"doduo",85,"NORMAL","NORMAL",85,"NORMAL","V","SPECIAL_BRANCH","House rule: NORMAL can branch into same-species special state V"
"doduo",85,"NORMAL","NORMAL",85,"NORMAL","MEGA","SPECIAL_BRANCH","House rule: NORMAL can branch into same-species special state MEGA"
"doduo",85,"NORMAL","V",85,"NORMAL","VMAX","SPECIAL_CHAIN","House rule: V can continue into same-species state VMAX"
"doduo",85,"NORMAL","V",85,"NORMAL","VSTAR","SPECIAL_CHAIN","House rule: V can continue into same-species state VSTAR"
"dondozo",977,"NORMAL","NORMAL",977,"NORMAL","EX","SPECIAL_BRANCH","House rule: NORMAL can branch into same-species special state EX"
"dondozo",977,"NORMAL","NORMAL",977,"NORMAL","GX","SPECIAL_BRANCH","House rule: NORMAL can branch into same-species special state GX"
"dondozo",977,"NORMAL","NORMAL",977,"NORMAL","V","SPECIAL_BRANCH","House rule: NORMAL can branch into same-species special state V"
"dondozo",977,"NORMAL","NORMAL",977,"NORMAL","MEGA","SPECIAL_BRANCH","House rule: NORMAL can branch into same-species special state MEGA"
"dondozo",977,"NORMAL","V",977,"NORMAL","VMAX","SPECIAL_CHAIN","House rule: V can continue into same-species state VMAX"
"dondozo",977,"NORMAL","V",977,"NORMAL","VSTAR","SPECIAL_CHAIN","House rule: V can continue into same-species state VSTAR"
"dracovish",882,"NORMAL","NORMAL",882,"NORMAL","EX","SPECIAL_BRANCH","House rule: NORMAL can branch into same-species special state EX"
"dracovish",882,"NORMAL","NORMAL",882,"NORMAL","GX","SPECIAL_BRANCH","House rule: NORMAL can branch into same-species special state GX"
"dracovish",882,"NORMAL","NORMAL",882,"NORMAL","V","SPECIAL_BRANCH","House rule: NORMAL can branch into same-species special state V"
"dracovish",882,"NORMAL","NORMAL",882,"NORMAL","MEGA","SPECIAL_BRANCH","House rule: NORMAL can branch into same-species special state MEGA"
"dracovish",882,"NORMAL","V",882,"NORMAL","VMAX","SPECIAL_CHAIN","House rule: V can continue into same-species state VMAX"
"dracovish",882,"NORMAL","V",882,"NORMAL","VSTAR","SPECIAL_CHAIN","House rule: V can continue into same-species state VSTAR"
"dracozolt",880,"NORMAL","NORMAL",880,"NORMAL","EX","SPECIAL_BRANCH","House rule: NORMAL can branch into same-species special state EX"
"dracozolt",880,"NORMAL","NORMAL",880,"NORMAL","GX","SPECIAL_BRANCH","House rule: NORMAL can branch into same-species special state GX"
"dracozolt",880,"NORMAL","NORMAL",880,"NORMAL","V","SPECIAL_BRANCH","House rule: NORMAL can branch into same-species special state V"
"dracozolt",880,"NORMAL","NORMAL",880,"NORMAL","MEGA","SPECIAL_BRANCH","House rule: NORMAL can branch into same-species special state MEGA"
"dracozolt",880,"NORMAL","V",880,"NORMAL","VMAX","SPECIAL_CHAIN","House rule: V can continue into same-species state VMAX"
"dracozolt",880,"NORMAL","V",880,"NORMAL","VSTAR","SPECIAL_CHAIN","House rule: V can continue into same-species state VSTAR"
"drampa",780,"NORMAL","NORMAL",780,"NORMAL","EX","SPECIAL_BRANCH","House rule: NORMAL can branch into same-species special state EX"
"drampa",780,"NORMAL","NORMAL",780,"NORMAL","GX","SPECIAL_BRANCH","House rule: NORMAL can branch into same-species special state GX"
"drampa",780,"NORMAL","NORMAL",780,"NORMAL","V","SPECIAL_BRANCH","House rule: NORMAL can branch into same-species special state V"
"drampa",780,"NORMAL","NORMAL",780,"NORMAL","MEGA","SPECIAL_BRANCH","House rule: NORMAL can branch into same-species special state MEGA"
"drampa",780,"NORMAL","V",780,"NORMAL","VMAX","SPECIAL_CHAIN","House rule: V can continue into same-species state VMAX"
"drampa",780,"NORMAL","V",780,"NORMAL","VSTAR","SPECIAL_CHAIN","House rule: V can continue into same-species state VSTAR"
"dratini",147,"NORMAL","NORMAL",147,"NORMAL","EX","SPECIAL_BRANCH","House rule: NORMAL can branch into same-species special state EX"
"dratini",147,"NORMAL","NORMAL",147,"NORMAL","GX","SPECIAL_BRANCH","House rule: NORMAL can branch into same-species special state GX"
"dratini",147,"NORMAL","NORMAL",147,"NORMAL","V","SPECIAL_BRANCH","House rule: NORMAL can branch into same-species special state V"
"dratini",147,"NORMAL","NORMAL",147,"NORMAL","MEGA","SPECIAL_BRANCH","House rule: NORMAL can branch into same-species special state MEGA"
"dratini",147,"NORMAL","NORMAL",148,"NORMAL","NORMAL","STANDARD","Standard evolution from species tree"
"dratini",147,"NORMAL","V",147,"NORMAL","VMAX","SPECIAL_CHAIN","House rule: V can continue into same-species state VMAX"
"dratini",147,"NORMAL","V",147,"NORMAL","VSTAR","SPECIAL_CHAIN","House rule: V can continue into same-species state VSTAR"
"dratini",148,"NORMAL","NORMAL",148,"NORMAL","EX","SPECIAL_BRANCH","House rule: NORMAL can branch into same-species special state EX"
"dratini",148,"NORMAL","NORMAL",148,"NORMAL","GX","SPECIAL_BRANCH","House rule: NORMAL can branch into same-species special state GX"
"dratini",148,"NORMAL","NORMAL",148,"NORMAL","V","SPECIAL_BRANCH","House rule: NORMAL can branch into same-species special state V"
"dratini",148,"NORMAL","NORMAL",148,"NORMAL","MEGA","SPECIAL_BRANCH","House rule: NORMAL can branch into same-species special state MEGA"
"dratini",148,"NORMAL","NORMAL",149,"NORMAL","NORMAL","STANDARD","Standard evolution from species tree"
"dratini",148,"NORMAL","V",148,"NORMAL","VMAX","SPECIAL_CHAIN","House rule: V can continue into same-species state VMAX"
"dratini",148,"NORMAL","V",148,"NORMAL","VSTAR","SPECIAL_CHAIN","House rule: V can continue into same-species state VSTAR"
"dratini",149,"NORMAL","NORMAL",149,"NORMAL","EX","SPECIAL_BRANCH","House rule: NORMAL can branch into same-species special state EX"
"dratini",149,"NORMAL","NORMAL",149,"NORMAL","GX","SPECIAL_BRANCH","House rule: NORMAL can branch into same-species special state GX"
"dratini",149,"NORMAL","NORMAL",149,"NORMAL","V","SPECIAL_BRANCH","House rule: NORMAL can branch into same-species special state V"
"dratini",149,"NORMAL","NORMAL",149,"NORMAL","MEGA","SPECIAL_BRANCH","House rule: NORMAL can branch into same-species special state MEGA"
"dratini",149,"NORMAL","V",149,"NORMAL","VMAX","SPECIAL_CHAIN","House rule: V can continue into same-species state VMAX"
"dratini",149,"NORMAL","V",149,"NORMAL","VSTAR","SPECIAL_CHAIN","House rule: V can continue into same-species state VSTAR"
"dreepy",885,"NORMAL","NORMAL",885,"NORMAL","EX","SPECIAL_BRANCH","House rule: NORMAL can branch into same-species special state EX"
"dreepy",885,"NORMAL","NORMAL",885,"NORMAL","GX","SPECIAL_BRANCH","House rule: NORMAL can branch into same-species special state GX"
"dreepy",885,"NORMAL","NORMAL",885,"NORMAL","V","SPECIAL_BRANCH","House rule: NORMAL can branch into same-species special state V"
"dreepy",885,"NORMAL","NORMAL",885,"NORMAL","MEGA","SPECIAL_BRANCH","House rule: NORMAL can branch into same-species special state MEGA"
"dreepy",885,"NORMAL","NORMAL",886,"NORMAL","NORMAL","STANDARD","Standard evolution from species tree"
"dreepy",885,"NORMAL","V",885,"NORMAL","VMAX","SPECIAL_CHAIN","House rule: V can continue into same-species state VMAX"
"dreepy",885,"NORMAL","V",885,"NORMAL","VSTAR","SPECIAL_CHAIN","House rule: V can continue into same-species state VSTAR"
"dreepy",886,"NORMAL","NORMAL",886,"NORMAL","EX","SPECIAL_BRANCH","House rule: NORMAL can branch into same-species special state EX"
"dreepy",886,"NORMAL","NORMAL",886,"NORMAL","GX","SPECIAL_BRANCH","House rule: NORMAL can branch into same-species special state GX"
"dreepy",886,"NORMAL","NORMAL",886,"NORMAL","V","SPECIAL_BRANCH","House rule: NORMAL can branch into same-species special state V"
"dreepy",886,"NORMAL","NORMAL",886,"NORMAL","MEGA","SPECIAL_BRANCH","House rule: NORMAL can branch into same-species special state MEGA"
"dreepy",886,"NORMAL","NORMAL",887,"NORMAL","NORMAL","STANDARD","Standard evolution from species tree"
"dreepy",886,"NORMAL","V",886,"NORMAL","VMAX","SPECIAL_CHAIN","House rule: V can continue into same-species state VMAX"
"dreepy",886,"NORMAL","V",886,"NORMAL","VSTAR","SPECIAL_CHAIN","House rule: V can continue into same-species state VSTAR"
"dreepy",887,"NORMAL","NORMAL",887,"NORMAL","EX","SPECIAL_BRANCH","House rule: NORMAL can branch into same-species special state EX"
"dreepy",887,"NORMAL","NORMAL",887,"NORMAL","GX","SPECIAL_BRANCH","House rule: NORMAL can branch into same-species special state GX"
"dreepy",887,"NORMAL","NORMAL",887,"NORMAL","V","SPECIAL_BRANCH","House rule: NORMAL can branch into same-species special state V"
"dreepy",887,"NORMAL","NORMAL",887,"NORMAL","MEGA","SPECIAL_BRANCH","House rule: NORMAL can branch into same-species special state MEGA"
"dreepy",887,"NORMAL","V",887,"NORMAL","VMAX","SPECIAL_CHAIN","House rule: V can continue into same-species state VMAX"
"dreepy",887,"NORMAL","V",887,"NORMAL","VSTAR","SPECIAL_CHAIN","House rule: V can continue into same-species state VSTAR"
"drifloon",425,"NORMAL","NORMAL",425,"NORMAL","EX","SPECIAL_BRANCH","House rule: NORMAL can branch into same-species special state EX"
"drifloon",425,"NORMAL","NORMAL",425,"NORMAL","GX","SPECIAL_BRANCH","House rule: NORMAL can branch into same-species special state GX"
"drifloon",425,"NORMAL","NORMAL",425,"NORMAL","V","SPECIAL_BRANCH","House rule: NORMAL can branch into same-species special state V"
"drifloon",425,"NORMAL","NORMAL",425,"NORMAL","MEGA","SPECIAL_BRANCH","House rule: NORMAL can branch into same-species special state MEGA"
"drifloon",425,"NORMAL","NORMAL",426,"NORMAL","NORMAL","STANDARD","Standard evolution from species tree"
"drifloon",425,"NORMAL","V",425,"NORMAL","VMAX","SPECIAL_CHAIN","House rule: V can continue into same-species state VMAX"
"drifloon",425,"NORMAL","V",425,"NORMAL","VSTAR","SPECIAL_CHAIN","House rule: V can continue into same-species state VSTAR"
"drifloon",426,"NORMAL","NORMAL",426,"NORMAL","EX","SPECIAL_BRANCH","House rule: NORMAL can branch into same-species special state EX"
"drifloon",426,"NORMAL","NORMAL",426,"NORMAL","GX","SPECIAL_BRANCH","House rule: NORMAL can branch into same-species special state GX"
"drifloon",426,"NORMAL","NORMAL",426,"NORMAL","V","SPECIAL_BRANCH","House rule: NORMAL can branch into same-species special state V"
"drifloon",426,"NORMAL","NORMAL",426,"NORMAL","MEGA","SPECIAL_BRANCH","House rule: NORMAL can branch into same-species special state MEGA"
"drifloon",426,"NORMAL","V",426,"NORMAL","VMAX","SPECIAL_CHAIN","House rule: V can continue into same-species state VMAX"
"drifloon",426,"NORMAL","V",426,"NORMAL","VSTAR","SPECIAL_CHAIN","House rule: V can continue into same-species state VSTAR"
"drilbur",529,"NORMAL","NORMAL",529,"NORMAL","EX","SPECIAL_BRANCH","House rule: NORMAL can branch into same-species special state EX"
"drilbur",529,"NORMAL","NORMAL",529,"NORMAL","GX","SPECIAL_BRANCH","House rule: NORMAL can branch into same-species special state GX"
"drilbur",529,"NORMAL","NORMAL",529,"NORMAL","V","SPECIAL_BRANCH","House rule: NORMAL can branch into same-species special state V"
"drilbur",529,"NORMAL","NORMAL",529,"NORMAL","MEGA","SPECIAL_BRANCH","House rule: NORMAL can branch into same-species special state MEGA"
"drilbur",529,"NORMAL","NORMAL",530,"NORMAL","NORMAL","STANDARD","Standard evolution from species tree"
"drilbur",529,"NORMAL","V",529,"NORMAL","VMAX","SPECIAL_CHAIN","House rule: V can continue into same-species state VMAX"
"drilbur",529,"NORMAL","V",529,"NORMAL","VSTAR","SPECIAL_CHAIN","House rule: V can continue into same-species state VSTAR"
"drilbur",530,"NORMAL","NORMAL",530,"NORMAL","EX","SPECIAL_BRANCH","House rule: NORMAL can branch into same-species special state EX"
"drilbur",530,"NORMAL","NORMAL",530,"NORMAL","GX","SPECIAL_BRANCH","House rule: NORMAL can branch into same-species special state GX"
"drilbur",530,"NORMAL","NORMAL",530,"NORMAL","V","SPECIAL_BRANCH","House rule: NORMAL can branch into same-species special state V"
"drilbur",530,"NORMAL","NORMAL",530,"NORMAL","MEGA","SPECIAL_BRANCH","House rule: NORMAL can branch into same-species special state MEGA"
"drilbur",530,"NORMAL","V",530,"NORMAL","VMAX","SPECIAL_CHAIN","House rule: V can continue into same-species state VMAX"
"drilbur",530,"NORMAL","V",530,"NORMAL","VSTAR","SPECIAL_CHAIN","House rule: V can continue into same-species state VSTAR"
"drowzee",96,"NORMAL","NORMAL",96,"NORMAL","EX","SPECIAL_BRANCH","House rule: NORMAL can branch into same-species special state EX"
"drowzee",96,"NORMAL","NORMAL",96,"NORMAL","GX","SPECIAL_BRANCH","House rule: NORMAL can branch into same-species special state GX"
"drowzee",96,"NORMAL","NORMAL",96,"NORMAL","V","SPECIAL_BRANCH","House rule: NORMAL can branch into same-species special state V"
"drowzee",96,"NORMAL","NORMAL",96,"NORMAL","MEGA","SPECIAL_BRANCH","House rule: NORMAL can branch into same-species special state MEGA"
"drowzee",96,"NORMAL","NORMAL",97,"NORMAL","NORMAL","STANDARD","Standard evolution from species tree"
"drowzee",96,"NORMAL","V",96,"NORMAL","VMAX","SPECIAL_CHAIN","House rule: V can continue into same-species state VMAX"
"drowzee",96,"NORMAL","V",96,"NORMAL","VSTAR","SPECIAL_CHAIN","House rule: V can continue into same-species state VSTAR"
"drowzee",97,"NORMAL","NORMAL",97,"NORMAL","EX","SPECIAL_BRANCH","House rule: NORMAL can branch into same-species special state EX"
"drowzee",97,"NORMAL","NORMAL",97,"NORMAL","GX","SPECIAL_BRANCH","House rule: NORMAL can branch into same-species special state GX"
"drowzee",97,"NORMAL","NORMAL",97,"NORMAL","V","SPECIAL_BRANCH","House rule: NORMAL can branch into same-species special state V"
"drowzee",97,"NORMAL","NORMAL",97,"NORMAL","MEGA","SPECIAL_BRANCH","House rule: NORMAL can branch into same-species special state MEGA"
"drowzee",97,"NORMAL","V",97,"NORMAL","VMAX","SPECIAL_CHAIN","House rule: V can continue into same-species state VMAX"
"drowzee",97,"NORMAL","V",97,"NORMAL","VSTAR","SPECIAL_CHAIN","House rule: V can continue into same-species state VSTAR"
"druddigon",621,"NORMAL","NORMAL",621,"NORMAL","EX","SPECIAL_BRANCH","House rule: NORMAL can branch into same-species special state EX"
"druddigon",621,"NORMAL","NORMAL",621,"NORMAL","GX","SPECIAL_BRANCH","House rule: NORMAL can branch into same-species special state GX"
"druddigon",621,"NORMAL","NORMAL",621,"NORMAL","V","SPECIAL_BRANCH","House rule: NORMAL can branch into same-species special state V"
"druddigon",621,"NORMAL","NORMAL",621,"NORMAL","MEGA","SPECIAL_BRANCH","House rule: NORMAL can branch into same-species special state MEGA"
"druddigon",621,"NORMAL","V",621,"NORMAL","VMAX","SPECIAL_CHAIN","House rule: V can continue into same-species state VMAX"
"druddigon",621,"NORMAL","V",621,"NORMAL","VSTAR","SPECIAL_CHAIN","House rule: V can continue into same-species state VSTAR"
"ducklett",580,"NORMAL","NORMAL",580,"NORMAL","EX","SPECIAL_BRANCH","House rule: NORMAL can branch into same-species special state EX"
"ducklett",580,"NORMAL","NORMAL",580,"NORMAL","GX","SPECIAL_BRANCH","House rule: NORMAL can branch into same-species special state GX"
"ducklett",580,"NORMAL","NORMAL",580,"NORMAL","V","SPECIAL_BRANCH","House rule: NORMAL can branch into same-species special state V"
"ducklett",580,"NORMAL","NORMAL",580,"NORMAL","MEGA","SPECIAL_BRANCH","House rule: NORMAL can branch into same-species special state MEGA"
"ducklett",580,"NORMAL","NORMAL",581,"NORMAL","NORMAL","STANDARD","Standard evolution from species tree"
"ducklett",580,"NORMAL","V",580,"NORMAL","VMAX","SPECIAL_CHAIN","House rule: V can continue into same-species state VMAX"
"ducklett",580,"NORMAL","V",580,"NORMAL","VSTAR","SPECIAL_CHAIN","House rule: V can continue into same-species state VSTAR"
"ducklett",581,"NORMAL","NORMAL",581,"NORMAL","EX","SPECIAL_BRANCH","House rule: NORMAL can branch into same-species special state EX"
"ducklett",581,"NORMAL","NORMAL",581,"NORMAL","GX","SPECIAL_BRANCH","House rule: NORMAL can branch into same-species special state GX"
"ducklett",581,"NORMAL","NORMAL",581,"NORMAL","V","SPECIAL_BRANCH","House rule: NORMAL can branch into same-species special state V"
"ducklett",581,"NORMAL","NORMAL",581,"NORMAL","MEGA","SPECIAL_BRANCH","House rule: NORMAL can branch into same-species special state MEGA"
"ducklett",581,"NORMAL","V",581,"NORMAL","VMAX","SPECIAL_CHAIN","House rule: V can continue into same-species state VMAX"
"ducklett",581,"NORMAL","V",581,"NORMAL","VSTAR","SPECIAL_CHAIN","House rule: V can continue into same-species state VSTAR"
"dunsparce",206,"NORMAL","NORMAL",206,"NORMAL","EX","SPECIAL_BRANCH","House rule: NORMAL can branch into same-species special state EX"
"dunsparce",206,"NORMAL","NORMAL",206,"NORMAL","GX","SPECIAL_BRANCH","House rule: NORMAL can branch into same-species special state GX"
"dunsparce",206,"NORMAL","NORMAL",206,"NORMAL","V","SPECIAL_BRANCH","House rule: NORMAL can branch into same-species special state V"
"dunsparce",206,"NORMAL","NORMAL",206,"NORMAL","MEGA","SPECIAL_BRANCH","House rule: NORMAL can branch into same-species special state MEGA"
"dunsparce",206,"NORMAL","NORMAL",982,"NORMAL","NORMAL","STANDARD","Standard evolution from species tree"
"dunsparce",206,"NORMAL","V",206,"NORMAL","VMAX","SPECIAL_CHAIN","House rule: V can continue into same-species state VMAX"
"dunsparce",206,"NORMAL","V",206,"NORMAL","VSTAR","SPECIAL_CHAIN","House rule: V can continue into same-species state VSTAR"
"dunsparce",982,"NORMAL","NORMAL",982,"NORMAL","EX","SPECIAL_BRANCH","House rule: NORMAL can branch into same-species special state EX"
"dunsparce",982,"NORMAL","NORMAL",982,"NORMAL","GX","SPECIAL_BRANCH","House rule: NORMAL can branch into same-species special state GX"
"dunsparce",982,"NORMAL","NORMAL",982,"NORMAL","V","SPECIAL_BRANCH","House rule: NORMAL can branch into same-species special state V"
"dunsparce",982,"NORMAL","NORMAL",982,"NORMAL","MEGA","SPECIAL_BRANCH","House rule: NORMAL can branch into same-species special state MEGA"
"dunsparce",982,"NORMAL","V",982,"NORMAL","VMAX","SPECIAL_CHAIN","House rule: V can continue into same-species state VMAX"
"dunsparce",982,"NORMAL","V",982,"NORMAL","VSTAR","SPECIAL_CHAIN","House rule: V can continue into same-species state VSTAR"
"duraludon",884,"NORMAL","NORMAL",884,"NORMAL","EX","SPECIAL_BRANCH","House rule: NORMAL can branch into same-species special state EX"
"duraludon",884,"NORMAL","NORMAL",884,"NORMAL","GX","SPECIAL_BRANCH","House rule: NORMAL can branch into same-species special state GX"
"duraludon",884,"NORMAL","NORMAL",884,"NORMAL","V","SPECIAL_BRANCH","House rule: NORMAL can branch into same-species special state V"
"duraludon",884,"NORMAL","NORMAL",884,"NORMAL","MEGA","SPECIAL_BRANCH","House rule: NORMAL can branch into same-species special state MEGA"
"duraludon",884,"NORMAL","NORMAL",1018,"NORMAL","NORMAL","STANDARD","Standard evolution from species tree"
"duraludon",884,"NORMAL","V",884,"NORMAL","VMAX","SPECIAL_CHAIN","House rule: V can continue into same-species state VMAX"
"duraludon",884,"NORMAL","V",884,"NORMAL","VSTAR","SPECIAL_CHAIN","House rule: V can continue into same-species state VSTAR"
"duraludon",1018,"NORMAL","NORMAL",1018,"NORMAL","EX","SPECIAL_BRANCH","House rule: NORMAL can branch into same-species special state EX"
"duraludon",1018,"NORMAL","NORMAL",1018,"NORMAL","GX","SPECIAL_BRANCH","House rule: NORMAL can branch into same-species special state GX"
"duraludon",1018,"NORMAL","NORMAL",1018,"NORMAL","V","SPECIAL_BRANCH","House rule: NORMAL can branch into same-species special state V"
"duraludon",1018,"NORMAL","NORMAL",1018,"NORMAL","MEGA","SPECIAL_BRANCH","House rule: NORMAL can branch into same-species special state MEGA"
"duraludon",1018,"NORMAL","V",1018,"NORMAL","VMAX","SPECIAL_CHAIN","House rule: V can continue into same-species state VMAX"
"duraludon",1018,"NORMAL","V",1018,"NORMAL","VSTAR","SPECIAL_CHAIN","House rule: V can continue into same-species state VSTAR"
"durant",632,"NORMAL","NORMAL",632,"NORMAL","EX","SPECIAL_BRANCH","House rule: NORMAL can branch into same-species special state EX"
"durant",632,"NORMAL","NORMAL",632,"NORMAL","GX","SPECIAL_BRANCH","House rule: NORMAL can branch into same-species special state GX"
"durant",632,"NORMAL","NORMAL",632,"NORMAL","V","SPECIAL_BRANCH","House rule: NORMAL can branch into same-species special state V"
"durant",632,"NORMAL","NORMAL",632,"NORMAL","MEGA","SPECIAL_BRANCH","House rule: NORMAL can branch into same-species special state MEGA"
"durant",632,"NORMAL","V",632,"NORMAL","VMAX","SPECIAL_CHAIN","House rule: V can continue into same-species state VMAX"
"durant",632,"NORMAL","V",632,"NORMAL","VSTAR","SPECIAL_CHAIN","House rule: V can continue into same-species state VSTAR"
"duskull",355,"NORMAL","NORMAL",355,"NORMAL","EX","SPECIAL_BRANCH","House rule: NORMAL can branch into same-species special state EX"
"duskull",355,"NORMAL","NORMAL",355,"NORMAL","GX","SPECIAL_BRANCH","House rule: NORMAL can branch into same-species special state GX"
"duskull",355,"NORMAL","NORMAL",355,"NORMAL","V","SPECIAL_BRANCH","House rule: NORMAL can branch into same-species special state V"
"duskull",355,"NORMAL","NORMAL",355,"NORMAL","MEGA","SPECIAL_BRANCH","House rule: NORMAL can branch into same-species special state MEGA"
"duskull",355,"NORMAL","NORMAL",356,"NORMAL","NORMAL","STANDARD","Standard evolution from species tree"
"duskull",355,"NORMAL","V",355,"NORMAL","VMAX","SPECIAL_CHAIN","House rule: V can continue into same-species state VMAX"
"duskull",355,"NORMAL","V",355,"NORMAL","VSTAR","SPECIAL_CHAIN","House rule: V can continue into same-species state VSTAR"
"duskull",356,"NORMAL","NORMAL",356,"NORMAL","EX","SPECIAL_BRANCH","House rule: NORMAL can branch into same-species special state EX"
"duskull",356,"NORMAL","NORMAL",356,"NORMAL","GX","SPECIAL_BRANCH","House rule: NORMAL can branch into same-species special state GX"
"duskull",356,"NORMAL","NORMAL",356,"NORMAL","V","SPECIAL_BRANCH","House rule: NORMAL can branch into same-species special state V"
"duskull",356,"NORMAL","NORMAL",356,"NORMAL","MEGA","SPECIAL_BRANCH","House rule: NORMAL can branch into same-species special state MEGA"
"duskull",356,"NORMAL","NORMAL",477,"NORMAL","NORMAL","STANDARD","Standard evolution from species tree"
"duskull",356,"NORMAL","V",356,"NORMAL","VMAX","SPECIAL_CHAIN","House rule: V can continue into same-species state VMAX"
"duskull",356,"NORMAL","V",356,"NORMAL","VSTAR","SPECIAL_CHAIN","House rule: V can continue into same-species state VSTAR"
"duskull",477,"NORMAL","NORMAL",477,"NORMAL","EX","SPECIAL_BRANCH","House rule: NORMAL can branch into same-species special state EX"
"duskull",477,"NORMAL","NORMAL",477,"NORMAL","GX","SPECIAL_BRANCH","House rule: NORMAL can branch into same-species special state GX"
"duskull",477,"NORMAL","NORMAL",477,"NORMAL","V","SPECIAL_BRANCH","House rule: NORMAL can branch into same-species special state V"
"duskull",477,"NORMAL","NORMAL",477,"NORMAL","MEGA","SPECIAL_BRANCH","House rule: NORMAL can branch into same-species special state MEGA"
"duskull",477,"NORMAL","V",477,"NORMAL","VMAX","SPECIAL_CHAIN","House rule: V can continue into same-species state VMAX"
"duskull",477,"NORMAL","V",477,"NORMAL","VSTAR","SPECIAL_CHAIN","House rule: V can continue into same-species state VSTAR"
"dwebble",557,"NORMAL","NORMAL",557,"NORMAL","EX","SPECIAL_BRANCH","House rule: NORMAL can branch into same-species special state EX"
"dwebble",557,"NORMAL","NORMAL",557,"NORMAL","GX","SPECIAL_BRANCH","House rule: NORMAL can branch into same-species special state GX"
"dwebble",557,"NORMAL","NORMAL",557,"NORMAL","V","SPECIAL_BRANCH","House rule: NORMAL can branch into same-species special state V"
"dwebble",557,"NORMAL","NORMAL",557,"NORMAL","MEGA","SPECIAL_BRANCH","House rule: NORMAL can branch into same-species special state MEGA"
"dwebble",557,"NORMAL","NORMAL",558,"NORMAL","NORMAL","STANDARD","Standard evolution from species tree"
"dwebble",557,"NORMAL","V",557,"NORMAL","VMAX","SPECIAL_CHAIN","House rule: V can continue into same-species state VMAX"
"dwebble",557,"NORMAL","V",557,"NORMAL","VSTAR","SPECIAL_CHAIN","House rule: V can continue into same-species state VSTAR"
"dwebble",558,"NORMAL","NORMAL",558,"NORMAL","EX","SPECIAL_BRANCH","House rule: NORMAL can branch into same-species special state EX"
"dwebble",558,"NORMAL","NORMAL",558,"NORMAL","GX","SPECIAL_BRANCH","House rule: NORMAL can branch into same-species special state GX"
"dwebble",558,"NORMAL","NORMAL",558,"NORMAL","V","SPECIAL_BRANCH","House rule: NORMAL can branch into same-species special state V"
"dwebble",558,"NORMAL","NORMAL",558,"NORMAL","MEGA","SPECIAL_BRANCH","House rule: NORMAL can branch into same-species special state MEGA"
"dwebble",558,"NORMAL","V",558,"NORMAL","VMAX","SPECIAL_CHAIN","House rule: V can continue into same-species state VMAX"
"dwebble",558,"NORMAL","V",558,"NORMAL","VSTAR","SPECIAL_CHAIN","House rule: V can continue into same-species state VSTAR"
"eevee",133,"NORMAL","NORMAL",133,"NORMAL","EX","SPECIAL_BRANCH","House rule: NORMAL can branch into same-species special state EX"
"eevee",133,"NORMAL","NORMAL",133,"NORMAL","GX","SPECIAL_BRANCH","House rule: NORMAL can branch into same-species special state GX"
"eevee",133,"NORMAL","NORMAL",133,"NORMAL","V","SPECIAL_BRANCH","House rule: NORMAL can branch into same-species special state V"
"eevee",133,"NORMAL","NORMAL",133,"NORMAL","MEGA","SPECIAL_BRANCH","House rule: NORMAL can branch into same-species special state MEGA"
"eevee",133,"NORMAL","NORMAL",134,"NORMAL","NORMAL","STANDARD","Standard evolution from species tree"
"eevee",133,"NORMAL","NORMAL",135,"NORMAL","NORMAL","STANDARD","Standard evolution from species tree"
"eevee",133,"NORMAL","NORMAL",136,"NORMAL","NORMAL","STANDARD","Standard evolution from species tree"
"eevee",133,"NORMAL","NORMAL",196,"NORMAL","NORMAL","STANDARD","Standard evolution from species tree"
"eevee",133,"NORMAL","NORMAL",197,"NORMAL","NORMAL","STANDARD","Standard evolution from species tree"
"eevee",133,"NORMAL","NORMAL",470,"NORMAL","NORMAL","STANDARD","Standard evolution from species tree"
"eevee",133,"NORMAL","NORMAL",471,"NORMAL","NORMAL","STANDARD","Standard evolution from species tree"
"eevee",133,"NORMAL","NORMAL",700,"NORMAL","NORMAL","STANDARD","Standard evolution from species tree"
"eevee",133,"NORMAL","V",133,"NORMAL","VMAX","SPECIAL_CHAIN","House rule: V can continue into same-species state VMAX"
"eevee",133,"NORMAL","V",133,"NORMAL","VSTAR","SPECIAL_CHAIN","House rule: V can continue into same-species state VSTAR"
"eevee",134,"NORMAL","NORMAL",134,"NORMAL","EX","SPECIAL_BRANCH","House rule: NORMAL can branch into same-species special state EX"
"eevee",134,"NORMAL","NORMAL",134,"NORMAL","GX","SPECIAL_BRANCH","House rule: NORMAL can branch into same-species special state GX"
"eevee",134,"NORMAL","NORMAL",134,"NORMAL","V","SPECIAL_BRANCH","House rule: NORMAL can branch into same-species special state V"
"eevee",134,"NORMAL","NORMAL",134,"NORMAL","MEGA","SPECIAL_BRANCH","House rule: NORMAL can branch into same-species special state MEGA"
"eevee",134,"NORMAL","V",134,"NORMAL","VMAX","SPECIAL_CHAIN","House rule: V can continue into same-species state VMAX"
"eevee",134,"NORMAL","V",134,"NORMAL","VSTAR","SPECIAL_CHAIN","House rule: V can continue into same-species state VSTAR"
"eevee",135,"NORMAL","NORMAL",135,"NORMAL","EX","SPECIAL_BRANCH","House rule: NORMAL can branch into same-species special state EX"
"eevee",135,"NORMAL","NORMAL",135,"NORMAL","GX","SPECIAL_BRANCH","House rule: NORMAL can branch into same-species special state GX"
"eevee",135,"NORMAL","NORMAL",135,"NORMAL","V","SPECIAL_BRANCH","House rule: NORMAL can branch into same-species special state V"
"eevee",135,"NORMAL","NORMAL",135,"NORMAL","MEGA","SPECIAL_BRANCH","House rule: NORMAL can branch into same-species special state MEGA"
"eevee",135,"NORMAL","V",135,"NORMAL","VMAX","SPECIAL_CHAIN","House rule: V can continue into same-species state VMAX"
"eevee",135,"NORMAL","V",135,"NORMAL","VSTAR","SPECIAL_CHAIN","House rule: V can continue into same-species state VSTAR"
"eevee",136,"NORMAL","NORMAL",136,"NORMAL","EX","SPECIAL_BRANCH","House rule: NORMAL can branch into same-species special state EX"
"eevee",136,"NORMAL","NORMAL",136,"NORMAL","GX","SPECIAL_BRANCH","House rule: NORMAL can branch into same-species special state GX"
"eevee",136,"NORMAL","NORMAL",136,"NORMAL","V","SPECIAL_BRANCH","House rule: NORMAL can branch into same-species special state V"
"eevee",136,"NORMAL","NORMAL",136,"NORMAL","MEGA","SPECIAL_BRANCH","House rule: NORMAL can branch into same-species special state MEGA"
"eevee",136,"NORMAL","V",136,"NORMAL","VMAX","SPECIAL_CHAIN","House rule: V can continue into same-species state VMAX"
"eevee",136,"NORMAL","V",136,"NORMAL","VSTAR","SPECIAL_CHAIN","House rule: V can continue into same-species state VSTAR"
"eevee",196,"NORMAL","NORMAL",196,"NORMAL","EX","SPECIAL_BRANCH","House rule: NORMAL can branch into same-species special state EX"
"eevee",196,"NORMAL","NORMAL",196,"NORMAL","GX","SPECIAL_BRANCH","House rule: NORMAL can branch into same-species special state GX"
"eevee",196,"NORMAL","NORMAL",196,"NORMAL","V","SPECIAL_BRANCH","House rule: NORMAL can branch into same-species special state V"
"eevee",196,"NORMAL","NORMAL",196,"NORMAL","MEGA","SPECIAL_BRANCH","House rule: NORMAL can branch into same-species special state MEGA"
"eevee",196,"NORMAL","V",196,"NORMAL","VMAX","SPECIAL_CHAIN","House rule: V can continue into same-species state VMAX"
"eevee",196,"NORMAL","V",196,"NORMAL","VSTAR","SPECIAL_CHAIN","House rule: V can continue into same-species state VSTAR"
"eevee",197,"NORMAL","NORMAL",197,"NORMAL","EX","SPECIAL_BRANCH","House rule: NORMAL can branch into same-species special state EX"
"eevee",197,"NORMAL","NORMAL",197,"NORMAL","GX","SPECIAL_BRANCH","House rule: NORMAL can branch into same-species special state GX"
"eevee",197,"NORMAL","NORMAL",197,"NORMAL","V","SPECIAL_BRANCH","House rule: NORMAL can branch into same-species special state V"
"eevee",197,"NORMAL","NORMAL",197,"NORMAL","MEGA","SPECIAL_BRANCH","House rule: NORMAL can branch into same-species special state MEGA"
"eevee",197,"NORMAL","V",197,"NORMAL","VMAX","SPECIAL_CHAIN","House rule: V can continue into same-species state VMAX"
"eevee",197,"NORMAL","V",197,"NORMAL","VSTAR","SPECIAL_CHAIN","House rule: V can continue into same-species state VSTAR"
"eevee",470,"NORMAL","NORMAL",470,"NORMAL","EX","SPECIAL_BRANCH","House rule: NORMAL can branch into same-species special state EX"
"eevee",470,"NORMAL","NORMAL",470,"NORMAL","GX","SPECIAL_BRANCH","House rule: NORMAL can branch into same-species special state GX"
"eevee",470,"NORMAL","NORMAL",470,"NORMAL","V","SPECIAL_BRANCH","House rule: NORMAL can branch into same-species special state V"
"eevee",470,"NORMAL","NORMAL",470,"NORMAL","MEGA","SPECIAL_BRANCH","House rule: NORMAL can branch into same-species special state MEGA"
"eevee",470,"NORMAL","V",470,"NORMAL","VMAX","SPECIAL_CHAIN","House rule: V can continue into same-species state VMAX"
"eevee",470,"NORMAL","V",470,"NORMAL","VSTAR","SPECIAL_CHAIN","House rule: V can continue into same-species state VSTAR"
"eevee",471,"NORMAL","NORMAL",471,"NORMAL","EX","SPECIAL_BRANCH","House rule: NORMAL can branch into same-species special state EX"
"eevee",471,"NORMAL","NORMAL",471,"NORMAL","GX","SPECIAL_BRANCH","House rule: NORMAL can branch into same-species special state GX"
"eevee",471,"NORMAL","NORMAL",471,"NORMAL","V","SPECIAL_BRANCH","House rule: NORMAL can branch into same-species special state V"
"eevee",471,"NORMAL","NORMAL",471,"NORMAL","MEGA","SPECIAL_BRANCH","House rule: NORMAL can branch into same-species special state MEGA"
"eevee",471,"NORMAL","V",471,"NORMAL","VMAX","SPECIAL_CHAIN","House rule: V can continue into same-species state VMAX"
"eevee",471,"NORMAL","V",471,"NORMAL","VSTAR","SPECIAL_CHAIN","House rule: V can continue into same-species state VSTAR"
"eevee",700,"NORMAL","NORMAL",700,"NORMAL","EX","SPECIAL_BRANCH","House rule: NORMAL can branch into same-species special state EX"
"eevee",700,"NORMAL","NORMAL",700,"NORMAL","GX","SPECIAL_BRANCH","House rule: NORMAL can branch into same-species special state GX"
"eevee",700,"NORMAL","NORMAL",700,"NORMAL","V","SPECIAL_BRANCH","House rule: NORMAL can branch into same-species special state V"
"eevee",700,"NORMAL","NORMAL",700,"NORMAL","MEGA","SPECIAL_BRANCH","House rule: NORMAL can branch into same-species special state MEGA"
"eevee",700,"NORMAL","V",700,"NORMAL","VMAX","SPECIAL_CHAIN","House rule: V can continue into same-species state VMAX"
"eevee",700,"NORMAL","V",700,"NORMAL","VSTAR","SPECIAL_CHAIN","House rule: V can continue into same-species state VSTAR"
"eiscue",875,"NORMAL","NORMAL",875,"NORMAL","EX","SPECIAL_BRANCH","House rule: NORMAL can branch into same-species special state EX"
"eiscue",875,"NORMAL","NORMAL",875,"NORMAL","GX","SPECIAL_BRANCH","House rule: NORMAL can branch into same-species special state GX"
"eiscue",875,"NORMAL","NORMAL",875,"NORMAL","V","SPECIAL_BRANCH","House rule: NORMAL can branch into same-species special state V"
"eiscue",875,"NORMAL","NORMAL",875,"NORMAL","MEGA","SPECIAL_BRANCH","House rule: NORMAL can branch into same-species special state MEGA"
"eiscue",875,"NORMAL","V",875,"NORMAL","VMAX","SPECIAL_CHAIN","House rule: V can continue into same-species state VMAX"
"eiscue",875,"NORMAL","V",875,"NORMAL","VSTAR","SPECIAL_CHAIN","House rule: V can continue into same-species state VSTAR"
"ekans",23,"NORMAL","NORMAL",23,"NORMAL","EX","SPECIAL_BRANCH","House rule: NORMAL can branch into same-species special state EX"
"ekans",23,"NORMAL","NORMAL",23,"NORMAL","GX","SPECIAL_BRANCH","House rule: NORMAL can branch into same-species special state GX"
"ekans",23,"NORMAL","NORMAL",23,"NORMAL","V","SPECIAL_BRANCH","House rule: NORMAL can branch into same-species special state V"
"ekans",23,"NORMAL","NORMAL",23,"NORMAL","MEGA","SPECIAL_BRANCH","House rule: NORMAL can branch into same-species special state MEGA"
"ekans",23,"NORMAL","NORMAL",24,"NORMAL","NORMAL","STANDARD","Standard evolution from species tree"
"ekans",23,"NORMAL","V",23,"NORMAL","VMAX","SPECIAL_CHAIN","House rule: V can continue into same-species state VMAX"
"ekans",23,"NORMAL","V",23,"NORMAL","VSTAR","SPECIAL_CHAIN","House rule: V can continue into same-species state VSTAR"
"ekans",24,"NORMAL","NORMAL",24,"NORMAL","EX","SPECIAL_BRANCH","House rule: NORMAL can branch into same-species special state EX"
"ekans",24,"NORMAL","NORMAL",24,"NORMAL","GX","SPECIAL_BRANCH","House rule: NORMAL can branch into same-species special state GX"
"ekans",24,"NORMAL","NORMAL",24,"NORMAL","V","SPECIAL_BRANCH","House rule: NORMAL can branch into same-species special state V"
"ekans",24,"NORMAL","NORMAL",24,"NORMAL","MEGA","SPECIAL_BRANCH","House rule: NORMAL can branch into same-species special state MEGA"
"ekans",24,"NORMAL","V",24,"NORMAL","VMAX","SPECIAL_CHAIN","House rule: V can continue into same-species state VMAX"
"ekans",24,"NORMAL","V",24,"NORMAL","VSTAR","SPECIAL_CHAIN","House rule: V can continue into same-species state VSTAR"
"electrike",309,"NORMAL","NORMAL",309,"NORMAL","EX","SPECIAL_BRANCH","House rule: NORMAL can branch into same-species special state EX"
"electrike",309,"NORMAL","NORMAL",309,"NORMAL","GX","SPECIAL_BRANCH","House rule: NORMAL can branch into same-species special state GX"
"electrike",309,"NORMAL","NORMAL",309,"NORMAL","V","SPECIAL_BRANCH","House rule: NORMAL can branch into same-species special state V"
"electrike",309,"NORMAL","NORMAL",309,"NORMAL","MEGA","SPECIAL_BRANCH","House rule: NORMAL can branch into same-species special state MEGA"
"electrike",309,"NORMAL","NORMAL",310,"NORMAL","NORMAL","STANDARD","Standard evolution from species tree"
"electrike",309,"NORMAL","V",309,"NORMAL","VMAX","SPECIAL_CHAIN","House rule: V can continue into same-species state VMAX"
"electrike",309,"NORMAL","V",309,"NORMAL","VSTAR","SPECIAL_CHAIN","House rule: V can continue into same-species state VSTAR"
"electrike",310,"NORMAL","NORMAL",310,"NORMAL","EX","SPECIAL_BRANCH","House rule: NORMAL can branch into same-species special state EX"
"electrike",310,"NORMAL","NORMAL",310,"NORMAL","GX","SPECIAL_BRANCH","House rule: NORMAL can branch into same-species special state GX"
"electrike",310,"NORMAL","NORMAL",310,"NORMAL","V","SPECIAL_BRANCH","House rule: NORMAL can branch into same-species special state V"
"electrike",310,"NORMAL","NORMAL",310,"NORMAL","MEGA","SPECIAL_BRANCH","House rule: NORMAL can branch into same-species special state MEGA"
"electrike",310,"NORMAL","V",310,"NORMAL","VMAX","SPECIAL_CHAIN","House rule: V can continue into same-species state VMAX"
"electrike",310,"NORMAL","V",310,"NORMAL","VSTAR","SPECIAL_CHAIN","House rule: V can continue into same-species state VSTAR"
"elekid",125,"NORMAL","NORMAL",125,"NORMAL","EX","SPECIAL_BRANCH","House rule: NORMAL can branch into same-species special state EX"
"elekid",125,"NORMAL","NORMAL",125,"NORMAL","GX","SPECIAL_BRANCH","House rule: NORMAL can branch into same-species special state GX"
"elekid",125,"NORMAL","NORMAL",125,"NORMAL","V","SPECIAL_BRANCH","House rule: NORMAL can branch into same-species special state V"
"elekid",125,"NORMAL","NORMAL",125,"NORMAL","MEGA","SPECIAL_BRANCH","House rule: NORMAL can branch into same-species special state MEGA"
"elekid",125,"NORMAL","NORMAL",466,"NORMAL","NORMAL","STANDARD","Standard evolution from species tree"
"elekid",125,"NORMAL","V",125,"NORMAL","VMAX","SPECIAL_CHAIN","House rule: V can continue into same-species state VMAX"
"elekid",125,"NORMAL","V",125,"NORMAL","VSTAR","SPECIAL_CHAIN","House rule: V can continue into same-species state VSTAR"
"elekid",239,"NORMAL","NORMAL",125,"NORMAL","NORMAL","STANDARD","Standard evolution from species tree"
"elekid",466,"NORMAL","NORMAL",466,"NORMAL","EX","SPECIAL_BRANCH","House rule: NORMAL can branch into same-species special state EX"
"elekid",466,"NORMAL","NORMAL",466,"NORMAL","GX","SPECIAL_BRANCH","House rule: NORMAL can branch into same-species special state GX"
"elekid",466,"NORMAL","NORMAL",466,"NORMAL","V","SPECIAL_BRANCH","House rule: NORMAL can branch into same-species special state V"
"elekid",466,"NORMAL","NORMAL",466,"NORMAL","MEGA","SPECIAL_BRANCH","House rule: NORMAL can branch into same-species special state MEGA"
"elekid",466,"NORMAL","V",466,"NORMAL","VMAX","SPECIAL_CHAIN","House rule: V can continue into same-species state VMAX"
"elekid",466,"NORMAL","V",466,"NORMAL","VSTAR","SPECIAL_CHAIN","House rule: V can continue into same-species state VSTAR"
"elgyem",605,"NORMAL","NORMAL",605,"NORMAL","EX","SPECIAL_BRANCH","House rule: NORMAL can branch into same-species special state EX"
"elgyem",605,"NORMAL","NORMAL",605,"NORMAL","GX","SPECIAL_BRANCH","House rule: NORMAL can branch into same-species special state GX"
"elgyem",605,"NORMAL","NORMAL",605,"NORMAL","V","SPECIAL_BRANCH","House rule: NORMAL can branch into same-species special state V"
"elgyem",605,"NORMAL","NORMAL",605,"NORMAL","MEGA","SPECIAL_BRANCH","House rule: NORMAL can branch into same-species special state MEGA"
"elgyem",605,"NORMAL","NORMAL",606,"NORMAL","NORMAL","STANDARD","Standard evolution from species tree"
"elgyem",605,"NORMAL","V",605,"NORMAL","VMAX","SPECIAL_CHAIN","House rule: V can continue into same-species state VMAX"
"elgyem",605,"NORMAL","V",605,"NORMAL","VSTAR","SPECIAL_CHAIN","House rule: V can continue into same-species state VSTAR"
"elgyem",606,"NORMAL","NORMAL",606,"NORMAL","EX","SPECIAL_BRANCH","House rule: NORMAL can branch into same-species special state EX"
"elgyem",606,"NORMAL","NORMAL",606,"NORMAL","GX","SPECIAL_BRANCH","House rule: NORMAL can branch into same-species special state GX"
"elgyem",606,"NORMAL","NORMAL",606,"NORMAL","V","SPECIAL_BRANCH","House rule: NORMAL can branch into same-species special state V"
"elgyem",606,"NORMAL","NORMAL",606,"NORMAL","MEGA","SPECIAL_BRANCH","House rule: NORMAL can branch into same-species special state MEGA"
"elgyem",606,"NORMAL","V",606,"NORMAL","VMAX","SPECIAL_CHAIN","House rule: V can continue into same-species state VMAX"
"elgyem",606,"NORMAL","V",606,"NORMAL","VSTAR","SPECIAL_CHAIN","House rule: V can continue into same-species state VSTAR"
"emolga",587,"NORMAL","NORMAL",587,"NORMAL","EX","SPECIAL_BRANCH","House rule: NORMAL can branch into same-species special state EX"
"emolga",587,"NORMAL","NORMAL",587,"NORMAL","GX","SPECIAL_BRANCH","House rule: NORMAL can branch into same-species special state GX"
"emolga",587,"NORMAL","NORMAL",587,"NORMAL","V","SPECIAL_BRANCH","House rule: NORMAL can branch into same-species special state V"
"emolga",587,"NORMAL","NORMAL",587,"NORMAL","MEGA","SPECIAL_BRANCH","House rule: NORMAL can branch into same-species special state MEGA"
"emolga",587,"NORMAL","V",587,"NORMAL","VMAX","SPECIAL_CHAIN","House rule: V can continue into same-species state VMAX"
"emolga",587,"NORMAL","V",587,"NORMAL","VSTAR","SPECIAL_CHAIN","House rule: V can continue into same-species state VSTAR"
"enamorus",905,"NORMAL","NORMAL",905,"NORMAL","EX","SPECIAL_BRANCH","House rule: NORMAL can branch into same-species special state EX"
"enamorus",905,"NORMAL","NORMAL",905,"NORMAL","GX","SPECIAL_BRANCH","House rule: NORMAL can branch into same-species special state GX"
"enamorus",905,"NORMAL","NORMAL",905,"NORMAL","V","SPECIAL_BRANCH","House rule: NORMAL can branch into same-species special state V"
"enamorus",905,"NORMAL","NORMAL",905,"NORMAL","MEGA","SPECIAL_BRANCH","House rule: NORMAL can branch into same-species special state MEGA"
"enamorus",905,"NORMAL","V",905,"NORMAL","VMAX","SPECIAL_CHAIN","House rule: V can continue into same-species state VMAX"
"enamorus",905,"NORMAL","V",905,"NORMAL","VSTAR","SPECIAL_CHAIN","House rule: V can continue into same-species state VSTAR"
"entei",244,"NORMAL","NORMAL",244,"NORMAL","EX","SPECIAL_BRANCH","House rule: NORMAL can branch into same-species special state EX"
"entei",244,"NORMAL","NORMAL",244,"NORMAL","GX","SPECIAL_BRANCH","House rule: NORMAL can branch into same-species special state GX"
"entei",244,"NORMAL","NORMAL",244,"NORMAL","V","SPECIAL_BRANCH","House rule: NORMAL can branch into same-species special state V"
"entei",244,"NORMAL","NORMAL",244,"NORMAL","MEGA","SPECIAL_BRANCH","House rule: NORMAL can branch into same-species special state MEGA"
"entei",244,"NORMAL","V",244,"NORMAL","VMAX","SPECIAL_CHAIN","House rule: V can continue into same-species state VMAX"
"entei",244,"NORMAL","V",244,"NORMAL","VSTAR","SPECIAL_CHAIN","House rule: V can continue into same-species state VSTAR"
"espurr",677,"NORMAL","NORMAL",677,"NORMAL","EX","SPECIAL_BRANCH","House rule: NORMAL can branch into same-species special state EX"
"espurr",677,"NORMAL","NORMAL",677,"NORMAL","GX","SPECIAL_BRANCH","House rule: NORMAL can branch into same-species special state GX"
"espurr",677,"NORMAL","NORMAL",677,"NORMAL","V","SPECIAL_BRANCH","House rule: NORMAL can branch into same-species special state V"
"espurr",677,"NORMAL","NORMAL",677,"NORMAL","MEGA","SPECIAL_BRANCH","House rule: NORMAL can branch into same-species special state MEGA"
"espurr",677,"NORMAL","NORMAL",678,"NORMAL","NORMAL","STANDARD","Standard evolution from species tree"
"espurr",677,"NORMAL","V",677,"NORMAL","VMAX","SPECIAL_CHAIN","House rule: V can continue into same-species state VMAX"
"espurr",677,"NORMAL","V",677,"NORMAL","VSTAR","SPECIAL_CHAIN","House rule: V can continue into same-species state VSTAR"
"espurr",678,"NORMAL","NORMAL",678,"NORMAL","EX","SPECIAL_BRANCH","House rule: NORMAL can branch into same-species special state EX"
"espurr",678,"NORMAL","NORMAL",678,"NORMAL","GX","SPECIAL_BRANCH","House rule: NORMAL can branch into same-species special state GX"
"espurr",678,"NORMAL","NORMAL",678,"NORMAL","V","SPECIAL_BRANCH","House rule: NORMAL can branch into same-species special state V"
"espurr",678,"NORMAL","NORMAL",678,"NORMAL","MEGA","SPECIAL_BRANCH","House rule: NORMAL can branch into same-species special state MEGA"
"espurr",678,"NORMAL","V",678,"NORMAL","VMAX","SPECIAL_CHAIN","House rule: V can continue into same-species state VMAX"
"espurr",678,"NORMAL","V",678,"NORMAL","VSTAR","SPECIAL_CHAIN","House rule: V can continue into same-species state VSTAR"
"eternatus",890,"NORMAL","NORMAL",890,"NORMAL","EX","SPECIAL_BRANCH","House rule: NORMAL can branch into same-species special state EX"
"eternatus",890,"NORMAL","NORMAL",890,"NORMAL","GX","SPECIAL_BRANCH","House rule: NORMAL can branch into same-species special state GX"
"eternatus",890,"NORMAL","NORMAL",890,"NORMAL","V","SPECIAL_BRANCH","House rule: NORMAL can branch into same-species special state V"
"eternatus",890,"NORMAL","NORMAL",890,"NORMAL","MEGA","SPECIAL_BRANCH","House rule: NORMAL can branch into same-species special state MEGA"
"eternatus",890,"NORMAL","V",890,"NORMAL","VMAX","SPECIAL_CHAIN","House rule: V can continue into same-species state VMAX"
"eternatus",890,"NORMAL","V",890,"NORMAL","VSTAR","SPECIAL_CHAIN","House rule: V can continue into same-species state VSTAR"
"exeggcute",102,"NORMAL","NORMAL",102,"NORMAL","EX","SPECIAL_BRANCH","House rule: NORMAL can branch into same-species special state EX"
"exeggcute",102,"NORMAL","NORMAL",102,"NORMAL","GX","SPECIAL_BRANCH","House rule: NORMAL can branch into same-species special state GX"
"exeggcute",102,"NORMAL","NORMAL",102,"NORMAL","V","SPECIAL_BRANCH","House rule: NORMAL can branch into same-species special state V"
"exeggcute",102,"NORMAL","NORMAL",102,"NORMAL","MEGA","SPECIAL_BRANCH","House rule: NORMAL can branch into same-species special state MEGA"
"exeggcute",102,"NORMAL","NORMAL",103,"NORMAL","NORMAL","STANDARD","Standard evolution from species tree"
"exeggcute",102,"NORMAL","V",102,"NORMAL","VMAX","SPECIAL_CHAIN","House rule: V can continue into same-species state VMAX"
"exeggcute",102,"NORMAL","V",102,"NORMAL","VSTAR","SPECIAL_CHAIN","House rule: V can continue into same-species state VSTAR"
"exeggcute",103,"NORMAL","NORMAL",103,"NORMAL","EX","SPECIAL_BRANCH","House rule: NORMAL can branch into same-species special state EX"
"exeggcute",103,"NORMAL","NORMAL",103,"NORMAL","GX","SPECIAL_BRANCH","House rule: NORMAL can branch into same-species special state GX"
"exeggcute",103,"NORMAL","NORMAL",103,"NORMAL","V","SPECIAL_BRANCH","House rule: NORMAL can branch into same-species special state V"
"exeggcute",103,"NORMAL","NORMAL",103,"NORMAL","MEGA","SPECIAL_BRANCH","House rule: NORMAL can branch into same-species special state MEGA"
"exeggcute",103,"NORMAL","V",103,"NORMAL","VMAX","SPECIAL_CHAIN","House rule: V can continue into same-species state VMAX"
"exeggcute",103,"NORMAL","V",103,"NORMAL","VSTAR","SPECIAL_CHAIN","House rule: V can continue into same-species state VSTAR"
"falinks",870,"NORMAL","NORMAL",870,"NORMAL","EX","SPECIAL_BRANCH","House rule: NORMAL can branch into same-species special state EX"
"falinks",870,"NORMAL","NORMAL",870,"NORMAL","GX","SPECIAL_BRANCH","House rule: NORMAL can branch into same-species special state GX"
"falinks",870,"NORMAL","NORMAL",870,"NORMAL","V","SPECIAL_BRANCH","House rule: NORMAL can branch into same-species special state V"
"falinks",870,"NORMAL","NORMAL",870,"NORMAL","MEGA","SPECIAL_BRANCH","House rule: NORMAL can branch into same-species special state MEGA"
"falinks",870,"NORMAL","V",870,"NORMAL","VMAX","SPECIAL_CHAIN","House rule: V can continue into same-species state VMAX"
"falinks",870,"NORMAL","V",870,"NORMAL","VSTAR","SPECIAL_CHAIN","House rule: V can continue into same-species state VSTAR"
"farfetchd",83,"NORMAL","NORMAL",83,"NORMAL","EX","SPECIAL_BRANCH","House rule: NORMAL can branch into same-species special state EX"
"farfetchd",83,"NORMAL","NORMAL",83,"NORMAL","GX","SPECIAL_BRANCH","House rule: NORMAL can branch into same-species special state GX"
"farfetchd",83,"NORMAL","NORMAL",83,"NORMAL","V","SPECIAL_BRANCH","House rule: NORMAL can branch into same-species special state V"
"farfetchd",83,"NORMAL","NORMAL",83,"NORMAL","MEGA","SPECIAL_BRANCH","House rule: NORMAL can branch into same-species special state MEGA"
"farfetchd",83,"NORMAL","NORMAL",865,"NORMAL","NORMAL","STANDARD","Standard evolution from species tree"
"farfetchd",83,"NORMAL","V",83,"NORMAL","VMAX","SPECIAL_CHAIN","House rule: V can continue into same-species state VMAX"
"farfetchd",83,"NORMAL","V",83,"NORMAL","VSTAR","SPECIAL_CHAIN","House rule: V can continue into same-species state VSTAR"
"farfetchd",865,"NORMAL","NORMAL",865,"NORMAL","EX","SPECIAL_BRANCH","House rule: NORMAL can branch into same-species special state EX"
"farfetchd",865,"NORMAL","NORMAL",865,"NORMAL","GX","SPECIAL_BRANCH","House rule: NORMAL can branch into same-species special state GX"
"farfetchd",865,"NORMAL","NORMAL",865,"NORMAL","V","SPECIAL_BRANCH","House rule: NORMAL can branch into same-species special state V"
"farfetchd",865,"NORMAL","NORMAL",865,"NORMAL","MEGA","SPECIAL_BRANCH","House rule: NORMAL can branch into same-species special state MEGA"
"farfetchd",865,"NORMAL","V",865,"NORMAL","VMAX","SPECIAL_CHAIN","House rule: V can continue into same-species state VMAX"
"farfetchd",865,"NORMAL","V",865,"NORMAL","VSTAR","SPECIAL_CHAIN","House rule: V can continue into same-species state VSTAR"
"feebas",349,"NORMAL","NORMAL",349,"NORMAL","EX","SPECIAL_BRANCH","House rule: NORMAL can branch into same-species special state EX"
"feebas",349,"NORMAL","NORMAL",349,"NORMAL","GX","SPECIAL_BRANCH","House rule: NORMAL can branch into same-species special state GX"
"feebas",349,"NORMAL","NORMAL",349,"NORMAL","V","SPECIAL_BRANCH","House rule: NORMAL can branch into same-species special state V"
"feebas",349,"NORMAL","NORMAL",349,"NORMAL","MEGA","SPECIAL_BRANCH","House rule: NORMAL can branch into same-species special state MEGA"
"feebas",349,"NORMAL","NORMAL",350,"NORMAL","NORMAL","STANDARD","Standard evolution from species tree"
"feebas",349,"NORMAL","V",349,"NORMAL","VMAX","SPECIAL_CHAIN","House rule: V can continue into same-species state VMAX"
"feebas",349,"NORMAL","V",349,"NORMAL","VSTAR","SPECIAL_CHAIN","House rule: V can continue into same-species state VSTAR"
"feebas",350,"NORMAL","NORMAL",350,"NORMAL","EX","SPECIAL_BRANCH","House rule: NORMAL can branch into same-species special state EX"
"feebas",350,"NORMAL","NORMAL",350,"NORMAL","GX","SPECIAL_BRANCH","House rule: NORMAL can branch into same-species special state GX"
"feebas",350,"NORMAL","NORMAL",350,"NORMAL","V","SPECIAL_BRANCH","House rule: NORMAL can branch into same-species special state V"
"feebas",350,"NORMAL","NORMAL",350,"NORMAL","MEGA","SPECIAL_BRANCH","House rule: NORMAL can branch into same-species special state MEGA"
"feebas",350,"NORMAL","V",350,"NORMAL","VMAX","SPECIAL_CHAIN","House rule: V can continue into same-species state VMAX"
"feebas",350,"NORMAL","V",350,"NORMAL","VSTAR","SPECIAL_CHAIN","House rule: V can continue into same-species state VSTAR"
"fennekin",653,"NORMAL","NORMAL",653,"NORMAL","EX","SPECIAL_BRANCH","House rule: NORMAL can branch into same-species special state EX"
"fennekin",653,"NORMAL","NORMAL",653,"NORMAL","GX","SPECIAL_BRANCH","House rule: NORMAL can branch into same-species special state GX"
"fennekin",653,"NORMAL","NORMAL",653,"NORMAL","V","SPECIAL_BRANCH","House rule: NORMAL can branch into same-species special state V"
"fennekin",653,"NORMAL","NORMAL",653,"NORMAL","MEGA","SPECIAL_BRANCH","House rule: NORMAL can branch into same-species special state MEGA"
"fennekin",653,"NORMAL","NORMAL",654,"NORMAL","NORMAL","STANDARD","Standard evolution from species tree"
"fennekin",653,"NORMAL","V",653,"NORMAL","VMAX","SPECIAL_CHAIN","House rule: V can continue into same-species state VMAX"
"fennekin",653,"NORMAL","V",653,"NORMAL","VSTAR","SPECIAL_CHAIN","House rule: V can continue into same-species state VSTAR"
"fennekin",654,"NORMAL","NORMAL",654,"NORMAL","EX","SPECIAL_BRANCH","House rule: NORMAL can branch into same-species special state EX"
"fennekin",654,"NORMAL","NORMAL",654,"NORMAL","GX","SPECIAL_BRANCH","House rule: NORMAL can branch into same-species special state GX"
"fennekin",654,"NORMAL","NORMAL",654,"NORMAL","V","SPECIAL_BRANCH","House rule: NORMAL can branch into same-species special state V"
"fennekin",654,"NORMAL","NORMAL",654,"NORMAL","MEGA","SPECIAL_BRANCH","House rule: NORMAL can branch into same-species special state MEGA"
"fennekin",654,"NORMAL","NORMAL",655,"NORMAL","NORMAL","STANDARD","Standard evolution from species tree"
"fennekin",654,"NORMAL","V",654,"NORMAL","VMAX","SPECIAL_CHAIN","House rule: V can continue into same-species state VMAX"
"fennekin",654,"NORMAL","V",654,"NORMAL","VSTAR","SPECIAL_CHAIN","House rule: V can continue into same-species state VSTAR"
"fennekin",655,"NORMAL","NORMAL",655,"NORMAL","EX","SPECIAL_BRANCH","House rule: NORMAL can branch into same-species special state EX"
"fennekin",655,"NORMAL","NORMAL",655,"NORMAL","GX","SPECIAL_BRANCH","House rule: NORMAL can branch into same-species special state GX"
"fennekin",655,"NORMAL","NORMAL",655,"NORMAL","V","SPECIAL_BRANCH","House rule: NORMAL can branch into same-species special state V"
"fennekin",655,"NORMAL","NORMAL",655,"NORMAL","MEGA","SPECIAL_BRANCH","House rule: NORMAL can branch into same-species special state MEGA"
"fennekin",655,"NORMAL","V",655,"NORMAL","VMAX","SPECIAL_CHAIN","House rule: V can continue into same-species state VMAX"
"fennekin",655,"NORMAL","V",655,"NORMAL","VSTAR","SPECIAL_CHAIN","House rule: V can continue into same-species state VSTAR"
"ferroseed",597,"NORMAL","NORMAL",597,"NORMAL","EX","SPECIAL_BRANCH","House rule: NORMAL can branch into same-species special state EX"
"ferroseed",597,"NORMAL","NORMAL",597,"NORMAL","GX","SPECIAL_BRANCH","House rule: NORMAL can branch into same-species special state GX"
"ferroseed",597,"NORMAL","NORMAL",597,"NORMAL","V","SPECIAL_BRANCH","House rule: NORMAL can branch into same-species special state V"
"ferroseed",597,"NORMAL","NORMAL",597,"NORMAL","MEGA","SPECIAL_BRANCH","House rule: NORMAL can branch into same-species special state MEGA"
"ferroseed",597,"NORMAL","NORMAL",598,"NORMAL","NORMAL","STANDARD","Standard evolution from species tree"
"ferroseed",597,"NORMAL","V",597,"NORMAL","VMAX","SPECIAL_CHAIN","House rule: V can continue into same-species state VMAX"
"ferroseed",597,"NORMAL","V",597,"NORMAL","VSTAR","SPECIAL_CHAIN","House rule: V can continue into same-species state VSTAR"
"ferroseed",598,"NORMAL","NORMAL",598,"NORMAL","EX","SPECIAL_BRANCH","House rule: NORMAL can branch into same-species special state EX"
"ferroseed",598,"NORMAL","NORMAL",598,"NORMAL","GX","SPECIAL_BRANCH","House rule: NORMAL can branch into same-species special state GX"
"ferroseed",598,"NORMAL","NORMAL",598,"NORMAL","V","SPECIAL_BRANCH","House rule: NORMAL can branch into same-species special state V"
"ferroseed",598,"NORMAL","NORMAL",598,"NORMAL","MEGA","SPECIAL_BRANCH","House rule: NORMAL can branch into same-species special state MEGA"
"ferroseed",598,"NORMAL","V",598,"NORMAL","VMAX","SPECIAL_CHAIN","House rule: V can continue into same-species state VMAX"
"ferroseed",598,"NORMAL","V",598,"NORMAL","VSTAR","SPECIAL_CHAIN","House rule: V can continue into same-species state VSTAR"
"fezandipiti",1016,"NORMAL","NORMAL",1016,"NORMAL","EX","SPECIAL_BRANCH","House rule: NORMAL can branch into same-species special state EX"
"fezandipiti",1016,"NORMAL","NORMAL",1016,"NORMAL","GX","SPECIAL_BRANCH","House rule: NORMAL can branch into same-species special state GX"
"fezandipiti",1016,"NORMAL","NORMAL",1016,"NORMAL","V","SPECIAL_BRANCH","House rule: NORMAL can branch into same-species special state V"
"fezandipiti",1016,"NORMAL","NORMAL",1016,"NORMAL","MEGA","SPECIAL_BRANCH","House rule: NORMAL can branch into same-species special state MEGA"
"fezandipiti",1016,"NORMAL","V",1016,"NORMAL","VMAX","SPECIAL_CHAIN","House rule: V can continue into same-species state VMAX"
"fezandipiti",1016,"NORMAL","V",1016,"NORMAL","VSTAR","SPECIAL_CHAIN","House rule: V can continue into same-species state VSTAR"
"fidough",926,"NORMAL","NORMAL",926,"NORMAL","EX","SPECIAL_BRANCH","House rule: NORMAL can branch into same-species special state EX"
"fidough",926,"NORMAL","NORMAL",926,"NORMAL","GX","SPECIAL_BRANCH","House rule: NORMAL can branch into same-species special state GX"
"fidough",926,"NORMAL","NORMAL",926,"NORMAL","V","SPECIAL_BRANCH","House rule: NORMAL can branch into same-species special state V"
"fidough",926,"NORMAL","NORMAL",926,"NORMAL","MEGA","SPECIAL_BRANCH","House rule: NORMAL can branch into same-species special state MEGA"
"fidough",926,"NORMAL","NORMAL",927,"NORMAL","NORMAL","STANDARD","Standard evolution from species tree"
"fidough",926,"NORMAL","V",926,"NORMAL","VMAX","SPECIAL_CHAIN","House rule: V can continue into same-species state VMAX"
"fidough",926,"NORMAL","V",926,"NORMAL","VSTAR","SPECIAL_CHAIN","House rule: V can continue into same-species state VSTAR"
"fidough",927,"NORMAL","NORMAL",927,"NORMAL","EX","SPECIAL_BRANCH","House rule: NORMAL can branch into same-species special state EX"
"fidough",927,"NORMAL","NORMAL",927,"NORMAL","GX","SPECIAL_BRANCH","House rule: NORMAL can branch into same-species special state GX"
"fidough",927,"NORMAL","NORMAL",927,"NORMAL","V","SPECIAL_BRANCH","House rule: NORMAL can branch into same-species special state V"
"fidough",927,"NORMAL","NORMAL",927,"NORMAL","MEGA","SPECIAL_BRANCH","House rule: NORMAL can branch into same-species special state MEGA"
"fidough",927,"NORMAL","V",927,"NORMAL","VMAX","SPECIAL_CHAIN","House rule: V can continue into same-species state VMAX"
"fidough",927,"NORMAL","V",927,"NORMAL","VSTAR","SPECIAL_CHAIN","House rule: V can continue into same-species state VSTAR"
"finizen",963,"NORMAL","NORMAL",963,"NORMAL","EX","SPECIAL_BRANCH","House rule: NORMAL can branch into same-species special state EX"
"finizen",963,"NORMAL","NORMAL",963,"NORMAL","GX","SPECIAL_BRANCH","House rule: NORMAL can branch into same-species special state GX"
"finizen",963,"NORMAL","NORMAL",963,"NORMAL","V","SPECIAL_BRANCH","House rule: NORMAL can branch into same-species special state V"
"finizen",963,"NORMAL","NORMAL",963,"NORMAL","MEGA","SPECIAL_BRANCH","House rule: NORMAL can branch into same-species special state MEGA"
"finizen",963,"NORMAL","NORMAL",964,"NORMAL","NORMAL","STANDARD","Standard evolution from species tree"
"finizen",963,"NORMAL","V",963,"NORMAL","VMAX","SPECIAL_CHAIN","House rule: V can continue into same-species state VMAX"
"finizen",963,"NORMAL","V",963,"NORMAL","VSTAR","SPECIAL_CHAIN","House rule: V can continue into same-species state VSTAR"
"finizen",964,"NORMAL","NORMAL",964,"NORMAL","EX","SPECIAL_BRANCH","House rule: NORMAL can branch into same-species special state EX"
"finizen",964,"NORMAL","NORMAL",964,"NORMAL","GX","SPECIAL_BRANCH","House rule: NORMAL can branch into same-species special state GX"
"finizen",964,"NORMAL","NORMAL",964,"NORMAL","V","SPECIAL_BRANCH","House rule: NORMAL can branch into same-species special state V"
"finizen",964,"NORMAL","NORMAL",964,"NORMAL","MEGA","SPECIAL_BRANCH","House rule: NORMAL can branch into same-species special state MEGA"
"finizen",964,"NORMAL","V",964,"NORMAL","VMAX","SPECIAL_CHAIN","House rule: V can continue into same-species state VMAX"
"finizen",964,"NORMAL","V",964,"NORMAL","VSTAR","SPECIAL_CHAIN","House rule: V can continue into same-species state VSTAR"
"finneon",456,"NORMAL","NORMAL",456,"NORMAL","EX","SPECIAL_BRANCH","House rule: NORMAL can branch into same-species special state EX"
"finneon",456,"NORMAL","NORMAL",456,"NORMAL","GX","SPECIAL_BRANCH","House rule: NORMAL can branch into same-species special state GX"
"finneon",456,"NORMAL","NORMAL",456,"NORMAL","V","SPECIAL_BRANCH","House rule: NORMAL can branch into same-species special state V"
"finneon",456,"NORMAL","NORMAL",456,"NORMAL","MEGA","SPECIAL_BRANCH","House rule: NORMAL can branch into same-species special state MEGA"
"finneon",456,"NORMAL","NORMAL",457,"NORMAL","NORMAL","STANDARD","Standard evolution from species tree"
"finneon",456,"NORMAL","V",456,"NORMAL","VMAX","SPECIAL_CHAIN","House rule: V can continue into same-species state VMAX"
"finneon",456,"NORMAL","V",456,"NORMAL","VSTAR","SPECIAL_CHAIN","House rule: V can continue into same-species state VSTAR"
"finneon",457,"NORMAL","NORMAL",457,"NORMAL","EX","SPECIAL_BRANCH","House rule: NORMAL can branch into same-species special state EX"
"finneon",457,"NORMAL","NORMAL",457,"NORMAL","GX","SPECIAL_BRANCH","House rule: NORMAL can branch into same-species special state GX"
"finneon",457,"NORMAL","NORMAL",457,"NORMAL","V","SPECIAL_BRANCH","House rule: NORMAL can branch into same-species special state V"
"finneon",457,"NORMAL","NORMAL",457,"NORMAL","MEGA","SPECIAL_BRANCH","House rule: NORMAL can branch into same-species special state MEGA"
"finneon",457,"NORMAL","V",457,"NORMAL","VMAX","SPECIAL_CHAIN","House rule: V can continue into same-species state VMAX"
"finneon",457,"NORMAL","V",457,"NORMAL","VSTAR","SPECIAL_CHAIN","House rule: V can continue into same-species state VSTAR"
"flabebe",669,"NORMAL","NORMAL",669,"NORMAL","EX","SPECIAL_BRANCH","House rule: NORMAL can branch into same-species special state EX"
"flabebe",669,"NORMAL","NORMAL",669,"NORMAL","GX","SPECIAL_BRANCH","House rule: NORMAL can branch into same-species special state GX"
"flabebe",669,"NORMAL","NORMAL",669,"NORMAL","V","SPECIAL_BRANCH","House rule: NORMAL can branch into same-species special state V"
"flabebe",669,"NORMAL","NORMAL",669,"NORMAL","MEGA","SPECIAL_BRANCH","House rule: NORMAL can branch into same-species special state MEGA"
"flabebe",669,"NORMAL","NORMAL",670,"NORMAL","NORMAL","STANDARD","Standard evolution from species tree"
"flabebe",669,"NORMAL","V",669,"NORMAL","VMAX","SPECIAL_CHAIN","House rule: V can continue into same-species state VMAX"
"flabebe",669,"NORMAL","V",669,"NORMAL","VSTAR","SPECIAL_CHAIN","House rule: V can continue into same-species state VSTAR"
"flabebe",670,"NORMAL","NORMAL",670,"NORMAL","EX","SPECIAL_BRANCH","House rule: NORMAL can branch into same-species special state EX"
"flabebe",670,"NORMAL","NORMAL",670,"NORMAL","GX","SPECIAL_BRANCH","House rule: NORMAL can branch into same-species special state GX"
"flabebe",670,"NORMAL","NORMAL",670,"NORMAL","V","SPECIAL_BRANCH","House rule: NORMAL can branch into same-species special state V"
"flabebe",670,"NORMAL","NORMAL",670,"NORMAL","MEGA","SPECIAL_BRANCH","House rule: NORMAL can branch into same-species special state MEGA"
"flabebe",670,"NORMAL","NORMAL",671,"NORMAL","NORMAL","STANDARD","Standard evolution from species tree"
"flabebe",670,"NORMAL","V",670,"NORMAL","VMAX","SPECIAL_CHAIN","House rule: V can continue into same-species state VMAX"
"flabebe",670,"NORMAL","V",670,"NORMAL","VSTAR","SPECIAL_CHAIN","House rule: V can continue into same-species state VSTAR"
"flabebe",671,"NORMAL","NORMAL",671,"NORMAL","EX","SPECIAL_BRANCH","House rule: NORMAL can branch into same-species special state EX"
"flabebe",671,"NORMAL","NORMAL",671,"NORMAL","GX","SPECIAL_BRANCH","House rule: NORMAL can branch into same-species special state GX"
"flabebe",671,"NORMAL","NORMAL",671,"NORMAL","V","SPECIAL_BRANCH","House rule: NORMAL can branch into same-species special state V"
"flabebe",671,"NORMAL","NORMAL",671,"NORMAL","MEGA","SPECIAL_BRANCH","House rule: NORMAL can branch into same-species special state MEGA"
"flabebe",671,"NORMAL","V",671,"NORMAL","VMAX","SPECIAL_CHAIN","House rule: V can continue into same-species state VMAX"
"flabebe",671,"NORMAL","V",671,"NORMAL","VSTAR","SPECIAL_CHAIN","House rule: V can continue into same-species state VSTAR"
"flamigo",973,"NORMAL","NORMAL",973,"NORMAL","EX","SPECIAL_BRANCH","House rule: NORMAL can branch into same-species special state EX"
"flamigo",973,"NORMAL","NORMAL",973,"NORMAL","GX","SPECIAL_BRANCH","House rule: NORMAL can branch into same-species special state GX"
"flamigo",973,"NORMAL","NORMAL",973,"NORMAL","V","SPECIAL_BRANCH","House rule: NORMAL can branch into same-species special state V"
"flamigo",973,"NORMAL","NORMAL",973,"NORMAL","MEGA","SPECIAL_BRANCH","House rule: NORMAL can branch into same-species special state MEGA"
"flamigo",973,"NORMAL","V",973,"NORMAL","VMAX","SPECIAL_CHAIN","House rule: V can continue into same-species state VMAX"
"flamigo",973,"NORMAL","V",973,"NORMAL","VSTAR","SPECIAL_CHAIN","House rule: V can continue into same-species state VSTAR"
"fletchling",661,"NORMAL","NORMAL",661,"NORMAL","EX","SPECIAL_BRANCH","House rule: NORMAL can branch into same-species special state EX"
"fletchling",661,"NORMAL","NORMAL",661,"NORMAL","GX","SPECIAL_BRANCH","House rule: NORMAL can branch into same-species special state GX"
"fletchling",661,"NORMAL","NORMAL",661,"NORMAL","V","SPECIAL_BRANCH","House rule: NORMAL can branch into same-species special state V"
"fletchling",661,"NORMAL","NORMAL",661,"NORMAL","MEGA","SPECIAL_BRANCH","House rule: NORMAL can branch into same-species special state MEGA"
"fletchling",661,"NORMAL","NORMAL",662,"NORMAL","NORMAL","STANDARD","Standard evolution from species tree"
"fletchling",661,"NORMAL","V",661,"NORMAL","VMAX","SPECIAL_CHAIN","House rule: V can continue into same-species state VMAX"
"fletchling",661,"NORMAL","V",661,"NORMAL","VSTAR","SPECIAL_CHAIN","House rule: V can continue into same-species state VSTAR"
"fletchling",662,"NORMAL","NORMAL",662,"NORMAL","EX","SPECIAL_BRANCH","House rule: NORMAL can branch into same-species special state EX"
"fletchling",662,"NORMAL","NORMAL",662,"NORMAL","GX","SPECIAL_BRANCH","House rule: NORMAL can branch into same-species special state GX"
"fletchling",662,"NORMAL","NORMAL",662,"NORMAL","V","SPECIAL_BRANCH","House rule: NORMAL can branch into same-species special state V"
"fletchling",662,"NORMAL","NORMAL",662,"NORMAL","MEGA","SPECIAL_BRANCH","House rule: NORMAL can branch into same-species special state MEGA"
"fletchling",662,"NORMAL","NORMAL",663,"NORMAL","NORMAL","STANDARD","Standard evolution from species tree"
"fletchling",662,"NORMAL","V",662,"NORMAL","VMAX","SPECIAL_CHAIN","House rule: V can continue into same-species state VMAX"
"fletchling",662,"NORMAL","V",662,"NORMAL","VSTAR","SPECIAL_CHAIN","House rule: V can continue into same-species state VSTAR"
"fletchling",663,"NORMAL","NORMAL",663,"NORMAL","EX","SPECIAL_BRANCH","House rule: NORMAL can branch into same-species special state EX"
"fletchling",663,"NORMAL","NORMAL",663,"NORMAL","GX","SPECIAL_BRANCH","House rule: NORMAL can branch into same-species special state GX"
"fletchling",663,"NORMAL","NORMAL",663,"NORMAL","V","SPECIAL_BRANCH","House rule: NORMAL can branch into same-species special state V"
"fletchling",663,"NORMAL","NORMAL",663,"NORMAL","MEGA","SPECIAL_BRANCH","House rule: NORMAL can branch into same-species special state MEGA"
"fletchling",663,"NORMAL","V",663,"NORMAL","VMAX","SPECIAL_CHAIN","House rule: V can continue into same-species state VMAX"
"fletchling",663,"NORMAL","V",663,"NORMAL","VSTAR","SPECIAL_CHAIN","House rule: V can continue into same-species state VSTAR"
"flittle",955,"NORMAL","NORMAL",955,"NORMAL","EX","SPECIAL_BRANCH","House rule: NORMAL can branch into same-species special state EX"
"flittle",955,"NORMAL","NORMAL",955,"NORMAL","GX","SPECIAL_BRANCH","House rule: NORMAL can branch into same-species special state GX"
"flittle",955,"NORMAL","NORMAL",955,"NORMAL","V","SPECIAL_BRANCH","House rule: NORMAL can branch into same-species special state V"
"flittle",955,"NORMAL","NORMAL",955,"NORMAL","MEGA","SPECIAL_BRANCH","House rule: NORMAL can branch into same-species special state MEGA"
"flittle",955,"NORMAL","NORMAL",956,"NORMAL","NORMAL","STANDARD","Standard evolution from species tree"
"flittle",955,"NORMAL","V",955,"NORMAL","VMAX","SPECIAL_CHAIN","House rule: V can continue into same-species state VMAX"
"flittle",955,"NORMAL","V",955,"NORMAL","VSTAR","SPECIAL_CHAIN","House rule: V can continue into same-species state VSTAR"
"flittle",956,"NORMAL","NORMAL",956,"NORMAL","EX","SPECIAL_BRANCH","House rule: NORMAL can branch into same-species special state EX"
"flittle",956,"NORMAL","NORMAL",956,"NORMAL","GX","SPECIAL_BRANCH","House rule: NORMAL can branch into same-species special state GX"
"flittle",956,"NORMAL","NORMAL",956,"NORMAL","V","SPECIAL_BRANCH","House rule: NORMAL can branch into same-species special state V"
"flittle",956,"NORMAL","NORMAL",956,"NORMAL","MEGA","SPECIAL_BRANCH","House rule: NORMAL can branch into same-species special state MEGA"
"flittle",956,"NORMAL","V",956,"NORMAL","VMAX","SPECIAL_CHAIN","House rule: V can continue into same-species state VMAX"
"flittle",956,"NORMAL","V",956,"NORMAL","VSTAR","SPECIAL_CHAIN","House rule: V can continue into same-species state VSTAR"
"flutter-mane",987,"NORMAL","NORMAL",987,"NORMAL","EX","SPECIAL_BRANCH","House rule: NORMAL can branch into same-species special state EX"
"flutter-mane",987,"NORMAL","NORMAL",987,"NORMAL","GX","SPECIAL_BRANCH","House rule: NORMAL can branch into same-species special state GX"
"flutter-mane",987,"NORMAL","NORMAL",987,"NORMAL","V","SPECIAL_BRANCH","House rule: NORMAL can branch into same-species special state V"
"flutter-mane",987,"NORMAL","NORMAL",987,"NORMAL","MEGA","SPECIAL_BRANCH","House rule: NORMAL can branch into same-species special state MEGA"
"flutter-mane",987,"NORMAL","V",987,"NORMAL","VMAX","SPECIAL_CHAIN","House rule: V can continue into same-species state VMAX"
"flutter-mane",987,"NORMAL","V",987,"NORMAL","VSTAR","SPECIAL_CHAIN","House rule: V can continue into same-species state VSTAR"
"fomantis",753,"NORMAL","NORMAL",753,"NORMAL","EX","SPECIAL_BRANCH","House rule: NORMAL can branch into same-species special state EX"
"fomantis",753,"NORMAL","NORMAL",753,"NORMAL","GX","SPECIAL_BRANCH","House rule: NORMAL can branch into same-species special state GX"
"fomantis",753,"NORMAL","NORMAL",753,"NORMAL","V","SPECIAL_BRANCH","House rule: NORMAL can branch into same-species special state V"
"fomantis",753,"NORMAL","NORMAL",753,"NORMAL","MEGA","SPECIAL_BRANCH","House rule: NORMAL can branch into same-species special state MEGA"
"fomantis",753,"NORMAL","NORMAL",754,"NORMAL","NORMAL","STANDARD","Standard evolution from species tree"
"fomantis",753,"NORMAL","V",753,"NORMAL","VMAX","SPECIAL_CHAIN","House rule: V can continue into same-species state VMAX"
"fomantis",753,"NORMAL","V",753,"NORMAL","VSTAR","SPECIAL_CHAIN","House rule: V can continue into same-species state VSTAR"
"fomantis",754,"NORMAL","NORMAL",754,"NORMAL","EX","SPECIAL_BRANCH","House rule: NORMAL can branch into same-species special state EX"
"fomantis",754,"NORMAL","NORMAL",754,"NORMAL","GX","SPECIAL_BRANCH","House rule: NORMAL can branch into same-species special state GX"
"fomantis",754,"NORMAL","NORMAL",754,"NORMAL","V","SPECIAL_BRANCH","House rule: NORMAL can branch into same-species special state V"
"fomantis",754,"NORMAL","NORMAL",754,"NORMAL","MEGA","SPECIAL_BRANCH","House rule: NORMAL can branch into same-species special state MEGA"
"fomantis",754,"NORMAL","V",754,"NORMAL","VMAX","SPECIAL_CHAIN","House rule: V can continue into same-species state VMAX"
"fomantis",754,"NORMAL","V",754,"NORMAL","VSTAR","SPECIAL_CHAIN","House rule: V can continue into same-species state VSTAR"
"foongus",590,"NORMAL","NORMAL",590,"NORMAL","EX","SPECIAL_BRANCH","House rule: NORMAL can branch into same-species special state EX"
"foongus",590,"NORMAL","NORMAL",590,"NORMAL","GX","SPECIAL_BRANCH","House rule: NORMAL can branch into same-species special state GX"
"foongus",590,"NORMAL","NORMAL",590,"NORMAL","V","SPECIAL_BRANCH","House rule: NORMAL can branch into same-species special state V"
"foongus",590,"NORMAL","NORMAL",590,"NORMAL","MEGA","SPECIAL_BRANCH","House rule: NORMAL can branch into same-species special state MEGA"
"foongus",590,"NORMAL","NORMAL",591,"NORMAL","NORMAL","STANDARD","Standard evolution from species tree"
"foongus",590,"NORMAL","V",590,"NORMAL","VMAX","SPECIAL_CHAIN","House rule: V can continue into same-species state VMAX"
"foongus",590,"NORMAL","V",590,"NORMAL","VSTAR","SPECIAL_CHAIN","House rule: V can continue into same-species state VSTAR"
"foongus",591,"NORMAL","NORMAL",591,"NORMAL","EX","SPECIAL_BRANCH","House rule: NORMAL can branch into same-species special state EX"
"foongus",591,"NORMAL","NORMAL",591,"NORMAL","GX","SPECIAL_BRANCH","House rule: NORMAL can branch into same-species special state GX"
"foongus",591,"NORMAL","NORMAL",591,"NORMAL","V","SPECIAL_BRANCH","House rule: NORMAL can branch into same-species special state V"
"foongus",591,"NORMAL","NORMAL",591,"NORMAL","MEGA","SPECIAL_BRANCH","House rule: NORMAL can branch into same-species special state MEGA"
"foongus",591,"NORMAL","V",591,"NORMAL","VMAX","SPECIAL_CHAIN","House rule: V can continue into same-species state VMAX"
"foongus",591,"NORMAL","V",591,"NORMAL","VSTAR","SPECIAL_CHAIN","House rule: V can continue into same-species state VSTAR"
"frigibax",996,"NORMAL","NORMAL",996,"NORMAL","EX","SPECIAL_BRANCH","House rule: NORMAL can branch into same-species special state EX"
"frigibax",996,"NORMAL","NORMAL",996,"NORMAL","GX","SPECIAL_BRANCH","House rule: NORMAL can branch into same-species special state GX"
"frigibax",996,"NORMAL","NORMAL",996,"NORMAL","V","SPECIAL_BRANCH","House rule: NORMAL can branch into same-species special state V"
"frigibax",996,"NORMAL","NORMAL",996,"NORMAL","MEGA","SPECIAL_BRANCH","House rule: NORMAL can branch into same-species special state MEGA"
"frigibax",996,"NORMAL","NORMAL",997,"NORMAL","NORMAL","STANDARD","Standard evolution from species tree"
"frigibax",996,"NORMAL","V",996,"NORMAL","VMAX","SPECIAL_CHAIN","House rule: V can continue into same-species state VMAX"
"frigibax",996,"NORMAL","V",996,"NORMAL","VSTAR","SPECIAL_CHAIN","House rule: V can continue into same-species state VSTAR"
"frigibax",997,"NORMAL","NORMAL",997,"NORMAL","EX","SPECIAL_BRANCH","House rule: NORMAL can branch into same-species special state EX"
"frigibax",997,"NORMAL","NORMAL",997,"NORMAL","GX","SPECIAL_BRANCH","House rule: NORMAL can branch into same-species special state GX"
"frigibax",997,"NORMAL","NORMAL",997,"NORMAL","V","SPECIAL_BRANCH","House rule: NORMAL can branch into same-species special state V"
"frigibax",997,"NORMAL","NORMAL",997,"NORMAL","MEGA","SPECIAL_BRANCH","House rule: NORMAL can branch into same-species special state MEGA"
"frigibax",997,"NORMAL","NORMAL",998,"NORMAL","NORMAL","STANDARD","Standard evolution from species tree"
"frigibax",997,"NORMAL","V",997,"NORMAL","VMAX","SPECIAL_CHAIN","House rule: V can continue into same-species state VMAX"
"frigibax",997,"NORMAL","V",997,"NORMAL","VSTAR","SPECIAL_CHAIN","House rule: V can continue into same-species state VSTAR"
"frigibax",998,"NORMAL","NORMAL",998,"NORMAL","EX","SPECIAL_BRANCH","House rule: NORMAL can branch into same-species special state EX"
"frigibax",998,"NORMAL","NORMAL",998,"NORMAL","GX","SPECIAL_BRANCH","House rule: NORMAL can branch into same-species special state GX"
"frigibax",998,"NORMAL","NORMAL",998,"NORMAL","V","SPECIAL_BRANCH","House rule: NORMAL can branch into same-species special state V"
"frigibax",998,"NORMAL","NORMAL",998,"NORMAL","MEGA","SPECIAL_BRANCH","House rule: NORMAL can branch into same-species special state MEGA"
"frigibax",998,"NORMAL","V",998,"NORMAL","VMAX","SPECIAL_CHAIN","House rule: V can continue into same-species state VMAX"
"frigibax",998,"NORMAL","V",998,"NORMAL","VSTAR","SPECIAL_CHAIN","House rule: V can continue into same-species state VSTAR"
"frillish",592,"NORMAL","NORMAL",592,"NORMAL","EX","SPECIAL_BRANCH","House rule: NORMAL can branch into same-species special state EX"
"frillish",592,"NORMAL","NORMAL",592,"NORMAL","GX","SPECIAL_BRANCH","House rule: NORMAL can branch into same-species special state GX"
"frillish",592,"NORMAL","NORMAL",592,"NORMAL","V","SPECIAL_BRANCH","House rule: NORMAL can branch into same-species special state V"
"frillish",592,"NORMAL","NORMAL",592,"NORMAL","MEGA","SPECIAL_BRANCH","House rule: NORMAL can branch into same-species special state MEGA"
"frillish",592,"NORMAL","NORMAL",593,"NORMAL","NORMAL","STANDARD","Standard evolution from species tree"
"frillish",592,"NORMAL","V",592,"NORMAL","VMAX","SPECIAL_CHAIN","House rule: V can continue into same-species state VMAX"
"frillish",592,"NORMAL","V",592,"NORMAL","VSTAR","SPECIAL_CHAIN","House rule: V can continue into same-species state VSTAR"
"frillish",593,"NORMAL","NORMAL",593,"NORMAL","EX","SPECIAL_BRANCH","House rule: NORMAL can branch into same-species special state EX"
"frillish",593,"NORMAL","NORMAL",593,"NORMAL","GX","SPECIAL_BRANCH","House rule: NORMAL can branch into same-species special state GX"
"frillish",593,"NORMAL","NORMAL",593,"NORMAL","V","SPECIAL_BRANCH","House rule: NORMAL can branch into same-species special state V"
"frillish",593,"NORMAL","NORMAL",593,"NORMAL","MEGA","SPECIAL_BRANCH","House rule: NORMAL can branch into same-species special state MEGA"
"frillish",593,"NORMAL","V",593,"NORMAL","VMAX","SPECIAL_CHAIN","House rule: V can continue into same-species state VMAX"
"frillish",593,"NORMAL","V",593,"NORMAL","VSTAR","SPECIAL_CHAIN","House rule: V can continue into same-species state VSTAR"
"froakie",656,"NORMAL","NORMAL",656,"NORMAL","EX","SPECIAL_BRANCH","House rule: NORMAL can branch into same-species special state EX"
"froakie",656,"NORMAL","NORMAL",656,"NORMAL","GX","SPECIAL_BRANCH","House rule: NORMAL can branch into same-species special state GX"
"froakie",656,"NORMAL","NORMAL",656,"NORMAL","V","SPECIAL_BRANCH","House rule: NORMAL can branch into same-species special state V"
"froakie",656,"NORMAL","NORMAL",656,"NORMAL","MEGA","SPECIAL_BRANCH","House rule: NORMAL can branch into same-species special state MEGA"
"froakie",656,"NORMAL","NORMAL",657,"NORMAL","NORMAL","STANDARD","Standard evolution from species tree"
"froakie",656,"NORMAL","V",656,"NORMAL","VMAX","SPECIAL_CHAIN","House rule: V can continue into same-species state VMAX"
"froakie",656,"NORMAL","V",656,"NORMAL","VSTAR","SPECIAL_CHAIN","House rule: V can continue into same-species state VSTAR"
"froakie",657,"NORMAL","NORMAL",657,"NORMAL","EX","SPECIAL_BRANCH","House rule: NORMAL can branch into same-species special state EX"
"froakie",657,"NORMAL","NORMAL",657,"NORMAL","GX","SPECIAL_BRANCH","House rule: NORMAL can branch into same-species special state GX"
"froakie",657,"NORMAL","NORMAL",657,"NORMAL","V","SPECIAL_BRANCH","House rule: NORMAL can branch into same-species special state V"
"froakie",657,"NORMAL","NORMAL",657,"NORMAL","MEGA","SPECIAL_BRANCH","House rule: NORMAL can branch into same-species special state MEGA"
"froakie",657,"NORMAL","NORMAL",658,"NORMAL","NORMAL","STANDARD","Standard evolution from species tree"
"froakie",657,"NORMAL","V",657,"NORMAL","VMAX","SPECIAL_CHAIN","House rule: V can continue into same-species state VMAX"
"froakie",657,"NORMAL","V",657,"NORMAL","VSTAR","SPECIAL_CHAIN","House rule: V can continue into same-species state VSTAR"
"froakie",658,"NORMAL","NORMAL",658,"NORMAL","EX","SPECIAL_BRANCH","House rule: NORMAL can branch into same-species special state EX"
"froakie",658,"NORMAL","NORMAL",658,"NORMAL","GX","SPECIAL_BRANCH","House rule: NORMAL can branch into same-species special state GX"
"froakie",658,"NORMAL","NORMAL",658,"NORMAL","V","SPECIAL_BRANCH","House rule: NORMAL can branch into same-species special state V"
"froakie",658,"NORMAL","NORMAL",658,"NORMAL","MEGA","SPECIAL_BRANCH","House rule: NORMAL can branch into same-species special state MEGA"
"froakie",658,"NORMAL","V",658,"NORMAL","VMAX","SPECIAL_CHAIN","House rule: V can continue into same-species state VMAX"
"froakie",658,"NORMAL","V",658,"NORMAL","VSTAR","SPECIAL_CHAIN","House rule: V can continue into same-species state VSTAR"
"fuecoco",909,"NORMAL","NORMAL",909,"NORMAL","EX","SPECIAL_BRANCH","House rule: NORMAL can branch into same-species special state EX"
"fuecoco",909,"NORMAL","NORMAL",909,"NORMAL","GX","SPECIAL_BRANCH","House rule: NORMAL can branch into same-species special state GX"
"fuecoco",909,"NORMAL","NORMAL",909,"NORMAL","V","SPECIAL_BRANCH","House rule: NORMAL can branch into same-species special state V"
"fuecoco",909,"NORMAL","NORMAL",909,"NORMAL","MEGA","SPECIAL_BRANCH","House rule: NORMAL can branch into same-species special state MEGA"
"fuecoco",909,"NORMAL","NORMAL",910,"NORMAL","NORMAL","STANDARD","Standard evolution from species tree"
"fuecoco",909,"NORMAL","V",909,"NORMAL","VMAX","SPECIAL_CHAIN","House rule: V can continue into same-species state VMAX"
"fuecoco",909,"NORMAL","V",909,"NORMAL","VSTAR","SPECIAL_CHAIN","House rule: V can continue into same-species state VSTAR"
"fuecoco",910,"NORMAL","NORMAL",910,"NORMAL","EX","SPECIAL_BRANCH","House rule: NORMAL can branch into same-species special state EX"
"fuecoco",910,"NORMAL","NORMAL",910,"NORMAL","GX","SPECIAL_BRANCH","House rule: NORMAL can branch into same-species special state GX"
"fuecoco",910,"NORMAL","NORMAL",910,"NORMAL","V","SPECIAL_BRANCH","House rule: NORMAL can branch into same-species special state V"
"fuecoco",910,"NORMAL","NORMAL",910,"NORMAL","MEGA","SPECIAL_BRANCH","House rule: NORMAL can branch into same-species special state MEGA"
"fuecoco",910,"NORMAL","NORMAL",911,"NORMAL","NORMAL","STANDARD","Standard evolution from species tree"
"fuecoco",910,"NORMAL","V",910,"NORMAL","VMAX","SPECIAL_CHAIN","House rule: V can continue into same-species state VMAX"
"fuecoco",910,"NORMAL","V",910,"NORMAL","VSTAR","SPECIAL_CHAIN","House rule: V can continue into same-species state VSTAR"
"fuecoco",911,"NORMAL","NORMAL",911,"NORMAL","EX","SPECIAL_BRANCH","House rule: NORMAL can branch into same-species special state EX"
"fuecoco",911,"NORMAL","NORMAL",911,"NORMAL","GX","SPECIAL_BRANCH","House rule: NORMAL can branch into same-species special state GX"
"fuecoco",911,"NORMAL","NORMAL",911,"NORMAL","V","SPECIAL_BRANCH","House rule: NORMAL can branch into same-species special state V"
"fuecoco",911,"NORMAL","NORMAL",911,"NORMAL","MEGA","SPECIAL_BRANCH","House rule: NORMAL can branch into same-species special state MEGA"
"fuecoco",911,"NORMAL","V",911,"NORMAL","VMAX","SPECIAL_CHAIN","House rule: V can continue into same-species state VMAX"
"fuecoco",911,"NORMAL","V",911,"NORMAL","VSTAR","SPECIAL_CHAIN","House rule: V can continue into same-species state VSTAR"
"furfrou",676,"NORMAL","NORMAL",676,"NORMAL","EX","SPECIAL_BRANCH","House rule: NORMAL can branch into same-species special state EX"
"furfrou",676,"NORMAL","NORMAL",676,"NORMAL","GX","SPECIAL_BRANCH","House rule: NORMAL can branch into same-species special state GX"
"furfrou",676,"NORMAL","NORMAL",676,"NORMAL","V","SPECIAL_BRANCH","House rule: NORMAL can branch into same-species special state V"
"furfrou",676,"NORMAL","NORMAL",676,"NORMAL","MEGA","SPECIAL_BRANCH","House rule: NORMAL can branch into same-species special state MEGA"
"furfrou",676,"NORMAL","V",676,"NORMAL","VMAX","SPECIAL_CHAIN","House rule: V can continue into same-species state VMAX"
"furfrou",676,"NORMAL","V",676,"NORMAL","VSTAR","SPECIAL_CHAIN","House rule: V can continue into same-species state VSTAR"
"gastly",92,"NORMAL","NORMAL",92,"NORMAL","EX","SPECIAL_BRANCH","House rule: NORMAL can branch into same-species special state EX"
"gastly",92,"NORMAL","NORMAL",92,"NORMAL","GX","SPECIAL_BRANCH","House rule: NORMAL can branch into same-species special state GX"
"gastly",92,"NORMAL","NORMAL",92,"NORMAL","V","SPECIAL_BRANCH","House rule: NORMAL can branch into same-species special state V"
"gastly",92,"NORMAL","NORMAL",92,"NORMAL","MEGA","SPECIAL_BRANCH","House rule: NORMAL can branch into same-species special state MEGA"
"gastly",92,"NORMAL","NORMAL",93,"NORMAL","NORMAL","STANDARD","Standard evolution from species tree"
"gastly",92,"NORMAL","V",92,"NORMAL","VMAX","SPECIAL_CHAIN","House rule: V can continue into same-species state VMAX"
"gastly",92,"NORMAL","V",92,"NORMAL","VSTAR","SPECIAL_CHAIN","House rule: V can continue into same-species state VSTAR"
"gastly",93,"NORMAL","NORMAL",93,"NORMAL","EX","SPECIAL_BRANCH","House rule: NORMAL can branch into same-species special state EX"
"gastly",93,"NORMAL","NORMAL",93,"NORMAL","GX","SPECIAL_BRANCH","House rule: NORMAL can branch into same-species special state GX"
"gastly",93,"NORMAL","NORMAL",93,"NORMAL","V","SPECIAL_BRANCH","House rule: NORMAL can branch into same-species special state V"
"gastly",93,"NORMAL","NORMAL",93,"NORMAL","MEGA","SPECIAL_BRANCH","House rule: NORMAL can branch into same-species special state MEGA"
"gastly",93,"NORMAL","NORMAL",94,"NORMAL","NORMAL","STANDARD","Standard evolution from species tree"
"gastly",93,"NORMAL","V",93,"NORMAL","VMAX","SPECIAL_CHAIN","House rule: V can continue into same-species state VMAX"
"gastly",93,"NORMAL","V",93,"NORMAL","VSTAR","SPECIAL_CHAIN","House rule: V can continue into same-species state VSTAR"
"gastly",94,"NORMAL","NORMAL",94,"NORMAL","EX","SPECIAL_BRANCH","House rule: NORMAL can branch into same-species special state EX"
"gastly",94,"NORMAL","NORMAL",94,"NORMAL","GX","SPECIAL_BRANCH","House rule: NORMAL can branch into same-species special state GX"
"gastly",94,"NORMAL","NORMAL",94,"NORMAL","V","SPECIAL_BRANCH","House rule: NORMAL can branch into same-species special state V"
"gastly",94,"NORMAL","NORMAL",94,"NORMAL","MEGA","SPECIAL_BRANCH","House rule: NORMAL can branch into same-species special state MEGA"
"gastly",94,"NORMAL","V",94,"NORMAL","VMAX","SPECIAL_CHAIN","House rule: V can continue into same-species state VMAX"
"gastly",94,"NORMAL","V",94,"NORMAL","VSTAR","SPECIAL_CHAIN","House rule: V can continue into same-species state VSTAR"
"genesect",649,"NORMAL","NORMAL",649,"NORMAL","EX","SPECIAL_BRANCH","House rule: NORMAL can branch into same-species special state EX"
"genesect",649,"NORMAL","NORMAL",649,"NORMAL","GX","SPECIAL_BRANCH","House rule: NORMAL can branch into same-species special state GX"
"genesect",649,"NORMAL","NORMAL",649,"NORMAL","V","SPECIAL_BRANCH","House rule: NORMAL can branch into same-species special state V"
"genesect",649,"NORMAL","NORMAL",649,"NORMAL","MEGA","SPECIAL_BRANCH","House rule: NORMAL can branch into same-species special state MEGA"
"genesect",649,"NORMAL","V",649,"NORMAL","VMAX","SPECIAL_CHAIN","House rule: V can continue into same-species state VMAX"
"genesect",649,"NORMAL","V",649,"NORMAL","VSTAR","SPECIAL_CHAIN","House rule: V can continue into same-species state VSTAR"
"geodude",74,"NORMAL","NORMAL",74,"NORMAL","EX","SPECIAL_BRANCH","House rule: NORMAL can branch into same-species special state EX"
"geodude",74,"NORMAL","NORMAL",74,"NORMAL","GX","SPECIAL_BRANCH","House rule: NORMAL can branch into same-species special state GX"
"geodude",74,"NORMAL","NORMAL",74,"NORMAL","V","SPECIAL_BRANCH","House rule: NORMAL can branch into same-species special state V"
"geodude",74,"NORMAL","NORMAL",74,"NORMAL","MEGA","SPECIAL_BRANCH","House rule: NORMAL can branch into same-species special state MEGA"
"geodude",74,"NORMAL","NORMAL",75,"NORMAL","NORMAL","STANDARD","Standard evolution from species tree"
"geodude",74,"NORMAL","V",74,"NORMAL","VMAX","SPECIAL_CHAIN","House rule: V can continue into same-species state VMAX"
"geodude",74,"NORMAL","V",74,"NORMAL","VSTAR","SPECIAL_CHAIN","House rule: V can continue into same-species state VSTAR"
"geodude",75,"NORMAL","NORMAL",75,"NORMAL","EX","SPECIAL_BRANCH","House rule: NORMAL can branch into same-species special state EX"
"geodude",75,"NORMAL","NORMAL",75,"NORMAL","GX","SPECIAL_BRANCH","House rule: NORMAL can branch into same-species special state GX"
"geodude",75,"NORMAL","NORMAL",75,"NORMAL","V","SPECIAL_BRANCH","House rule: NORMAL can branch into same-species special state V"
"geodude",75,"NORMAL","NORMAL",75,"NORMAL","MEGA","SPECIAL_BRANCH","House rule: NORMAL can branch into same-species special state MEGA"
"geodude",75,"NORMAL","NORMAL",76,"NORMAL","NORMAL","STANDARD","Standard evolution from species tree"
"geodude",75,"NORMAL","V",75,"NORMAL","VMAX","SPECIAL_CHAIN","House rule: V can continue into same-species state VMAX"
"geodude",75,"NORMAL","V",75,"NORMAL","VSTAR","SPECIAL_CHAIN","House rule: V can continue into same-species state VSTAR"
"geodude",76,"NORMAL","NORMAL",76,"NORMAL","EX","SPECIAL_BRANCH","House rule: NORMAL can branch into same-species special state EX"
"geodude",76,"NORMAL","NORMAL",76,"NORMAL","GX","SPECIAL_BRANCH","House rule: NORMAL can branch into same-species special state GX"
"geodude",76,"NORMAL","NORMAL",76,"NORMAL","V","SPECIAL_BRANCH","House rule: NORMAL can branch into same-species special state V"
"geodude",76,"NORMAL","NORMAL",76,"NORMAL","MEGA","SPECIAL_BRANCH","House rule: NORMAL can branch into same-species special state MEGA"
"geodude",76,"NORMAL","V",76,"NORMAL","VMAX","SPECIAL_CHAIN","House rule: V can continue into same-species state VMAX"
"geodude",76,"NORMAL","V",76,"NORMAL","VSTAR","SPECIAL_CHAIN","House rule: V can continue into same-species state VSTAR"
"gible",443,"NORMAL","NORMAL",443,"NORMAL","EX","SPECIAL_BRANCH","House rule: NORMAL can branch into same-species special state EX"
"gible",443,"NORMAL","NORMAL",443,"NORMAL","GX","SPECIAL_BRANCH","House rule: NORMAL can branch into same-species special state GX"
"gible",443,"NORMAL","NORMAL",443,"NORMAL","V","SPECIAL_BRANCH","House rule: NORMAL can branch into same-species special state V"
"gible",443,"NORMAL","NORMAL",443,"NORMAL","MEGA","SPECIAL_BRANCH","House rule: NORMAL can branch into same-species special state MEGA"
"gible",443,"NORMAL","NORMAL",444,"NORMAL","NORMAL","STANDARD","Standard evolution from species tree"
"gible",443,"NORMAL","V",443,"NORMAL","VMAX","SPECIAL_CHAIN","House rule: V can continue into same-species state VMAX"
"gible",443,"NORMAL","V",443,"NORMAL","VSTAR","SPECIAL_CHAIN","House rule: V can continue into same-species state VSTAR"
"gible",444,"NORMAL","NORMAL",444,"NORMAL","EX","SPECIAL_BRANCH","House rule: NORMAL can branch into same-species special state EX"
"gible",444,"NORMAL","NORMAL",444,"NORMAL","GX","SPECIAL_BRANCH","House rule: NORMAL can branch into same-species special state GX"
"gible",444,"NORMAL","NORMAL",444,"NORMAL","V","SPECIAL_BRANCH","House rule: NORMAL can branch into same-species special state V"
"gible",444,"NORMAL","NORMAL",444,"NORMAL","MEGA","SPECIAL_BRANCH","House rule: NORMAL can branch into same-species special state MEGA"
"gible",444,"NORMAL","NORMAL",445,"NORMAL","NORMAL","STANDARD","Standard evolution from species tree"
"gible",444,"NORMAL","V",444,"NORMAL","VMAX","SPECIAL_CHAIN","House rule: V can continue into same-species state VMAX"
"gible",444,"NORMAL","V",444,"NORMAL","VSTAR","SPECIAL_CHAIN","House rule: V can continue into same-species state VSTAR"
"gible",445,"NORMAL","NORMAL",445,"NORMAL","EX","SPECIAL_BRANCH","House rule: NORMAL can branch into same-species special state EX"
"gible",445,"NORMAL","NORMAL",445,"NORMAL","GX","SPECIAL_BRANCH","House rule: NORMAL can branch into same-species special state GX"
"gible",445,"NORMAL","NORMAL",445,"NORMAL","V","SPECIAL_BRANCH","House rule: NORMAL can branch into same-species special state V"
"gible",445,"NORMAL","NORMAL",445,"NORMAL","MEGA","SPECIAL_BRANCH","House rule: NORMAL can branch into same-species special state MEGA"
"gible",445,"NORMAL","V",445,"NORMAL","VMAX","SPECIAL_CHAIN","House rule: V can continue into same-species state VMAX"
"gible",445,"NORMAL","V",445,"NORMAL","VSTAR","SPECIAL_CHAIN","House rule: V can continue into same-species state VSTAR"
"gimmighoul",999,"NORMAL","NORMAL",999,"NORMAL","EX","SPECIAL_BRANCH","House rule: NORMAL can branch into same-species special state EX"
"gimmighoul",999,"NORMAL","NORMAL",999,"NORMAL","GX","SPECIAL_BRANCH","House rule: NORMAL can branch into same-species special state GX"
"gimmighoul",999,"NORMAL","NORMAL",999,"NORMAL","V","SPECIAL_BRANCH","House rule: NORMAL can branch into same-species special state V"
"gimmighoul",999,"NORMAL","NORMAL",999,"NORMAL","MEGA","SPECIAL_BRANCH","House rule: NORMAL can branch into same-species special state MEGA"
"gimmighoul",999,"NORMAL","NORMAL",1000,"NORMAL","NORMAL","STANDARD","Standard evolution from species tree"
"gimmighoul",999,"NORMAL","V",999,"NORMAL","VMAX","SPECIAL_CHAIN","House rule: V can continue into same-species state VMAX"
"gimmighoul",999,"NORMAL","V",999,"NORMAL","VSTAR","SPECIAL_CHAIN","House rule: V can continue into same-species state VSTAR"
"gimmighoul",1000,"NORMAL","NORMAL",1000,"NORMAL","EX","SPECIAL_BRANCH","House rule: NORMAL can branch into same-species special state EX"
"gimmighoul",1000,"NORMAL","NORMAL",1000,"NORMAL","GX","SPECIAL_BRANCH","House rule: NORMAL can branch into same-species special state GX"
"gimmighoul",1000,"NORMAL","NORMAL",1000,"NORMAL","V","SPECIAL_BRANCH","House rule: NORMAL can branch into same-species special state V"
"gimmighoul",1000,"NORMAL","NORMAL",1000,"NORMAL","MEGA","SPECIAL_BRANCH","House rule: NORMAL can branch into same-species special state MEGA"
"gimmighoul",1000,"NORMAL","V",1000,"NORMAL","VMAX","SPECIAL_CHAIN","House rule: V can continue into same-species state VMAX"
"gimmighoul",1000,"NORMAL","V",1000,"NORMAL","VSTAR","SPECIAL_CHAIN","House rule: V can continue into same-species state VSTAR"
"girafarig",203,"NORMAL","NORMAL",203,"NORMAL","EX","SPECIAL_BRANCH","House rule: NORMAL can branch into same-species special state EX"
"girafarig",203,"NORMAL","NORMAL",203,"NORMAL","GX","SPECIAL_BRANCH","House rule: NORMAL can branch into same-species special state GX"
"girafarig",203,"NORMAL","NORMAL",203,"NORMAL","V","SPECIAL_BRANCH","House rule: NORMAL can branch into same-species special state V"
"girafarig",203,"NORMAL","NORMAL",203,"NORMAL","MEGA","SPECIAL_BRANCH","House rule: NORMAL can branch into same-species special state MEGA"
"girafarig",203,"NORMAL","NORMAL",981,"NORMAL","NORMAL","STANDARD","Standard evolution from species tree"
"girafarig",203,"NORMAL","V",203,"NORMAL","VMAX","SPECIAL_CHAIN","House rule: V can continue into same-species state VMAX"
"girafarig",203,"NORMAL","V",203,"NORMAL","VSTAR","SPECIAL_CHAIN","House rule: V can continue into same-species state VSTAR"
"girafarig",981,"NORMAL","NORMAL",981,"NORMAL","EX","SPECIAL_BRANCH","House rule: NORMAL can branch into same-species special state EX"
"girafarig",981,"NORMAL","NORMAL",981,"NORMAL","GX","SPECIAL_BRANCH","House rule: NORMAL can branch into same-species special state GX"
"girafarig",981,"NORMAL","NORMAL",981,"NORMAL","V","SPECIAL_BRANCH","House rule: NORMAL can branch into same-species special state V"
"girafarig",981,"NORMAL","NORMAL",981,"NORMAL","MEGA","SPECIAL_BRANCH","House rule: NORMAL can branch into same-species special state MEGA"
"girafarig",981,"NORMAL","V",981,"NORMAL","VMAX","SPECIAL_CHAIN","House rule: V can continue into same-species state VMAX"
"girafarig",981,"NORMAL","V",981,"NORMAL","VSTAR","SPECIAL_CHAIN","House rule: V can continue into same-species state VSTAR"
"giratina",487,"NORMAL","NORMAL",487,"NORMAL","EX","SPECIAL_BRANCH","House rule: NORMAL can branch into same-species special state EX"
"giratina",487,"NORMAL","NORMAL",487,"NORMAL","GX","SPECIAL_BRANCH","House rule: NORMAL can branch into same-species special state GX"
"giratina",487,"NORMAL","NORMAL",487,"NORMAL","V","SPECIAL_BRANCH","House rule: NORMAL can branch into same-species special state V"
"giratina",487,"NORMAL","NORMAL",487,"NORMAL","MEGA","SPECIAL_BRANCH","House rule: NORMAL can branch into same-species special state MEGA"
"giratina",487,"NORMAL","V",487,"NORMAL","VMAX","SPECIAL_CHAIN","House rule: V can continue into same-species state VMAX"
"giratina",487,"NORMAL","V",487,"NORMAL","VSTAR","SPECIAL_CHAIN","House rule: V can continue into same-species state VSTAR"
"glameow",431,"NORMAL","NORMAL",431,"NORMAL","EX","SPECIAL_BRANCH","House rule: NORMAL can branch into same-species special state EX"
"glameow",431,"NORMAL","NORMAL",431,"NORMAL","GX","SPECIAL_BRANCH","House rule: NORMAL can branch into same-species special state GX"
"glameow",431,"NORMAL","NORMAL",431,"NORMAL","V","SPECIAL_BRANCH","House rule: NORMAL can branch into same-species special state V"
"glameow",431,"NORMAL","NORMAL",431,"NORMAL","MEGA","SPECIAL_BRANCH","House rule: NORMAL can branch into same-species special state MEGA"
"glameow",431,"NORMAL","NORMAL",432,"NORMAL","NORMAL","STANDARD","Standard evolution from species tree"
"glameow",431,"NORMAL","V",431,"NORMAL","VMAX","SPECIAL_CHAIN","House rule: V can continue into same-species state VMAX"
"glameow",431,"NORMAL","V",431,"NORMAL","VSTAR","SPECIAL_CHAIN","House rule: V can continue into same-species state VSTAR"
"glameow",432,"NORMAL","NORMAL",432,"NORMAL","EX","SPECIAL_BRANCH","House rule: NORMAL can branch into same-species special state EX"
"glameow",432,"NORMAL","NORMAL",432,"NORMAL","GX","SPECIAL_BRANCH","House rule: NORMAL can branch into same-species special state GX"
"glameow",432,"NORMAL","NORMAL",432,"NORMAL","V","SPECIAL_BRANCH","House rule: NORMAL can branch into same-species special state V"
"glameow",432,"NORMAL","NORMAL",432,"NORMAL","MEGA","SPECIAL_BRANCH","House rule: NORMAL can branch into same-species special state MEGA"
"glameow",432,"NORMAL","V",432,"NORMAL","VMAX","SPECIAL_CHAIN","House rule: V can continue into same-species state VMAX"
"glameow",432,"NORMAL","V",432,"NORMAL","VSTAR","SPECIAL_CHAIN","House rule: V can continue into same-species state VSTAR"
"glastrier",896,"NORMAL","NORMAL",896,"NORMAL","EX","SPECIAL_BRANCH","House rule: NORMAL can branch into same-species special state EX"
"glastrier",896,"NORMAL","NORMAL",896,"NORMAL","GX","SPECIAL_BRANCH","House rule: NORMAL can branch into same-species special state GX"
"glastrier",896,"NORMAL","NORMAL",896,"NORMAL","V","SPECIAL_BRANCH","House rule: NORMAL can branch into same-species special state V"
"glastrier",896,"NORMAL","NORMAL",896,"NORMAL","MEGA","SPECIAL_BRANCH","House rule: NORMAL can branch into same-species special state MEGA"
"glastrier",896,"NORMAL","V",896,"NORMAL","VMAX","SPECIAL_CHAIN","House rule: V can continue into same-species state VMAX"
"glastrier",896,"NORMAL","V",896,"NORMAL","VSTAR","SPECIAL_CHAIN","House rule: V can continue into same-species state VSTAR"
"gligar",207,"NORMAL","NORMAL",207,"NORMAL","EX","SPECIAL_BRANCH","House rule: NORMAL can branch into same-species special state EX"
"gligar",207,"NORMAL","NORMAL",207,"NORMAL","GX","SPECIAL_BRANCH","House rule: NORMAL can branch into same-species special state GX"
"gligar",207,"NORMAL","NORMAL",207,"NORMAL","V","SPECIAL_BRANCH","House rule: NORMAL can branch into same-species special state V"
"gligar",207,"NORMAL","NORMAL",207,"NORMAL","MEGA","SPECIAL_BRANCH","House rule: NORMAL can branch into same-species special state MEGA"
"gligar",207,"NORMAL","NORMAL",472,"NORMAL","NORMAL","STANDARD","Standard evolution from species tree"
"gligar",207,"NORMAL","V",207,"NORMAL","VMAX","SPECIAL_CHAIN","House rule: V can continue into same-species state VMAX"
"gligar",207,"NORMAL","V",207,"NORMAL","VSTAR","SPECIAL_CHAIN","House rule: V can continue into same-species state VSTAR"
"gligar",472,"NORMAL","NORMAL",472,"NORMAL","EX","SPECIAL_BRANCH","House rule: NORMAL can branch into same-species special state EX"
"gligar",472,"NORMAL","NORMAL",472,"NORMAL","GX","SPECIAL_BRANCH","House rule: NORMAL can branch into same-species special state GX"
"gligar",472,"NORMAL","NORMAL",472,"NORMAL","V","SPECIAL_BRANCH","House rule: NORMAL can branch into same-species special state V"
"gligar",472,"NORMAL","NORMAL",472,"NORMAL","MEGA","SPECIAL_BRANCH","House rule: NORMAL can branch into same-species special state MEGA"
"gligar",472,"NORMAL","V",472,"NORMAL","VMAX","SPECIAL_CHAIN","House rule: V can continue into same-species state VMAX"
"gligar",472,"NORMAL","V",472,"NORMAL","VSTAR","SPECIAL_CHAIN","House rule: V can continue into same-species state VSTAR"
"glimmet",969,"NORMAL","NORMAL",969,"NORMAL","EX","SPECIAL_BRANCH","House rule: NORMAL can branch into same-species special state EX"
"glimmet",969,"NORMAL","NORMAL",969,"NORMAL","GX","SPECIAL_BRANCH","House rule: NORMAL can branch into same-species special state GX"
"glimmet",969,"NORMAL","NORMAL",969,"NORMAL","V","SPECIAL_BRANCH","House rule: NORMAL can branch into same-species special state V"
"glimmet",969,"NORMAL","NORMAL",969,"NORMAL","MEGA","SPECIAL_BRANCH","House rule: NORMAL can branch into same-species special state MEGA"
"glimmet",969,"NORMAL","NORMAL",970,"NORMAL","NORMAL","STANDARD","Standard evolution from species tree"
"glimmet",969,"NORMAL","V",969,"NORMAL","VMAX","SPECIAL_CHAIN","House rule: V can continue into same-species state VMAX"
"glimmet",969,"NORMAL","V",969,"NORMAL","VSTAR","SPECIAL_CHAIN","House rule: V can continue into same-species state VSTAR"
"glimmet",970,"NORMAL","NORMAL",970,"NORMAL","EX","SPECIAL_BRANCH","House rule: NORMAL can branch into same-species special state EX"
"glimmet",970,"NORMAL","NORMAL",970,"NORMAL","GX","SPECIAL_BRANCH","House rule: NORMAL can branch into same-species special state GX"
"glimmet",970,"NORMAL","NORMAL",970,"NORMAL","V","SPECIAL_BRANCH","House rule: NORMAL can branch into same-species special state V"
"glimmet",970,"NORMAL","NORMAL",970,"NORMAL","MEGA","SPECIAL_BRANCH","House rule: NORMAL can branch into same-species special state MEGA"
"glimmet",970,"NORMAL","V",970,"NORMAL","VMAX","SPECIAL_CHAIN","House rule: V can continue into same-species state VMAX"
"glimmet",970,"NORMAL","V",970,"NORMAL","VSTAR","SPECIAL_CHAIN","House rule: V can continue into same-species state VSTAR"
"goldeen",118,"NORMAL","NORMAL",118,"NORMAL","EX","SPECIAL_BRANCH","House rule: NORMAL can branch into same-species special state EX"
"goldeen",118,"NORMAL","NORMAL",118,"NORMAL","GX","SPECIAL_BRANCH","House rule: NORMAL can branch into same-species special state GX"
"goldeen",118,"NORMAL","NORMAL",118,"NORMAL","V","SPECIAL_BRANCH","House rule: NORMAL can branch into same-species special state V"
"goldeen",118,"NORMAL","NORMAL",118,"NORMAL","MEGA","SPECIAL_BRANCH","House rule: NORMAL can branch into same-species special state MEGA"
"goldeen",118,"NORMAL","NORMAL",119,"NORMAL","NORMAL","STANDARD","Standard evolution from species tree"
"goldeen",118,"NORMAL","V",118,"NORMAL","VMAX","SPECIAL_CHAIN","House rule: V can continue into same-species state VMAX"
"goldeen",118,"NORMAL","V",118,"NORMAL","VSTAR","SPECIAL_CHAIN","House rule: V can continue into same-species state VSTAR"
"goldeen",119,"NORMAL","NORMAL",119,"NORMAL","EX","SPECIAL_BRANCH","House rule: NORMAL can branch into same-species special state EX"
"goldeen",119,"NORMAL","NORMAL",119,"NORMAL","GX","SPECIAL_BRANCH","House rule: NORMAL can branch into same-species special state GX"
"goldeen",119,"NORMAL","NORMAL",119,"NORMAL","V","SPECIAL_BRANCH","House rule: NORMAL can branch into same-species special state V"
"goldeen",119,"NORMAL","NORMAL",119,"NORMAL","MEGA","SPECIAL_BRANCH","House rule: NORMAL can branch into same-species special state MEGA"
"goldeen",119,"NORMAL","V",119,"NORMAL","VMAX","SPECIAL_CHAIN","House rule: V can continue into same-species state VMAX"
"goldeen",119,"NORMAL","V",119,"NORMAL","VSTAR","SPECIAL_CHAIN","House rule: V can continue into same-species state VSTAR"
"golett",622,"NORMAL","NORMAL",622,"NORMAL","EX","SPECIAL_BRANCH","House rule: NORMAL can branch into same-species special state EX"
"golett",622,"NORMAL","NORMAL",622,"NORMAL","GX","SPECIAL_BRANCH","House rule: NORMAL can branch into same-species special state GX"
"golett",622,"NORMAL","NORMAL",622,"NORMAL","V","SPECIAL_BRANCH","House rule: NORMAL can branch into same-species special state V"
"golett",622,"NORMAL","NORMAL",622,"NORMAL","MEGA","SPECIAL_BRANCH","House rule: NORMAL can branch into same-species special state MEGA"
"golett",622,"NORMAL","NORMAL",623,"NORMAL","NORMAL","STANDARD","Standard evolution from species tree"
"golett",622,"NORMAL","V",622,"NORMAL","VMAX","SPECIAL_CHAIN","House rule: V can continue into same-species state VMAX"
"golett",622,"NORMAL","V",622,"NORMAL","VSTAR","SPECIAL_CHAIN","House rule: V can continue into same-species state VSTAR"
"golett",623,"NORMAL","NORMAL",623,"NORMAL","EX","SPECIAL_BRANCH","House rule: NORMAL can branch into same-species special state EX"
"golett",623,"NORMAL","NORMAL",623,"NORMAL","GX","SPECIAL_BRANCH","House rule: NORMAL can branch into same-species special state GX"
"golett",623,"NORMAL","NORMAL",623,"NORMAL","V","SPECIAL_BRANCH","House rule: NORMAL can branch into same-species special state V"
"golett",623,"NORMAL","NORMAL",623,"NORMAL","MEGA","SPECIAL_BRANCH","House rule: NORMAL can branch into same-species special state MEGA"
"golett",623,"NORMAL","V",623,"NORMAL","VMAX","SPECIAL_CHAIN","House rule: V can continue into same-species state VMAX"
"golett",623,"NORMAL","V",623,"NORMAL","VSTAR","SPECIAL_CHAIN","House rule: V can continue into same-species state VSTAR"
"goomy",704,"NORMAL","NORMAL",704,"NORMAL","EX","SPECIAL_BRANCH","House rule: NORMAL can branch into same-species special state EX"
"goomy",704,"NORMAL","NORMAL",704,"NORMAL","GX","SPECIAL_BRANCH","House rule: NORMAL can branch into same-species special state GX"
"goomy",704,"NORMAL","NORMAL",704,"NORMAL","V","SPECIAL_BRANCH","House rule: NORMAL can branch into same-species special state V"
"goomy",704,"NORMAL","NORMAL",704,"NORMAL","MEGA","SPECIAL_BRANCH","House rule: NORMAL can branch into same-species special state MEGA"
"goomy",704,"NORMAL","NORMAL",705,"NORMAL","NORMAL","STANDARD","Standard evolution from species tree"
"goomy",704,"NORMAL","V",704,"NORMAL","VMAX","SPECIAL_CHAIN","House rule: V can continue into same-species state VMAX"
"goomy",704,"NORMAL","V",704,"NORMAL","VSTAR","SPECIAL_CHAIN","House rule: V can continue into same-species state VSTAR"
"goomy",705,"NORMAL","NORMAL",705,"NORMAL","EX","SPECIAL_BRANCH","House rule: NORMAL can branch into same-species special state EX"
"goomy",705,"NORMAL","NORMAL",705,"NORMAL","GX","SPECIAL_BRANCH","House rule: NORMAL can branch into same-species special state GX"
"goomy",705,"NORMAL","NORMAL",705,"NORMAL","V","SPECIAL_BRANCH","House rule: NORMAL can branch into same-species special state V"
"goomy",705,"NORMAL","NORMAL",705,"NORMAL","MEGA","SPECIAL_BRANCH","House rule: NORMAL can branch into same-species special state MEGA"
"goomy",705,"NORMAL","NORMAL",706,"NORMAL","NORMAL","STANDARD","Standard evolution from species tree"
"goomy",705,"NORMAL","V",705,"NORMAL","VMAX","SPECIAL_CHAIN","House rule: V can continue into same-species state VMAX"
"goomy",705,"NORMAL","V",705,"NORMAL","VSTAR","SPECIAL_CHAIN","House rule: V can continue into same-species state VSTAR"
"goomy",706,"NORMAL","NORMAL",706,"NORMAL","EX","SPECIAL_BRANCH","House rule: NORMAL can branch into same-species special state EX"
"goomy",706,"NORMAL","NORMAL",706,"NORMAL","GX","SPECIAL_BRANCH","House rule: NORMAL can branch into same-species special state GX"
"goomy",706,"NORMAL","NORMAL",706,"NORMAL","V","SPECIAL_BRANCH","House rule: NORMAL can branch into same-species special state V"
"goomy",706,"NORMAL","NORMAL",706,"NORMAL","MEGA","SPECIAL_BRANCH","House rule: NORMAL can branch into same-species special state MEGA"
"goomy",706,"NORMAL","V",706,"NORMAL","VMAX","SPECIAL_CHAIN","House rule: V can continue into same-species state VMAX"
"goomy",706,"NORMAL","V",706,"NORMAL","VSTAR","SPECIAL_CHAIN","House rule: V can continue into same-species state VSTAR"
"gossifleur",829,"NORMAL","NORMAL",829,"NORMAL","EX","SPECIAL_BRANCH","House rule: NORMAL can branch into same-species special state EX"
"gossifleur",829,"NORMAL","NORMAL",829,"NORMAL","GX","SPECIAL_BRANCH","House rule: NORMAL can branch into same-species special state GX"
"gossifleur",829,"NORMAL","NORMAL",829,"NORMAL","V","SPECIAL_BRANCH","House rule: NORMAL can branch into same-species special state V"
"gossifleur",829,"NORMAL","NORMAL",829,"NORMAL","MEGA","SPECIAL_BRANCH","House rule: NORMAL can branch into same-species special state MEGA"
"gossifleur",829,"NORMAL","NORMAL",830,"NORMAL","NORMAL","STANDARD","Standard evolution from species tree"
"gossifleur",829,"NORMAL","V",829,"NORMAL","VMAX","SPECIAL_CHAIN","House rule: V can continue into same-species state VMAX"
"gossifleur",829,"NORMAL","V",829,"NORMAL","VSTAR","SPECIAL_CHAIN","House rule: V can continue into same-species state VSTAR"
"gossifleur",830,"NORMAL","NORMAL",830,"NORMAL","EX","SPECIAL_BRANCH","House rule: NORMAL can branch into same-species special state EX"
"gossifleur",830,"NORMAL","NORMAL",830,"NORMAL","GX","SPECIAL_BRANCH","House rule: NORMAL can branch into same-species special state GX"
"gossifleur",830,"NORMAL","NORMAL",830,"NORMAL","V","SPECIAL_BRANCH","House rule: NORMAL can branch into same-species special state V"
"gossifleur",830,"NORMAL","NORMAL",830,"NORMAL","MEGA","SPECIAL_BRANCH","House rule: NORMAL can branch into same-species special state MEGA"
"gossifleur",830,"NORMAL","V",830,"NORMAL","VMAX","SPECIAL_CHAIN","House rule: V can continue into same-species state VMAX"
"gossifleur",830,"NORMAL","V",830,"NORMAL","VSTAR","SPECIAL_CHAIN","House rule: V can continue into same-species state VSTAR"
"gothita",574,"NORMAL","NORMAL",574,"NORMAL","EX","SPECIAL_BRANCH","House rule: NORMAL can branch into same-species special state EX"
"gothita",574,"NORMAL","NORMAL",574,"NORMAL","GX","SPECIAL_BRANCH","House rule: NORMAL can branch into same-species special state GX"
"gothita",574,"NORMAL","NORMAL",574,"NORMAL","V","SPECIAL_BRANCH","House rule: NORMAL can branch into same-species special state V"
"gothita",574,"NORMAL","NORMAL",574,"NORMAL","MEGA","SPECIAL_BRANCH","House rule: NORMAL can branch into same-species special state MEGA"
"gothita",574,"NORMAL","NORMAL",575,"NORMAL","NORMAL","STANDARD","Standard evolution from species tree"
"gothita",574,"NORMAL","V",574,"NORMAL","VMAX","SPECIAL_CHAIN","House rule: V can continue into same-species state VMAX"
"gothita",574,"NORMAL","V",574,"NORMAL","VSTAR","SPECIAL_CHAIN","House rule: V can continue into same-species state VSTAR"
"gothita",575,"NORMAL","NORMAL",575,"NORMAL","EX","SPECIAL_BRANCH","House rule: NORMAL can branch into same-species special state EX"
"gothita",575,"NORMAL","NORMAL",575,"NORMAL","GX","SPECIAL_BRANCH","House rule: NORMAL can branch into same-species special state GX"
"gothita",575,"NORMAL","NORMAL",575,"NORMAL","V","SPECIAL_BRANCH","House rule: NORMAL can branch into same-species special state V"
"gothita",575,"NORMAL","NORMAL",575,"NORMAL","MEGA","SPECIAL_BRANCH","House rule: NORMAL can branch into same-species special state MEGA"
"gothita",575,"NORMAL","NORMAL",576,"NORMAL","NORMAL","STANDARD","Standard evolution from species tree"
"gothita",575,"NORMAL","V",575,"NORMAL","VMAX","SPECIAL_CHAIN","House rule: V can continue into same-species state VMAX"
"gothita",575,"NORMAL","V",575,"NORMAL","VSTAR","SPECIAL_CHAIN","House rule: V can continue into same-species state VSTAR"
"gothita",576,"NORMAL","NORMAL",576,"NORMAL","EX","SPECIAL_BRANCH","House rule: NORMAL can branch into same-species special state EX"
"gothita",576,"NORMAL","NORMAL",576,"NORMAL","GX","SPECIAL_BRANCH","House rule: NORMAL can branch into same-species special state GX"
"gothita",576,"NORMAL","NORMAL",576,"NORMAL","V","SPECIAL_BRANCH","House rule: NORMAL can branch into same-species special state V"
"gothita",576,"NORMAL","NORMAL",576,"NORMAL","MEGA","SPECIAL_BRANCH","House rule: NORMAL can branch into same-species special state MEGA"
"gothita",576,"NORMAL","V",576,"NORMAL","VMAX","SPECIAL_CHAIN","House rule: V can continue into same-species state VMAX"
"gothita",576,"NORMAL","V",576,"NORMAL","VSTAR","SPECIAL_CHAIN","House rule: V can continue into same-species state VSTAR"
"gouging-fire",1020,"NORMAL","NORMAL",1020,"NORMAL","EX","SPECIAL_BRANCH","House rule: NORMAL can branch into same-species special state EX"
"gouging-fire",1020,"NORMAL","NORMAL",1020,"NORMAL","GX","SPECIAL_BRANCH","House rule: NORMAL can branch into same-species special state GX"
"gouging-fire",1020,"NORMAL","NORMAL",1020,"NORMAL","V","SPECIAL_BRANCH","House rule: NORMAL can branch into same-species special state V"
"gouging-fire",1020,"NORMAL","NORMAL",1020,"NORMAL","MEGA","SPECIAL_BRANCH","House rule: NORMAL can branch into same-species special state MEGA"
"gouging-fire",1020,"NORMAL","V",1020,"NORMAL","VMAX","SPECIAL_CHAIN","House rule: V can continue into same-species state VMAX"
"gouging-fire",1020,"NORMAL","V",1020,"NORMAL","VSTAR","SPECIAL_CHAIN","House rule: V can continue into same-species state VSTAR"
"great-tusk",984,"NORMAL","NORMAL",984,"NORMAL","EX","SPECIAL_BRANCH","House rule: NORMAL can branch into same-species special state EX"
"great-tusk",984,"NORMAL","NORMAL",984,"NORMAL","GX","SPECIAL_BRANCH","House rule: NORMAL can branch into same-species special state GX"
"great-tusk",984,"NORMAL","NORMAL",984,"NORMAL","V","SPECIAL_BRANCH","House rule: NORMAL can branch into same-species special state V"
"great-tusk",984,"NORMAL","NORMAL",984,"NORMAL","MEGA","SPECIAL_BRANCH","House rule: NORMAL can branch into same-species special state MEGA"
"great-tusk",984,"NORMAL","V",984,"NORMAL","VMAX","SPECIAL_CHAIN","House rule: V can continue into same-species state VMAX"
"great-tusk",984,"NORMAL","V",984,"NORMAL","VSTAR","SPECIAL_CHAIN","House rule: V can continue into same-species state VSTAR"
"greavard",971,"NORMAL","NORMAL",971,"NORMAL","EX","SPECIAL_BRANCH","House rule: NORMAL can branch into same-species special state EX"
"greavard",971,"NORMAL","NORMAL",971,"NORMAL","GX","SPECIAL_BRANCH","House rule: NORMAL can branch into same-species special state GX"
"greavard",971,"NORMAL","NORMAL",971,"NORMAL","V","SPECIAL_BRANCH","House rule: NORMAL can branch into same-species special state V"
"greavard",971,"NORMAL","NORMAL",971,"NORMAL","MEGA","SPECIAL_BRANCH","House rule: NORMAL can branch into same-species special state MEGA"
"greavard",971,"NORMAL","NORMAL",972,"NORMAL","NORMAL","STANDARD","Standard evolution from species tree"
"greavard",971,"NORMAL","V",971,"NORMAL","VMAX","SPECIAL_CHAIN","House rule: V can continue into same-species state VMAX"
"greavard",971,"NORMAL","V",971,"NORMAL","VSTAR","SPECIAL_CHAIN","House rule: V can continue into same-species state VSTAR"
"greavard",972,"NORMAL","NORMAL",972,"NORMAL","EX","SPECIAL_BRANCH","House rule: NORMAL can branch into same-species special state EX"
"greavard",972,"NORMAL","NORMAL",972,"NORMAL","GX","SPECIAL_BRANCH","House rule: NORMAL can branch into same-species special state GX"
"greavard",972,"NORMAL","NORMAL",972,"NORMAL","V","SPECIAL_BRANCH","House rule: NORMAL can branch into same-species special state V"
"greavard",972,"NORMAL","NORMAL",972,"NORMAL","MEGA","SPECIAL_BRANCH","House rule: NORMAL can branch into same-species special state MEGA"
"greavard",972,"NORMAL","V",972,"NORMAL","VMAX","SPECIAL_CHAIN","House rule: V can continue into same-species state VMAX"
"greavard",972,"NORMAL","V",972,"NORMAL","VSTAR","SPECIAL_CHAIN","House rule: V can continue into same-species state VSTAR"
"grimer",88,"NORMAL","NORMAL",88,"NORMAL","EX","SPECIAL_BRANCH","House rule: NORMAL can branch into same-species special state EX"
"grimer",88,"NORMAL","NORMAL",88,"NORMAL","GX","SPECIAL_BRANCH","House rule: NORMAL can branch into same-species special state GX"
"grimer",88,"NORMAL","NORMAL",88,"NORMAL","V","SPECIAL_BRANCH","House rule: NORMAL can branch into same-species special state V"
"grimer",88,"NORMAL","NORMAL",88,"NORMAL","MEGA","SPECIAL_BRANCH","House rule: NORMAL can branch into same-species special state MEGA"
"grimer",88,"NORMAL","NORMAL",89,"NORMAL","NORMAL","STANDARD","Standard evolution from species tree"
"grimer",88,"NORMAL","V",88,"NORMAL","VMAX","SPECIAL_CHAIN","House rule: V can continue into same-species state VMAX"
"grimer",88,"NORMAL","V",88,"NORMAL","VSTAR","SPECIAL_CHAIN","House rule: V can continue into same-species state VSTAR"
"grimer",89,"NORMAL","NORMAL",89,"NORMAL","EX","SPECIAL_BRANCH","House rule: NORMAL can branch into same-species special state EX"
"grimer",89,"NORMAL","NORMAL",89,"NORMAL","GX","SPECIAL_BRANCH","House rule: NORMAL can branch into same-species special state GX"
"grimer",89,"NORMAL","NORMAL",89,"NORMAL","V","SPECIAL_BRANCH","House rule: NORMAL can branch into same-species special state V"
"grimer",89,"NORMAL","NORMAL",89,"NORMAL","MEGA","SPECIAL_BRANCH","House rule: NORMAL can branch into same-species special state MEGA"
"grimer",89,"NORMAL","V",89,"NORMAL","VMAX","SPECIAL_CHAIN","House rule: V can continue into same-species state VMAX"
"grimer",89,"NORMAL","V",89,"NORMAL","VSTAR","SPECIAL_CHAIN","House rule: V can continue into same-species state VSTAR"
"grookey",810,"NORMAL","NORMAL",810,"NORMAL","EX","SPECIAL_BRANCH","House rule: NORMAL can branch into same-species special state EX"
"grookey",810,"NORMAL","NORMAL",810,"NORMAL","GX","SPECIAL_BRANCH","House rule: NORMAL can branch into same-species special state GX"
"grookey",810,"NORMAL","NORMAL",810,"NORMAL","V","SPECIAL_BRANCH","House rule: NORMAL can branch into same-species special state V"
"grookey",810,"NORMAL","NORMAL",810,"NORMAL","MEGA","SPECIAL_BRANCH","House rule: NORMAL can branch into same-species special state MEGA"
"grookey",810,"NORMAL","NORMAL",811,"NORMAL","NORMAL","STANDARD","Standard evolution from species tree"
"grookey",810,"NORMAL","V",810,"NORMAL","VMAX","SPECIAL_CHAIN","House rule: V can continue into same-species state VMAX"
"grookey",810,"NORMAL","V",810,"NORMAL","VSTAR","SPECIAL_CHAIN","House rule: V can continue into same-species state VSTAR"
"grookey",811,"NORMAL","NORMAL",811,"NORMAL","EX","SPECIAL_BRANCH","House rule: NORMAL can branch into same-species special state EX"
"grookey",811,"NORMAL","NORMAL",811,"NORMAL","GX","SPECIAL_BRANCH","House rule: NORMAL can branch into same-species special state GX"
"grookey",811,"NORMAL","NORMAL",811,"NORMAL","V","SPECIAL_BRANCH","House rule: NORMAL can branch into same-species special state V"
"grookey",811,"NORMAL","NORMAL",811,"NORMAL","MEGA","SPECIAL_BRANCH","House rule: NORMAL can branch into same-species special state MEGA"
"grookey",811,"NORMAL","NORMAL",812,"NORMAL","NORMAL","STANDARD","Standard evolution from species tree"
"grookey",811,"NORMAL","V",811,"NORMAL","VMAX","SPECIAL_CHAIN","House rule: V can continue into same-species state VMAX"
"grookey",811,"NORMAL","V",811,"NORMAL","VSTAR","SPECIAL_CHAIN","House rule: V can continue into same-species state VSTAR"
"grookey",812,"NORMAL","NORMAL",812,"NORMAL","EX","SPECIAL_BRANCH","House rule: NORMAL can branch into same-species special state EX"
"grookey",812,"NORMAL","NORMAL",812,"NORMAL","GX","SPECIAL_BRANCH","House rule: NORMAL can branch into same-species special state GX"
"grookey",812,"NORMAL","NORMAL",812,"NORMAL","V","SPECIAL_BRANCH","House rule: NORMAL can branch into same-species special state V"
"grookey",812,"NORMAL","NORMAL",812,"NORMAL","MEGA","SPECIAL_BRANCH","House rule: NORMAL can branch into same-species special state MEGA"
"grookey",812,"NORMAL","V",812,"NORMAL","VMAX","SPECIAL_CHAIN","House rule: V can continue into same-species state VMAX"
"grookey",812,"NORMAL","V",812,"NORMAL","VSTAR","SPECIAL_CHAIN","House rule: V can continue into same-species state VSTAR"
"groudon",383,"NORMAL","NORMAL",383,"NORMAL","EX","SPECIAL_BRANCH","House rule: NORMAL can branch into same-species special state EX"
"groudon",383,"NORMAL","NORMAL",383,"NORMAL","GX","SPECIAL_BRANCH","House rule: NORMAL can branch into same-species special state GX"
"groudon",383,"NORMAL","NORMAL",383,"NORMAL","V","SPECIAL_BRANCH","House rule: NORMAL can branch into same-species special state V"
"groudon",383,"NORMAL","NORMAL",383,"NORMAL","MEGA","SPECIAL_BRANCH","House rule: NORMAL can branch into same-species special state MEGA"
"groudon",383,"NORMAL","V",383,"NORMAL","VMAX","SPECIAL_CHAIN","House rule: V can continue into same-species state VMAX"
"groudon",383,"NORMAL","V",383,"NORMAL","VSTAR","SPECIAL_CHAIN","House rule: V can continue into same-species state VSTAR"
"growlithe",58,"NORMAL","NORMAL",58,"NORMAL","EX","SPECIAL_BRANCH","House rule: NORMAL can branch into same-species special state EX"
"growlithe",58,"NORMAL","NORMAL",58,"NORMAL","GX","SPECIAL_BRANCH","House rule: NORMAL can branch into same-species special state GX"
"growlithe",58,"NORMAL","NORMAL",58,"NORMAL","V","SPECIAL_BRANCH","House rule: NORMAL can branch into same-species special state V"
"growlithe",58,"NORMAL","NORMAL",58,"NORMAL","MEGA","SPECIAL_BRANCH","House rule: NORMAL can branch into same-species special state MEGA"
"growlithe",58,"NORMAL","NORMAL",59,"NORMAL","NORMAL","STANDARD","Standard evolution from species tree"
"growlithe",58,"NORMAL","V",58,"NORMAL","VMAX","SPECIAL_CHAIN","House rule: V can continue into same-species state VMAX"
"growlithe",58,"NORMAL","V",58,"NORMAL","VSTAR","SPECIAL_CHAIN","House rule: V can continue into same-species state VSTAR"
"growlithe",59,"NORMAL","NORMAL",59,"NORMAL","EX","SPECIAL_BRANCH","House rule: NORMAL can branch into same-species special state EX"
"growlithe",59,"NORMAL","NORMAL",59,"NORMAL","GX","SPECIAL_BRANCH","House rule: NORMAL can branch into same-species special state GX"
"growlithe",59,"NORMAL","NORMAL",59,"NORMAL","V","SPECIAL_BRANCH","House rule: NORMAL can branch into same-species special state V"
"growlithe",59,"NORMAL","NORMAL",59,"NORMAL","MEGA","SPECIAL_BRANCH","House rule: NORMAL can branch into same-species special state MEGA"
"growlithe",59,"NORMAL","V",59,"NORMAL","VMAX","SPECIAL_CHAIN","House rule: V can continue into same-species state VMAX"
"growlithe",59,"NORMAL","V",59,"NORMAL","VSTAR","SPECIAL_CHAIN","House rule: V can continue into same-species state VSTAR"
"grubbin",736,"NORMAL","NORMAL",736,"NORMAL","EX","SPECIAL_BRANCH","House rule: NORMAL can branch into same-species special state EX"
"grubbin",736,"NORMAL","NORMAL",736,"NORMAL","GX","SPECIAL_BRANCH","House rule: NORMAL can branch into same-species special state GX"
"grubbin",736,"NORMAL","NORMAL",736,"NORMAL","V","SPECIAL_BRANCH","House rule: NORMAL can branch into same-species special state V"
"grubbin",736,"NORMAL","NORMAL",736,"NORMAL","MEGA","SPECIAL_BRANCH","House rule: NORMAL can branch into same-species special state MEGA"
"grubbin",736,"NORMAL","NORMAL",737,"NORMAL","NORMAL","STANDARD","Standard evolution from species tree"
"grubbin",736,"NORMAL","V",736,"NORMAL","VMAX","SPECIAL_CHAIN","House rule: V can continue into same-species state VMAX"
"grubbin",736,"NORMAL","V",736,"NORMAL","VSTAR","SPECIAL_CHAIN","House rule: V can continue into same-species state VSTAR"
"grubbin",737,"NORMAL","NORMAL",737,"NORMAL","EX","SPECIAL_BRANCH","House rule: NORMAL can branch into same-species special state EX"
"grubbin",737,"NORMAL","NORMAL",737,"NORMAL","GX","SPECIAL_BRANCH","House rule: NORMAL can branch into same-species special state GX"
"grubbin",737,"NORMAL","NORMAL",737,"NORMAL","V","SPECIAL_BRANCH","House rule: NORMAL can branch into same-species special state V"
"grubbin",737,"NORMAL","NORMAL",737,"NORMAL","MEGA","SPECIAL_BRANCH","House rule: NORMAL can branch into same-species special state MEGA"
"grubbin",737,"NORMAL","NORMAL",738,"NORMAL","NORMAL","STANDARD","Standard evolution from species tree"
"grubbin",737,"NORMAL","V",737,"NORMAL","VMAX","SPECIAL_CHAIN","House rule: V can continue into same-species state VMAX"
"grubbin",737,"NORMAL","V",737,"NORMAL","VSTAR","SPECIAL_CHAIN","House rule: V can continue into same-species state VSTAR"
"grubbin",738,"NORMAL","NORMAL",738,"NORMAL","EX","SPECIAL_BRANCH","House rule: NORMAL can branch into same-species special state EX"
"grubbin",738,"NORMAL","NORMAL",738,"NORMAL","GX","SPECIAL_BRANCH","House rule: NORMAL can branch into same-species special state GX"
"grubbin",738,"NORMAL","NORMAL",738,"NORMAL","V","SPECIAL_BRANCH","House rule: NORMAL can branch into same-species special state V"
"grubbin",738,"NORMAL","NORMAL",738,"NORMAL","MEGA","SPECIAL_BRANCH","House rule: NORMAL can branch into same-species special state MEGA"
"grubbin",738,"NORMAL","V",738,"NORMAL","VMAX","SPECIAL_CHAIN","House rule: V can continue into same-species state VMAX"
"grubbin",738,"NORMAL","V",738,"NORMAL","VSTAR","SPECIAL_CHAIN","House rule: V can continue into same-species state VSTAR"
"gulpin",316,"NORMAL","NORMAL",316,"NORMAL","EX","SPECIAL_BRANCH","House rule: NORMAL can branch into same-species special state EX"
"gulpin",316,"NORMAL","NORMAL",316,"NORMAL","GX","SPECIAL_BRANCH","House rule: NORMAL can branch into same-species special state GX"
"gulpin",316,"NORMAL","NORMAL",316,"NORMAL","V","SPECIAL_BRANCH","House rule: NORMAL can branch into same-species special state V"
"gulpin",316,"NORMAL","NORMAL",316,"NORMAL","MEGA","SPECIAL_BRANCH","House rule: NORMAL can branch into same-species special state MEGA"
"gulpin",316,"NORMAL","NORMAL",317,"NORMAL","NORMAL","STANDARD","Standard evolution from species tree"
"gulpin",316,"NORMAL","V",316,"NORMAL","VMAX","SPECIAL_CHAIN","House rule: V can continue into same-species state VMAX"
"gulpin",316,"NORMAL","V",316,"NORMAL","VSTAR","SPECIAL_CHAIN","House rule: V can continue into same-species state VSTAR"
"gulpin",317,"NORMAL","NORMAL",317,"NORMAL","EX","SPECIAL_BRANCH","House rule: NORMAL can branch into same-species special state EX"
"gulpin",317,"NORMAL","NORMAL",317,"NORMAL","GX","SPECIAL_BRANCH","House rule: NORMAL can branch into same-species special state GX"
"gulpin",317,"NORMAL","NORMAL",317,"NORMAL","V","SPECIAL_BRANCH","House rule: NORMAL can branch into same-species special state V"
"gulpin",317,"NORMAL","NORMAL",317,"NORMAL","MEGA","SPECIAL_BRANCH","House rule: NORMAL can branch into same-species special state MEGA"
"gulpin",317,"NORMAL","V",317,"NORMAL","VMAX","SPECIAL_CHAIN","House rule: V can continue into same-species state VMAX"
"gulpin",317,"NORMAL","V",317,"NORMAL","VSTAR","SPECIAL_CHAIN","House rule: V can continue into same-species state VSTAR"
"guzzlord",799,"NORMAL","NORMAL",799,"NORMAL","EX","SPECIAL_BRANCH","House rule: NORMAL can branch into same-species special state EX"
"guzzlord",799,"NORMAL","NORMAL",799,"NORMAL","GX","SPECIAL_BRANCH","House rule: NORMAL can branch into same-species special state GX"
"guzzlord",799,"NORMAL","NORMAL",799,"NORMAL","V","SPECIAL_BRANCH","House rule: NORMAL can branch into same-species special state V"
"guzzlord",799,"NORMAL","NORMAL",799,"NORMAL","MEGA","SPECIAL_BRANCH","House rule: NORMAL can branch into same-species special state MEGA"
"guzzlord",799,"NORMAL","V",799,"NORMAL","VMAX","SPECIAL_CHAIN","House rule: V can continue into same-species state VMAX"
"guzzlord",799,"NORMAL","V",799,"NORMAL","VSTAR","SPECIAL_CHAIN","House rule: V can continue into same-species state VSTAR"
"happiny",113,"NORMAL","NORMAL",113,"NORMAL","EX","SPECIAL_BRANCH","House rule: NORMAL can branch into same-species special state EX"
"happiny",113,"NORMAL","NORMAL",113,"NORMAL","GX","SPECIAL_BRANCH","House rule: NORMAL can branch into same-species special state GX"
"happiny",113,"NORMAL","NORMAL",113,"NORMAL","V","SPECIAL_BRANCH","House rule: NORMAL can branch into same-species special state V"
"happiny",113,"NORMAL","NORMAL",113,"NORMAL","MEGA","SPECIAL_BRANCH","House rule: NORMAL can branch into same-species special state MEGA"
"happiny",113,"NORMAL","NORMAL",242,"NORMAL","NORMAL","STANDARD","Standard evolution from species tree"
"happiny",113,"NORMAL","V",113,"NORMAL","VMAX","SPECIAL_CHAIN","House rule: V can continue into same-species state VMAX"
"happiny",113,"NORMAL","V",113,"NORMAL","VSTAR","SPECIAL_CHAIN","House rule: V can continue into same-species state VSTAR"
"happiny",242,"NORMAL","NORMAL",242,"NORMAL","EX","SPECIAL_BRANCH","House rule: NORMAL can branch into same-species special state EX"
"happiny",242,"NORMAL","NORMAL",242,"NORMAL","GX","SPECIAL_BRANCH","House rule: NORMAL can branch into same-species special state GX"
"happiny",242,"NORMAL","NORMAL",242,"NORMAL","V","SPECIAL_BRANCH","House rule: NORMAL can branch into same-species special state V"
"happiny",242,"NORMAL","NORMAL",242,"NORMAL","MEGA","SPECIAL_BRANCH","House rule: NORMAL can branch into same-species special state MEGA"
"happiny",242,"NORMAL","V",242,"NORMAL","VMAX","SPECIAL_CHAIN","House rule: V can continue into same-species state VMAX"
"happiny",242,"NORMAL","V",242,"NORMAL","VSTAR","SPECIAL_CHAIN","House rule: V can continue into same-species state VSTAR"
"happiny",440,"NORMAL","NORMAL",113,"NORMAL","NORMAL","STANDARD","Standard evolution from species tree"
"hatenna",856,"NORMAL","NORMAL",856,"NORMAL","EX","SPECIAL_BRANCH","House rule: NORMAL can branch into same-species special state EX"
"hatenna",856,"NORMAL","NORMAL",856,"NORMAL","GX","SPECIAL_BRANCH","House rule: NORMAL can branch into same-species special state GX"
"hatenna",856,"NORMAL","NORMAL",856,"NORMAL","V","SPECIAL_BRANCH","House rule: NORMAL can branch into same-species special state V"
"hatenna",856,"NORMAL","NORMAL",856,"NORMAL","MEGA","SPECIAL_BRANCH","House rule: NORMAL can branch into same-species special state MEGA"
"hatenna",856,"NORMAL","NORMAL",857,"NORMAL","NORMAL","STANDARD","Standard evolution from species tree"
"hatenna",856,"NORMAL","V",856,"NORMAL","VMAX","SPECIAL_CHAIN","House rule: V can continue into same-species state VMAX"
"hatenna",856,"NORMAL","V",856,"NORMAL","VSTAR","SPECIAL_CHAIN","House rule: V can continue into same-species state VSTAR"
"hatenna",857,"NORMAL","NORMAL",857,"NORMAL","EX","SPECIAL_BRANCH","House rule: NORMAL can branch into same-species special state EX"
"hatenna",857,"NORMAL","NORMAL",857,"NORMAL","GX","SPECIAL_BRANCH","House rule: NORMAL can branch into same-species special state GX"
"hatenna",857,"NORMAL","NORMAL",857,"NORMAL","V","SPECIAL_BRANCH","House rule: NORMAL can branch into same-species special state V"
"hatenna",857,"NORMAL","NORMAL",857,"NORMAL","MEGA","SPECIAL_BRANCH","House rule: NORMAL can branch into same-species special state MEGA"
"hatenna",857,"NORMAL","NORMAL",858,"NORMAL","NORMAL","STANDARD","Standard evolution from species tree"
"hatenna",857,"NORMAL","V",857,"NORMAL","VMAX","SPECIAL_CHAIN","House rule: V can continue into same-species state VMAX"
"hatenna",857,"NORMAL","V",857,"NORMAL","VSTAR","SPECIAL_CHAIN","House rule: V can continue into same-species state VSTAR"
"hatenna",858,"NORMAL","NORMAL",858,"NORMAL","EX","SPECIAL_BRANCH","House rule: NORMAL can branch into same-species special state EX"
"hatenna",858,"NORMAL","NORMAL",858,"NORMAL","GX","SPECIAL_BRANCH","House rule: NORMAL can branch into same-species special state GX"
"hatenna",858,"NORMAL","NORMAL",858,"NORMAL","V","SPECIAL_BRANCH","House rule: NORMAL can branch into same-species special state V"
"hatenna",858,"NORMAL","NORMAL",858,"NORMAL","MEGA","SPECIAL_BRANCH","House rule: NORMAL can branch into same-species special state MEGA"
"hatenna",858,"NORMAL","V",858,"NORMAL","VMAX","SPECIAL_CHAIN","House rule: V can continue into same-species state VMAX"
"hatenna",858,"NORMAL","V",858,"NORMAL","VSTAR","SPECIAL_CHAIN","House rule: V can continue into same-species state VSTAR"
"hawlucha",701,"NORMAL","NORMAL",701,"NORMAL","EX","SPECIAL_BRANCH","House rule: NORMAL can branch into same-species special state EX"
"hawlucha",701,"NORMAL","NORMAL",701,"NORMAL","GX","SPECIAL_BRANCH","House rule: NORMAL can branch into same-species special state GX"
"hawlucha",701,"NORMAL","NORMAL",701,"NORMAL","V","SPECIAL_BRANCH","House rule: NORMAL can branch into same-species special state V"
"hawlucha",701,"NORMAL","NORMAL",701,"NORMAL","MEGA","SPECIAL_BRANCH","House rule: NORMAL can branch into same-species special state MEGA"
"hawlucha",701,"NORMAL","V",701,"NORMAL","VMAX","SPECIAL_CHAIN","House rule: V can continue into same-species state VMAX"
"hawlucha",701,"NORMAL","V",701,"NORMAL","VSTAR","SPECIAL_CHAIN","House rule: V can continue into same-species state VSTAR"
"heatmor",631,"NORMAL","NORMAL",631,"NORMAL","EX","SPECIAL_BRANCH","House rule: NORMAL can branch into same-species special state EX"
"heatmor",631,"NORMAL","NORMAL",631,"NORMAL","GX","SPECIAL_BRANCH","House rule: NORMAL can branch into same-species special state GX"
"heatmor",631,"NORMAL","NORMAL",631,"NORMAL","V","SPECIAL_BRANCH","House rule: NORMAL can branch into same-species special state V"
"heatmor",631,"NORMAL","NORMAL",631,"NORMAL","MEGA","SPECIAL_BRANCH","House rule: NORMAL can branch into same-species special state MEGA"
"heatmor",631,"NORMAL","V",631,"NORMAL","VMAX","SPECIAL_CHAIN","House rule: V can continue into same-species state VMAX"
"heatmor",631,"NORMAL","V",631,"NORMAL","VSTAR","SPECIAL_CHAIN","House rule: V can continue into same-species state VSTAR"
"heatran",485,"NORMAL","NORMAL",485,"NORMAL","EX","SPECIAL_BRANCH","House rule: NORMAL can branch into same-species special state EX"
"heatran",485,"NORMAL","NORMAL",485,"NORMAL","GX","SPECIAL_BRANCH","House rule: NORMAL can branch into same-species special state GX"
"heatran",485,"NORMAL","NORMAL",485,"NORMAL","V","SPECIAL_BRANCH","House rule: NORMAL can branch into same-species special state V"
"heatran",485,"NORMAL","NORMAL",485,"NORMAL","MEGA","SPECIAL_BRANCH","House rule: NORMAL can branch into same-species special state MEGA"
"heatran",485,"NORMAL","V",485,"NORMAL","VMAX","SPECIAL_CHAIN","House rule: V can continue into same-species state VMAX"
"heatran",485,"NORMAL","V",485,"NORMAL","VSTAR","SPECIAL_CHAIN","House rule: V can continue into same-species state VSTAR"
"helioptile",694,"NORMAL","NORMAL",694,"NORMAL","EX","SPECIAL_BRANCH","House rule: NORMAL can branch into same-species special state EX"
"helioptile",694,"NORMAL","NORMAL",694,"NORMAL","GX","SPECIAL_BRANCH","House rule: NORMAL can branch into same-species special state GX"
"helioptile",694,"NORMAL","NORMAL",694,"NORMAL","V","SPECIAL_BRANCH","House rule: NORMAL can branch into same-species special state V"
"helioptile",694,"NORMAL","NORMAL",694,"NORMAL","MEGA","SPECIAL_BRANCH","House rule: NORMAL can branch into same-species special state MEGA"
"helioptile",694,"NORMAL","NORMAL",695,"NORMAL","NORMAL","STANDARD","Standard evolution from species tree"
"helioptile",694,"NORMAL","V",694,"NORMAL","VMAX","SPECIAL_CHAIN","House rule: V can continue into same-species state VMAX"
"helioptile",694,"NORMAL","V",694,"NORMAL","VSTAR","SPECIAL_CHAIN","House rule: V can continue into same-species state VSTAR"
"helioptile",695,"NORMAL","NORMAL",695,"NORMAL","EX","SPECIAL_BRANCH","House rule: NORMAL can branch into same-species special state EX"
"helioptile",695,"NORMAL","NORMAL",695,"NORMAL","GX","SPECIAL_BRANCH","House rule: NORMAL can branch into same-species special state GX"
"helioptile",695,"NORMAL","NORMAL",695,"NORMAL","V","SPECIAL_BRANCH","House rule: NORMAL can branch into same-species special state V"
"helioptile",695,"NORMAL","NORMAL",695,"NORMAL","MEGA","SPECIAL_BRANCH","House rule: NORMAL can branch into same-species special state MEGA"
"helioptile",695,"NORMAL","V",695,"NORMAL","VMAX","SPECIAL_CHAIN","House rule: V can continue into same-species state VMAX"
"helioptile",695,"NORMAL","V",695,"NORMAL","VSTAR","SPECIAL_CHAIN","House rule: V can continue into same-species state VSTAR"
"heracross",214,"NORMAL","NORMAL",214,"NORMAL","EX","SPECIAL_BRANCH","House rule: NORMAL can branch into same-species special state EX"
"heracross",214,"NORMAL","NORMAL",214,"NORMAL","GX","SPECIAL_BRANCH","House rule: NORMAL can branch into same-species special state GX"
"heracross",214,"NORMAL","NORMAL",214,"NORMAL","V","SPECIAL_BRANCH","House rule: NORMAL can branch into same-species special state V"
"heracross",214,"NORMAL","NORMAL",214,"NORMAL","MEGA","SPECIAL_BRANCH","House rule: NORMAL can branch into same-species special state MEGA"
"heracross",214,"NORMAL","V",214,"NORMAL","VMAX","SPECIAL_CHAIN","House rule: V can continue into same-species state VMAX"
"heracross",214,"NORMAL","V",214,"NORMAL","VSTAR","SPECIAL_CHAIN","House rule: V can continue into same-species state VSTAR"
"hippopotas",449,"NORMAL","NORMAL",449,"NORMAL","EX","SPECIAL_BRANCH","House rule: NORMAL can branch into same-species special state EX"
"hippopotas",449,"NORMAL","NORMAL",449,"NORMAL","GX","SPECIAL_BRANCH","House rule: NORMAL can branch into same-species special state GX"
"hippopotas",449,"NORMAL","NORMAL",449,"NORMAL","V","SPECIAL_BRANCH","House rule: NORMAL can branch into same-species special state V"
"hippopotas",449,"NORMAL","NORMAL",449,"NORMAL","MEGA","SPECIAL_BRANCH","House rule: NORMAL can branch into same-species special state MEGA"
"hippopotas",449,"NORMAL","NORMAL",450,"NORMAL","NORMAL","STANDARD","Standard evolution from species tree"
"hippopotas",449,"NORMAL","V",449,"NORMAL","VMAX","SPECIAL_CHAIN","House rule: V can continue into same-species state VMAX"
"hippopotas",449,"NORMAL","V",449,"NORMAL","VSTAR","SPECIAL_CHAIN","House rule: V can continue into same-species state VSTAR"
"hippopotas",450,"NORMAL","NORMAL",450,"NORMAL","EX","SPECIAL_BRANCH","House rule: NORMAL can branch into same-species special state EX"
"hippopotas",450,"NORMAL","NORMAL",450,"NORMAL","GX","SPECIAL_BRANCH","House rule: NORMAL can branch into same-species special state GX"
"hippopotas",450,"NORMAL","NORMAL",450,"NORMAL","V","SPECIAL_BRANCH","House rule: NORMAL can branch into same-species special state V"
"hippopotas",450,"NORMAL","NORMAL",450,"NORMAL","MEGA","SPECIAL_BRANCH","House rule: NORMAL can branch into same-species special state MEGA"
"hippopotas",450,"NORMAL","V",450,"NORMAL","VMAX","SPECIAL_CHAIN","House rule: V can continue into same-species state VMAX"
"hippopotas",450,"NORMAL","V",450,"NORMAL","VSTAR","SPECIAL_CHAIN","House rule: V can continue into same-species state VSTAR"
"ho-oh",250,"NORMAL","NORMAL",250,"NORMAL","EX","SPECIAL_BRANCH","House rule: NORMAL can branch into same-species special state EX"
"ho-oh",250,"NORMAL","NORMAL",250,"NORMAL","GX","SPECIAL_BRANCH","House rule: NORMAL can branch into same-species special state GX"
"ho-oh",250,"NORMAL","NORMAL",250,"NORMAL","V","SPECIAL_BRANCH","House rule: NORMAL can branch into same-species special state V"
"ho-oh",250,"NORMAL","NORMAL",250,"NORMAL","MEGA","SPECIAL_BRANCH","House rule: NORMAL can branch into same-species special state MEGA"
"ho-oh",250,"NORMAL","V",250,"NORMAL","VMAX","SPECIAL_CHAIN","House rule: V can continue into same-species state VMAX"
"ho-oh",250,"NORMAL","V",250,"NORMAL","VSTAR","SPECIAL_CHAIN","House rule: V can continue into same-species state VSTAR"
"honedge",679,"NORMAL","NORMAL",679,"NORMAL","EX","SPECIAL_BRANCH","House rule: NORMAL can branch into same-species special state EX"
"honedge",679,"NORMAL","NORMAL",679,"NORMAL","GX","SPECIAL_BRANCH","House rule: NORMAL can branch into same-species special state GX"
"honedge",679,"NORMAL","NORMAL",679,"NORMAL","V","SPECIAL_BRANCH","House rule: NORMAL can branch into same-species special state V"
"honedge",679,"NORMAL","NORMAL",679,"NORMAL","MEGA","SPECIAL_BRANCH","House rule: NORMAL can branch into same-species special state MEGA"
"honedge",679,"NORMAL","NORMAL",680,"NORMAL","NORMAL","STANDARD","Standard evolution from species tree"
"honedge",679,"NORMAL","V",679,"NORMAL","VMAX","SPECIAL_CHAIN","House rule: V can continue into same-species state VMAX"
"honedge",679,"NORMAL","V",679,"NORMAL","VSTAR","SPECIAL_CHAIN","House rule: V can continue into same-species state VSTAR"
"honedge",680,"NORMAL","NORMAL",680,"NORMAL","EX","SPECIAL_BRANCH","House rule: NORMAL can branch into same-species special state EX"
"honedge",680,"NORMAL","NORMAL",680,"NORMAL","GX","SPECIAL_BRANCH","House rule: NORMAL can branch into same-species special state GX"
"honedge",680,"NORMAL","NORMAL",680,"NORMAL","V","SPECIAL_BRANCH","House rule: NORMAL can branch into same-species special state V"
"honedge",680,"NORMAL","NORMAL",680,"NORMAL","MEGA","SPECIAL_BRANCH","House rule: NORMAL can branch into same-species special state MEGA"
"honedge",680,"NORMAL","NORMAL",681,"NORMAL","NORMAL","STANDARD","Standard evolution from species tree"
"honedge",680,"NORMAL","V",680,"NORMAL","VMAX","SPECIAL_CHAIN","House rule: V can continue into same-species state VMAX"
"honedge",680,"NORMAL","V",680,"NORMAL","VSTAR","SPECIAL_CHAIN","House rule: V can continue into same-species state VSTAR"
"honedge",681,"NORMAL","NORMAL",681,"NORMAL","EX","SPECIAL_BRANCH","House rule: NORMAL can branch into same-species special state EX"
"honedge",681,"NORMAL","NORMAL",681,"NORMAL","GX","SPECIAL_BRANCH","House rule: NORMAL can branch into same-species special state GX"
"honedge",681,"NORMAL","NORMAL",681,"NORMAL","V","SPECIAL_BRANCH","House rule: NORMAL can branch into same-species special state V"
"honedge",681,"NORMAL","NORMAL",681,"NORMAL","MEGA","SPECIAL_BRANCH","House rule: NORMAL can branch into same-species special state MEGA"
"honedge",681,"NORMAL","V",681,"NORMAL","VMAX","SPECIAL_CHAIN","House rule: V can continue into same-species state VMAX"
"honedge",681,"NORMAL","V",681,"NORMAL","VSTAR","SPECIAL_CHAIN","House rule: V can continue into same-species state VSTAR"
"hoopa",720,"NORMAL","NORMAL",720,"NORMAL","EX","SPECIAL_BRANCH","House rule: NORMAL can branch into same-species special state EX"
"hoopa",720,"NORMAL","NORMAL",720,"NORMAL","GX","SPECIAL_BRANCH","House rule: NORMAL can branch into same-species special state GX"
"hoopa",720,"NORMAL","NORMAL",720,"NORMAL","V","SPECIAL_BRANCH","House rule: NORMAL can branch into same-species special state V"
"hoopa",720,"NORMAL","NORMAL",720,"NORMAL","MEGA","SPECIAL_BRANCH","House rule: NORMAL can branch into same-species special state MEGA"
"hoopa",720,"NORMAL","V",720,"NORMAL","VMAX","SPECIAL_CHAIN","House rule: V can continue into same-species state VMAX"
"hoopa",720,"NORMAL","V",720,"NORMAL","VSTAR","SPECIAL_CHAIN","House rule: V can continue into same-species state VSTAR"
"hoothoot",163,"NORMAL","NORMAL",163,"NORMAL","EX","SPECIAL_BRANCH","House rule: NORMAL can branch into same-species special state EX"
"hoothoot",163,"NORMAL","NORMAL",163,"NORMAL","GX","SPECIAL_BRANCH","House rule: NORMAL can branch into same-species special state GX"
"hoothoot",163,"NORMAL","NORMAL",163,"NORMAL","V","SPECIAL_BRANCH","House rule: NORMAL can branch into same-species special state V"
"hoothoot",163,"NORMAL","NORMAL",163,"NORMAL","MEGA","SPECIAL_BRANCH","House rule: NORMAL can branch into same-species special state MEGA"
"hoothoot",163,"NORMAL","NORMAL",164,"NORMAL","NORMAL","STANDARD","Standard evolution from species tree"
"hoothoot",163,"NORMAL","V",163,"NORMAL","VMAX","SPECIAL_CHAIN","House rule: V can continue into same-species state VMAX"
"hoothoot",163,"NORMAL","V",163,"NORMAL","VSTAR","SPECIAL_CHAIN","House rule: V can continue into same-species state VSTAR"
"hoothoot",164,"NORMAL","NORMAL",164,"NORMAL","EX","SPECIAL_BRANCH","House rule: NORMAL can branch into same-species special state EX"
"hoothoot",164,"NORMAL","NORMAL",164,"NORMAL","GX","SPECIAL_BRANCH","House rule: NORMAL can branch into same-species special state GX"
"hoothoot",164,"NORMAL","NORMAL",164,"NORMAL","V","SPECIAL_BRANCH","House rule: NORMAL can branch into same-species special state V"
"hoothoot",164,"NORMAL","NORMAL",164,"NORMAL","MEGA","SPECIAL_BRANCH","House rule: NORMAL can branch into same-species special state MEGA"
"hoothoot",164,"NORMAL","V",164,"NORMAL","VMAX","SPECIAL_CHAIN","House rule: V can continue into same-species state VMAX"
"hoothoot",164,"NORMAL","V",164,"NORMAL","VSTAR","SPECIAL_CHAIN","House rule: V can continue into same-species state VSTAR"
"hoppip",187,"NORMAL","NORMAL",187,"NORMAL","EX","SPECIAL_BRANCH","House rule: NORMAL can branch into same-species special state EX"
"hoppip",187,"NORMAL","NORMAL",187,"NORMAL","GX","SPECIAL_BRANCH","House rule: NORMAL can branch into same-species special state GX"
"hoppip",187,"NORMAL","NORMAL",187,"NORMAL","V","SPECIAL_BRANCH","House rule: NORMAL can branch into same-species special state V"
"hoppip",187,"NORMAL","NORMAL",187,"NORMAL","MEGA","SPECIAL_BRANCH","House rule: NORMAL can branch into same-species special state MEGA"
"hoppip",187,"NORMAL","NORMAL",188,"NORMAL","NORMAL","STANDARD","Standard evolution from species tree"
"hoppip",187,"NORMAL","V",187,"NORMAL","VMAX","SPECIAL_CHAIN","House rule: V can continue into same-species state VMAX"
"hoppip",187,"NORMAL","V",187,"NORMAL","VSTAR","SPECIAL_CHAIN","House rule: V can continue into same-species state VSTAR"
"hoppip",188,"NORMAL","NORMAL",188,"NORMAL","EX","SPECIAL_BRANCH","House rule: NORMAL can branch into same-species special state EX"
"hoppip",188,"NORMAL","NORMAL",188,"NORMAL","GX","SPECIAL_BRANCH","House rule: NORMAL can branch into same-species special state GX"
"hoppip",188,"NORMAL","NORMAL",188,"NORMAL","V","SPECIAL_BRANCH","House rule: NORMAL can branch into same-species special state V"
"hoppip",188,"NORMAL","NORMAL",188,"NORMAL","MEGA","SPECIAL_BRANCH","House rule: NORMAL can branch into same-species special state MEGA"
"hoppip",188,"NORMAL","NORMAL",189,"NORMAL","NORMAL","STANDARD","Standard evolution from species tree"
"hoppip",188,"NORMAL","V",188,"NORMAL","VMAX","SPECIAL_CHAIN","House rule: V can continue into same-species state VMAX"
"hoppip",188,"NORMAL","V",188,"NORMAL","VSTAR","SPECIAL_CHAIN","House rule: V can continue into same-species state VSTAR"
"hoppip",189,"NORMAL","NORMAL",189,"NORMAL","EX","SPECIAL_BRANCH","House rule: NORMAL can branch into same-species special state EX"
"hoppip",189,"NORMAL","NORMAL",189,"NORMAL","GX","SPECIAL_BRANCH","House rule: NORMAL can branch into same-species special state GX"
"hoppip",189,"NORMAL","NORMAL",189,"NORMAL","V","SPECIAL_BRANCH","House rule: NORMAL can branch into same-species special state V"
"hoppip",189,"NORMAL","NORMAL",189,"NORMAL","MEGA","SPECIAL_BRANCH","House rule: NORMAL can branch into same-species special state MEGA"
"hoppip",189,"NORMAL","V",189,"NORMAL","VMAX","SPECIAL_CHAIN","House rule: V can continue into same-species state VMAX"
"hoppip",189,"NORMAL","V",189,"NORMAL","VSTAR","SPECIAL_CHAIN","House rule: V can continue into same-species state VSTAR"
"horsea",116,"NORMAL","NORMAL",116,"NORMAL","EX","SPECIAL_BRANCH","House rule: NORMAL can branch into same-species special state EX"
"horsea",116,"NORMAL","NORMAL",116,"NORMAL","GX","SPECIAL_BRANCH","House rule: NORMAL can branch into same-species special state GX"
"horsea",116,"NORMAL","NORMAL",116,"NORMAL","V","SPECIAL_BRANCH","House rule: NORMAL can branch into same-species special state V"
"horsea",116,"NORMAL","NORMAL",116,"NORMAL","MEGA","SPECIAL_BRANCH","House rule: NORMAL can branch into same-species special state MEGA"
"horsea",116,"NORMAL","NORMAL",117,"NORMAL","NORMAL","STANDARD","Standard evolution from species tree"
"horsea",116,"NORMAL","V",116,"NORMAL","VMAX","SPECIAL_CHAIN","House rule: V can continue into same-species state VMAX"
"horsea",116,"NORMAL","V",116,"NORMAL","VSTAR","SPECIAL_CHAIN","House rule: V can continue into same-species state VSTAR"
"horsea",117,"NORMAL","NORMAL",117,"NORMAL","EX","SPECIAL_BRANCH","House rule: NORMAL can branch into same-species special state EX"
"horsea",117,"NORMAL","NORMAL",117,"NORMAL","GX","SPECIAL_BRANCH","House rule: NORMAL can branch into same-species special state GX"
"horsea",117,"NORMAL","NORMAL",117,"NORMAL","V","SPECIAL_BRANCH","House rule: NORMAL can branch into same-species special state V"
"horsea",117,"NORMAL","NORMAL",117,"NORMAL","MEGA","SPECIAL_BRANCH","House rule: NORMAL can branch into same-species special state MEGA"
"horsea",117,"NORMAL","NORMAL",230,"NORMAL","NORMAL","STANDARD","Standard evolution from species tree"
"horsea",117,"NORMAL","V",117,"NORMAL","VMAX","SPECIAL_CHAIN","House rule: V can continue into same-species state VMAX"
"horsea",117,"NORMAL","V",117,"NORMAL","VSTAR","SPECIAL_CHAIN","House rule: V can continue into same-species state VSTAR"
"horsea",230,"NORMAL","NORMAL",230,"NORMAL","EX","SPECIAL_BRANCH","House rule: NORMAL can branch into same-species special state EX"
"horsea",230,"NORMAL","NORMAL",230,"NORMAL","GX","SPECIAL_BRANCH","House rule: NORMAL can branch into same-species special state GX"
"horsea",230,"NORMAL","NORMAL",230,"NORMAL","V","SPECIAL_BRANCH","House rule: NORMAL can branch into same-species special state V"
"horsea",230,"NORMAL","NORMAL",230,"NORMAL","MEGA","SPECIAL_BRANCH","House rule: NORMAL can branch into same-species special state MEGA"
"horsea",230,"NORMAL","V",230,"NORMAL","VMAX","SPECIAL_CHAIN","House rule: V can continue into same-species state VMAX"
"horsea",230,"NORMAL","V",230,"NORMAL","VSTAR","SPECIAL_CHAIN","House rule: V can continue into same-species state VSTAR"
"houndour",228,"NORMAL","NORMAL",228,"NORMAL","EX","SPECIAL_BRANCH","House rule: NORMAL can branch into same-species special state EX"
"houndour",228,"NORMAL","NORMAL",228,"NORMAL","GX","SPECIAL_BRANCH","House rule: NORMAL can branch into same-species special state GX"
"houndour",228,"NORMAL","NORMAL",228,"NORMAL","V","SPECIAL_BRANCH","House rule: NORMAL can branch into same-species special state V"
"houndour",228,"NORMAL","NORMAL",228,"NORMAL","MEGA","SPECIAL_BRANCH","House rule: NORMAL can branch into same-species special state MEGA"
"houndour",228,"NORMAL","NORMAL",229,"NORMAL","NORMAL","STANDARD","Standard evolution from species tree"
"houndour",228,"NORMAL","V",228,"NORMAL","VMAX","SPECIAL_CHAIN","House rule: V can continue into same-species state VMAX"
"houndour",228,"NORMAL","V",228,"NORMAL","VSTAR","SPECIAL_CHAIN","House rule: V can continue into same-species state VSTAR"
"houndour",229,"NORMAL","NORMAL",229,"NORMAL","EX","SPECIAL_BRANCH","House rule: NORMAL can branch into same-species special state EX"
"houndour",229,"NORMAL","NORMAL",229,"NORMAL","GX","SPECIAL_BRANCH","House rule: NORMAL can branch into same-species special state GX"
"houndour",229,"NORMAL","NORMAL",229,"NORMAL","V","SPECIAL_BRANCH","House rule: NORMAL can branch into same-species special state V"
"houndour",229,"NORMAL","NORMAL",229,"NORMAL","MEGA","SPECIAL_BRANCH","House rule: NORMAL can branch into same-species special state MEGA"
"houndour",229,"NORMAL","V",229,"NORMAL","VMAX","SPECIAL_CHAIN","House rule: V can continue into same-species state VMAX"
"houndour",229,"NORMAL","V",229,"NORMAL","VSTAR","SPECIAL_CHAIN","House rule: V can continue into same-species state VSTAR"
"igglybuff",39,"NORMAL","NORMAL",39,"NORMAL","EX","SPECIAL_BRANCH","House rule: NORMAL can branch into same-species special state EX"
"igglybuff",39,"NORMAL","NORMAL",39,"NORMAL","GX","SPECIAL_BRANCH","House rule: NORMAL can branch into same-species special state GX"
"igglybuff",39,"NORMAL","NORMAL",39,"NORMAL","V","SPECIAL_BRANCH","House rule: NORMAL can branch into same-species special state V"
"igglybuff",39,"NORMAL","NORMAL",39,"NORMAL","MEGA","SPECIAL_BRANCH","House rule: NORMAL can branch into same-species special state MEGA"
"igglybuff",39,"NORMAL","NORMAL",40,"NORMAL","NORMAL","STANDARD","Standard evolution from species tree"
"igglybuff",39,"NORMAL","V",39,"NORMAL","VMAX","SPECIAL_CHAIN","House rule: V can continue into same-species state VMAX"
"igglybuff",39,"NORMAL","V",39,"NORMAL","VSTAR","SPECIAL_CHAIN","House rule: V can continue into same-species state VSTAR"
"igglybuff",40,"NORMAL","NORMAL",40,"NORMAL","EX","SPECIAL_BRANCH","House rule: NORMAL can branch into same-species special state EX"
"igglybuff",40,"NORMAL","NORMAL",40,"NORMAL","GX","SPECIAL_BRANCH","House rule: NORMAL can branch into same-species special state GX"
"igglybuff",40,"NORMAL","NORMAL",40,"NORMAL","V","SPECIAL_BRANCH","House rule: NORMAL can branch into same-species special state V"
"igglybuff",40,"NORMAL","NORMAL",40,"NORMAL","MEGA","SPECIAL_BRANCH","House rule: NORMAL can branch into same-species special state MEGA"
"igglybuff",40,"NORMAL","V",40,"NORMAL","VMAX","SPECIAL_CHAIN","House rule: V can continue into same-species state VMAX"
"igglybuff",40,"NORMAL","V",40,"NORMAL","VSTAR","SPECIAL_CHAIN","House rule: V can continue into same-species state VSTAR"
"igglybuff",174,"NORMAL","NORMAL",39,"NORMAL","NORMAL","STANDARD","Standard evolution from species tree"
"illumise",314,"NORMAL","NORMAL",314,"NORMAL","EX","SPECIAL_BRANCH","House rule: NORMAL can branch into same-species special state EX"
"illumise",314,"NORMAL","NORMAL",314,"NORMAL","GX","SPECIAL_BRANCH","House rule: NORMAL can branch into same-species special state GX"
"illumise",314,"NORMAL","NORMAL",314,"NORMAL","V","SPECIAL_BRANCH","House rule: NORMAL can branch into same-species special state V"
"illumise",314,"NORMAL","NORMAL",314,"NORMAL","MEGA","SPECIAL_BRANCH","House rule: NORMAL can branch into same-species special state MEGA"
"illumise",314,"NORMAL","V",314,"NORMAL","VMAX","SPECIAL_CHAIN","House rule: V can continue into same-species state VMAX"
"illumise",314,"NORMAL","V",314,"NORMAL","VSTAR","SPECIAL_CHAIN","House rule: V can continue into same-species state VSTAR"
"impidimp",859,"NORMAL","NORMAL",859,"NORMAL","EX","SPECIAL_BRANCH","House rule: NORMAL can branch into same-species special state EX"
"impidimp",859,"NORMAL","NORMAL",859,"NORMAL","GX","SPECIAL_BRANCH","House rule: NORMAL can branch into same-species special state GX"
"impidimp",859,"NORMAL","NORMAL",859,"NORMAL","V","SPECIAL_BRANCH","House rule: NORMAL can branch into same-species special state V"
"impidimp",859,"NORMAL","NORMAL",859,"NORMAL","MEGA","SPECIAL_BRANCH","House rule: NORMAL can branch into same-species special state MEGA"
"impidimp",859,"NORMAL","NORMAL",860,"NORMAL","NORMAL","STANDARD","Standard evolution from species tree"
"impidimp",859,"NORMAL","V",859,"NORMAL","VMAX","SPECIAL_CHAIN","House rule: V can continue into same-species state VMAX"
"impidimp",859,"NORMAL","V",859,"NORMAL","VSTAR","SPECIAL_CHAIN","House rule: V can continue into same-species state VSTAR"
"impidimp",860,"NORMAL","NORMAL",860,"NORMAL","EX","SPECIAL_BRANCH","House rule: NORMAL can branch into same-species special state EX"
"impidimp",860,"NORMAL","NORMAL",860,"NORMAL","GX","SPECIAL_BRANCH","House rule: NORMAL can branch into same-species special state GX"
"impidimp",860,"NORMAL","NORMAL",860,"NORMAL","V","SPECIAL_BRANCH","House rule: NORMAL can branch into same-species special state V"
"impidimp",860,"NORMAL","NORMAL",860,"NORMAL","MEGA","SPECIAL_BRANCH","House rule: NORMAL can branch into same-species special state MEGA"
"impidimp",860,"NORMAL","NORMAL",861,"NORMAL","NORMAL","STANDARD","Standard evolution from species tree"
"impidimp",860,"NORMAL","V",860,"NORMAL","VMAX","SPECIAL_CHAIN","House rule: V can continue into same-species state VMAX"
"impidimp",860,"NORMAL","V",860,"NORMAL","VSTAR","SPECIAL_CHAIN","House rule: V can continue into same-species state VSTAR"
"impidimp",861,"NORMAL","NORMAL",861,"NORMAL","EX","SPECIAL_BRANCH","House rule: NORMAL can branch into same-species special state EX"
"impidimp",861,"NORMAL","NORMAL",861,"NORMAL","GX","SPECIAL_BRANCH","House rule: NORMAL can branch into same-species special state GX"
"impidimp",861,"NORMAL","NORMAL",861,"NORMAL","V","SPECIAL_BRANCH","House rule: NORMAL can branch into same-species special state V"
"impidimp",861,"NORMAL","NORMAL",861,"NORMAL","MEGA","SPECIAL_BRANCH","House rule: NORMAL can branch into same-species special state MEGA"
"impidimp",861,"NORMAL","V",861,"NORMAL","VMAX","SPECIAL_CHAIN","House rule: V can continue into same-species state VMAX"
"impidimp",861,"NORMAL","V",861,"NORMAL","VSTAR","SPECIAL_CHAIN","House rule: V can continue into same-species state VSTAR"
"indeedee",876,"NORMAL","NORMAL",876,"NORMAL","EX","SPECIAL_BRANCH","House rule: NORMAL can branch into same-species special state EX"
"indeedee",876,"NORMAL","NORMAL",876,"NORMAL","GX","SPECIAL_BRANCH","House rule: NORMAL can branch into same-species special state GX"
"indeedee",876,"NORMAL","NORMAL",876,"NORMAL","V","SPECIAL_BRANCH","House rule: NORMAL can branch into same-species special state V"
"indeedee",876,"NORMAL","NORMAL",876,"NORMAL","MEGA","SPECIAL_BRANCH","House rule: NORMAL can branch into same-species special state MEGA"
"indeedee",876,"NORMAL","V",876,"NORMAL","VMAX","SPECIAL_CHAIN","House rule: V can continue into same-species state VMAX"
"indeedee",876,"NORMAL","V",876,"NORMAL","VSTAR","SPECIAL_CHAIN","House rule: V can continue into same-species state VSTAR"
"inkay",686,"NORMAL","NORMAL",686,"NORMAL","EX","SPECIAL_BRANCH","House rule: NORMAL can branch into same-species special state EX"
"inkay",686,"NORMAL","NORMAL",686,"NORMAL","GX","SPECIAL_BRANCH","House rule: NORMAL can branch into same-species special state GX"
"inkay",686,"NORMAL","NORMAL",686,"NORMAL","V","SPECIAL_BRANCH","House rule: NORMAL can branch into same-species special state V"
"inkay",686,"NORMAL","NORMAL",686,"NORMAL","MEGA","SPECIAL_BRANCH","House rule: NORMAL can branch into same-species special state MEGA"
"inkay",686,"NORMAL","NORMAL",687,"NORMAL","NORMAL","STANDARD","Standard evolution from species tree"
"inkay",686,"NORMAL","V",686,"NORMAL","VMAX","SPECIAL_CHAIN","House rule: V can continue into same-species state VMAX"
"inkay",686,"NORMAL","V",686,"NORMAL","VSTAR","SPECIAL_CHAIN","House rule: V can continue into same-species state VSTAR"
"inkay",687,"NORMAL","NORMAL",687,"NORMAL","EX","SPECIAL_BRANCH","House rule: NORMAL can branch into same-species special state EX"
"inkay",687,"NORMAL","NORMAL",687,"NORMAL","GX","SPECIAL_BRANCH","House rule: NORMAL can branch into same-species special state GX"
"inkay",687,"NORMAL","NORMAL",687,"NORMAL","V","SPECIAL_BRANCH","House rule: NORMAL can branch into same-species special state V"
"inkay",687,"NORMAL","NORMAL",687,"NORMAL","MEGA","SPECIAL_BRANCH","House rule: NORMAL can branch into same-species special state MEGA"
"inkay",687,"NORMAL","V",687,"NORMAL","VMAX","SPECIAL_CHAIN","House rule: V can continue into same-species state VMAX"
"inkay",687,"NORMAL","V",687,"NORMAL","VSTAR","SPECIAL_CHAIN","House rule: V can continue into same-species state VSTAR"
"iron-boulder",1022,"NORMAL","NORMAL",1022,"NORMAL","EX","SPECIAL_BRANCH","House rule: NORMAL can branch into same-species special state EX"
"iron-boulder",1022,"NORMAL","NORMAL",1022,"NORMAL","GX","SPECIAL_BRANCH","House rule: NORMAL can branch into same-species special state GX"
"iron-boulder",1022,"NORMAL","NORMAL",1022,"NORMAL","V","SPECIAL_BRANCH","House rule: NORMAL can branch into same-species special state V"
"iron-boulder",1022,"NORMAL","NORMAL",1022,"NORMAL","MEGA","SPECIAL_BRANCH","House rule: NORMAL can branch into same-species special state MEGA"
"iron-boulder",1022,"NORMAL","V",1022,"NORMAL","VMAX","SPECIAL_CHAIN","House rule: V can continue into same-species state VMAX"
"iron-boulder",1022,"NORMAL","V",1022,"NORMAL","VSTAR","SPECIAL_CHAIN","House rule: V can continue into same-species state VSTAR"
"iron-bundle",991,"NORMAL","NORMAL",991,"NORMAL","EX","SPECIAL_BRANCH","House rule: NORMAL can branch into same-species special state EX"
"iron-bundle",991,"NORMAL","NORMAL",991,"NORMAL","GX","SPECIAL_BRANCH","House rule: NORMAL can branch into same-species special state GX"
"iron-bundle",991,"NORMAL","NORMAL",991,"NORMAL","V","SPECIAL_BRANCH","House rule: NORMAL can branch into same-species special state V"
"iron-bundle",991,"NORMAL","NORMAL",991,"NORMAL","MEGA","SPECIAL_BRANCH","House rule: NORMAL can branch into same-species special state MEGA"
"iron-bundle",991,"NORMAL","V",991,"NORMAL","VMAX","SPECIAL_CHAIN","House rule: V can continue into same-species state VMAX"
"iron-bundle",991,"NORMAL","V",991,"NORMAL","VSTAR","SPECIAL_CHAIN","House rule: V can continue into same-species state VSTAR"
"iron-crown",1023,"NORMAL","NORMAL",1023,"NORMAL","EX","SPECIAL_BRANCH","House rule: NORMAL can branch into same-species special state EX"
"iron-crown",1023,"NORMAL","NORMAL",1023,"NORMAL","GX","SPECIAL_BRANCH","House rule: NORMAL can branch into same-species special state GX"
"iron-crown",1023,"NORMAL","NORMAL",1023,"NORMAL","V","SPECIAL_BRANCH","House rule: NORMAL can branch into same-species special state V"
"iron-crown",1023,"NORMAL","NORMAL",1023,"NORMAL","MEGA","SPECIAL_BRANCH","House rule: NORMAL can branch into same-species special state MEGA"
"iron-crown",1023,"NORMAL","V",1023,"NORMAL","VMAX","SPECIAL_CHAIN","House rule: V can continue into same-species state VMAX"
"iron-crown",1023,"NORMAL","V",1023,"NORMAL","VSTAR","SPECIAL_CHAIN","House rule: V can continue into same-species state VSTAR"
"iron-hands",992,"NORMAL","NORMAL",992,"NORMAL","EX","SPECIAL_BRANCH","House rule: NORMAL can branch into same-species special state EX"
"iron-hands",992,"NORMAL","NORMAL",992,"NORMAL","GX","SPECIAL_BRANCH","House rule: NORMAL can branch into same-species special state GX"
"iron-hands",992,"NORMAL","NORMAL",992,"NORMAL","V","SPECIAL_BRANCH","House rule: NORMAL can branch into same-species special state V"
"iron-hands",992,"NORMAL","NORMAL",992,"NORMAL","MEGA","SPECIAL_BRANCH","House rule: NORMAL can branch into same-species special state MEGA"
"iron-hands",992,"NORMAL","V",992,"NORMAL","VMAX","SPECIAL_CHAIN","House rule: V can continue into same-species state VMAX"
"iron-hands",992,"NORMAL","V",992,"NORMAL","VSTAR","SPECIAL_CHAIN","House rule: V can continue into same-species state VSTAR"
"iron-jugulis",993,"NORMAL","NORMAL",993,"NORMAL","EX","SPECIAL_BRANCH","House rule: NORMAL can branch into same-species special state EX"
"iron-jugulis",993,"NORMAL","NORMAL",993,"NORMAL","GX","SPECIAL_BRANCH","House rule: NORMAL can branch into same-species special state GX"
"iron-jugulis",993,"NORMAL","NORMAL",993,"NORMAL","V","SPECIAL_BRANCH","House rule: NORMAL can branch into same-species special state V"
"iron-jugulis",993,"NORMAL","NORMAL",993,"NORMAL","MEGA","SPECIAL_BRANCH","House rule: NORMAL can branch into same-species special state MEGA"
"iron-jugulis",993,"NORMAL","V",993,"NORMAL","VMAX","SPECIAL_CHAIN","House rule: V can continue into same-species state VMAX"
"iron-jugulis",993,"NORMAL","V",993,"NORMAL","VSTAR","SPECIAL_CHAIN","House rule: V can continue into same-species state VSTAR"
"iron-leaves",1010,"NORMAL","NORMAL",1010,"NORMAL","EX","SPECIAL_BRANCH","House rule: NORMAL can branch into same-species special state EX"
"iron-leaves",1010,"NORMAL","NORMAL",1010,"NORMAL","GX","SPECIAL_BRANCH","House rule: NORMAL can branch into same-species special state GX"
"iron-leaves",1010,"NORMAL","NORMAL",1010,"NORMAL","V","SPECIAL_BRANCH","House rule: NORMAL can branch into same-species special state V"
"iron-leaves",1010,"NORMAL","NORMAL",1010,"NORMAL","MEGA","SPECIAL_BRANCH","House rule: NORMAL can branch into same-species special state MEGA"
"iron-leaves",1010,"NORMAL","V",1010,"NORMAL","VMAX","SPECIAL_CHAIN","House rule: V can continue into same-species state VMAX"
"iron-leaves",1010,"NORMAL","V",1010,"NORMAL","VSTAR","SPECIAL_CHAIN","House rule: V can continue into same-species state VSTAR"
"iron-moth",994,"NORMAL","NORMAL",994,"NORMAL","EX","SPECIAL_BRANCH","House rule: NORMAL can branch into same-species special state EX"
"iron-moth",994,"NORMAL","NORMAL",994,"NORMAL","GX","SPECIAL_BRANCH","House rule: NORMAL can branch into same-species special state GX"
"iron-moth",994,"NORMAL","NORMAL",994,"NORMAL","V","SPECIAL_BRANCH","House rule: NORMAL can branch into same-species special state V"
"iron-moth",994,"NORMAL","NORMAL",994,"NORMAL","MEGA","SPECIAL_BRANCH","House rule: NORMAL can branch into same-species special state MEGA"
"iron-moth",994,"NORMAL","V",994,"NORMAL","VMAX","SPECIAL_CHAIN","House rule: V can continue into same-species state VMAX"
"iron-moth",994,"NORMAL","V",994,"NORMAL","VSTAR","SPECIAL_CHAIN","House rule: V can continue into same-species state VSTAR"
"iron-thorns",995,"NORMAL","NORMAL",995,"NORMAL","EX","SPECIAL_BRANCH","House rule: NORMAL can branch into same-species special state EX"
"iron-thorns",995,"NORMAL","NORMAL",995,"NORMAL","GX","SPECIAL_BRANCH","House rule: NORMAL can branch into same-species special state GX"
"iron-thorns",995,"NORMAL","NORMAL",995,"NORMAL","V","SPECIAL_BRANCH","House rule: NORMAL can branch into same-species special state V"
"iron-thorns",995,"NORMAL","NORMAL",995,"NORMAL","MEGA","SPECIAL_BRANCH","House rule: NORMAL can branch into same-species special state MEGA"
"iron-thorns",995,"NORMAL","V",995,"NORMAL","VMAX","SPECIAL_CHAIN","House rule: V can continue into same-species state VMAX"
"iron-thorns",995,"NORMAL","V",995,"NORMAL","VSTAR","SPECIAL_CHAIN","House rule: V can continue into same-species state VSTAR"
"iron-treads",990,"NORMAL","NORMAL",990,"NORMAL","EX","SPECIAL_BRANCH","House rule: NORMAL can branch into same-species special state EX"
"iron-treads",990,"NORMAL","NORMAL",990,"NORMAL","GX","SPECIAL_BRANCH","House rule: NORMAL can branch into same-species special state GX"
"iron-treads",990,"NORMAL","NORMAL",990,"NORMAL","V","SPECIAL_BRANCH","House rule: NORMAL can branch into same-species special state V"
"iron-treads",990,"NORMAL","NORMAL",990,"NORMAL","MEGA","SPECIAL_BRANCH","House rule: NORMAL can branch into same-species special state MEGA"
"iron-treads",990,"NORMAL","V",990,"NORMAL","VMAX","SPECIAL_CHAIN","House rule: V can continue into same-species state VMAX"
"iron-treads",990,"NORMAL","V",990,"NORMAL","VSTAR","SPECIAL_CHAIN","House rule: V can continue into same-species state VSTAR"
"iron-valiant",1006,"NORMAL","NORMAL",1006,"NORMAL","EX","SPECIAL_BRANCH","House rule: NORMAL can branch into same-species special state EX"
"iron-valiant",1006,"NORMAL","NORMAL",1006,"NORMAL","GX","SPECIAL_BRANCH","House rule: NORMAL can branch into same-species special state GX"
"iron-valiant",1006,"NORMAL","NORMAL",1006,"NORMAL","V","SPECIAL_BRANCH","House rule: NORMAL can branch into same-species special state V"
"iron-valiant",1006,"NORMAL","NORMAL",1006,"NORMAL","MEGA","SPECIAL_BRANCH","House rule: NORMAL can branch into same-species special state MEGA"
"iron-valiant",1006,"NORMAL","V",1006,"NORMAL","VMAX","SPECIAL_CHAIN","House rule: V can continue into same-species state VMAX"
"iron-valiant",1006,"NORMAL","V",1006,"NORMAL","VSTAR","SPECIAL_CHAIN","House rule: V can continue into same-species state VSTAR"
"jangmo-o",782,"NORMAL","NORMAL",782,"NORMAL","EX","SPECIAL_BRANCH","House rule: NORMAL can branch into same-species special state EX"
"jangmo-o",782,"NORMAL","NORMAL",782,"NORMAL","GX","SPECIAL_BRANCH","House rule: NORMAL can branch into same-species special state GX"
"jangmo-o",782,"NORMAL","NORMAL",782,"NORMAL","V","SPECIAL_BRANCH","House rule: NORMAL can branch into same-species special state V"
"jangmo-o",782,"NORMAL","NORMAL",782,"NORMAL","MEGA","SPECIAL_BRANCH","House rule: NORMAL can branch into same-species special state MEGA"
"jangmo-o",782,"NORMAL","NORMAL",783,"NORMAL","NORMAL","STANDARD","Standard evolution from species tree"
"jangmo-o",782,"NORMAL","V",782,"NORMAL","VMAX","SPECIAL_CHAIN","House rule: V can continue into same-species state VMAX"
"jangmo-o",782,"NORMAL","V",782,"NORMAL","VSTAR","SPECIAL_CHAIN","House rule: V can continue into same-species state VSTAR"
"jangmo-o",783,"NORMAL","NORMAL",783,"NORMAL","EX","SPECIAL_BRANCH","House rule: NORMAL can branch into same-species special state EX"
"jangmo-o",783,"NORMAL","NORMAL",783,"NORMAL","GX","SPECIAL_BRANCH","House rule: NORMAL can branch into same-species special state GX"
"jangmo-o",783,"NORMAL","NORMAL",783,"NORMAL","V","SPECIAL_BRANCH","House rule: NORMAL can branch into same-species special state V"
"jangmo-o",783,"NORMAL","NORMAL",783,"NORMAL","MEGA","SPECIAL_BRANCH","House rule: NORMAL can branch into same-species special state MEGA"
"jangmo-o",783,"NORMAL","NORMAL",784,"NORMAL","NORMAL","STANDARD","Standard evolution from species tree"
"jangmo-o",783,"NORMAL","V",783,"NORMAL","VMAX","SPECIAL_CHAIN","House rule: V can continue into same-species state VMAX"
"jangmo-o",783,"NORMAL","V",783,"NORMAL","VSTAR","SPECIAL_CHAIN","House rule: V can continue into same-species state VSTAR"
"jangmo-o",784,"NORMAL","NORMAL",784,"NORMAL","EX","SPECIAL_BRANCH","House rule: NORMAL can branch into same-species special state EX"
"jangmo-o",784,"NORMAL","NORMAL",784,"NORMAL","GX","SPECIAL_BRANCH","House rule: NORMAL can branch into same-species special state GX"
"jangmo-o",784,"NORMAL","NORMAL",784,"NORMAL","V","SPECIAL_BRANCH","House rule: NORMAL can branch into same-species special state V"
"jangmo-o",784,"NORMAL","NORMAL",784,"NORMAL","MEGA","SPECIAL_BRANCH","House rule: NORMAL can branch into same-species special state MEGA"
"jangmo-o",784,"NORMAL","V",784,"NORMAL","VMAX","SPECIAL_CHAIN","House rule: V can continue into same-species state VMAX"
"jangmo-o",784,"NORMAL","V",784,"NORMAL","VSTAR","SPECIAL_CHAIN","House rule: V can continue into same-species state VSTAR"
"jirachi",385,"NORMAL","NORMAL",385,"NORMAL","EX","SPECIAL_BRANCH","House rule: NORMAL can branch into same-species special state EX"
"jirachi",385,"NORMAL","NORMAL",385,"NORMAL","GX","SPECIAL_BRANCH","House rule: NORMAL can branch into same-species special state GX"
"jirachi",385,"NORMAL","NORMAL",385,"NORMAL","V","SPECIAL_BRANCH","House rule: NORMAL can branch into same-species special state V"
"jirachi",385,"NORMAL","NORMAL",385,"NORMAL","MEGA","SPECIAL_BRANCH","House rule: NORMAL can branch into same-species special state MEGA"
"jirachi",385,"NORMAL","V",385,"NORMAL","VMAX","SPECIAL_CHAIN","House rule: V can continue into same-species state VMAX"
"jirachi",385,"NORMAL","V",385,"NORMAL","VSTAR","SPECIAL_CHAIN","House rule: V can continue into same-species state VSTAR"
"joltik",595,"NORMAL","NORMAL",595,"NORMAL","EX","SPECIAL_BRANCH","House rule: NORMAL can branch into same-species special state EX"
"joltik",595,"NORMAL","NORMAL",595,"NORMAL","GX","SPECIAL_BRANCH","House rule: NORMAL can branch into same-species special state GX"
"joltik",595,"NORMAL","NORMAL",595,"NORMAL","V","SPECIAL_BRANCH","House rule: NORMAL can branch into same-species special state V"
"joltik",595,"NORMAL","NORMAL",595,"NORMAL","MEGA","SPECIAL_BRANCH","House rule: NORMAL can branch into same-species special state MEGA"
"joltik",595,"NORMAL","NORMAL",596,"NORMAL","NORMAL","STANDARD","Standard evolution from species tree"
"joltik",595,"NORMAL","V",595,"NORMAL","VMAX","SPECIAL_CHAIN","House rule: V can continue into same-species state VMAX"
"joltik",595,"NORMAL","V",595,"NORMAL","VSTAR","SPECIAL_CHAIN","House rule: V can continue into same-species state VSTAR"
"joltik",596,"NORMAL","NORMAL",596,"NORMAL","EX","SPECIAL_BRANCH","House rule: NORMAL can branch into same-species special state EX"
"joltik",596,"NORMAL","NORMAL",596,"NORMAL","GX","SPECIAL_BRANCH","House rule: NORMAL can branch into same-species special state GX"
"joltik",596,"NORMAL","NORMAL",596,"NORMAL","V","SPECIAL_BRANCH","House rule: NORMAL can branch into same-species special state V"
"joltik",596,"NORMAL","NORMAL",596,"NORMAL","MEGA","SPECIAL_BRANCH","House rule: NORMAL can branch into same-species special state MEGA"
"joltik",596,"NORMAL","V",596,"NORMAL","VMAX","SPECIAL_CHAIN","House rule: V can continue into same-species state VMAX"
"joltik",596,"NORMAL","V",596,"NORMAL","VSTAR","SPECIAL_CHAIN","House rule: V can continue into same-species state VSTAR"
"kabuto",140,"NORMAL","NORMAL",140,"NORMAL","EX","SPECIAL_BRANCH","House rule: NORMAL can branch into same-species special state EX"
"kabuto",140,"NORMAL","NORMAL",140,"NORMAL","GX","SPECIAL_BRANCH","House rule: NORMAL can branch into same-species special state GX"
"kabuto",140,"NORMAL","NORMAL",140,"NORMAL","V","SPECIAL_BRANCH","House rule: NORMAL can branch into same-species special state V"
"kabuto",140,"NORMAL","NORMAL",140,"NORMAL","MEGA","SPECIAL_BRANCH","House rule: NORMAL can branch into same-species special state MEGA"
"kabuto",140,"NORMAL","NORMAL",141,"NORMAL","NORMAL","STANDARD","Standard evolution from species tree"
"kabuto",140,"NORMAL","V",140,"NORMAL","VMAX","SPECIAL_CHAIN","House rule: V can continue into same-species state VMAX"
"kabuto",140,"NORMAL","V",140,"NORMAL","VSTAR","SPECIAL_CHAIN","House rule: V can continue into same-species state VSTAR"
"kabuto",141,"NORMAL","NORMAL",141,"NORMAL","EX","SPECIAL_BRANCH","House rule: NORMAL can branch into same-species special state EX"
"kabuto",141,"NORMAL","NORMAL",141,"NORMAL","GX","SPECIAL_BRANCH","House rule: NORMAL can branch into same-species special state GX"
"kabuto",141,"NORMAL","NORMAL",141,"NORMAL","V","SPECIAL_BRANCH","House rule: NORMAL can branch into same-species special state V"
"kabuto",141,"NORMAL","NORMAL",141,"NORMAL","MEGA","SPECIAL_BRANCH","House rule: NORMAL can branch into same-species special state MEGA"
"kabuto",141,"NORMAL","V",141,"NORMAL","VMAX","SPECIAL_CHAIN","House rule: V can continue into same-species state VMAX"
"kabuto",141,"NORMAL","V",141,"NORMAL","VSTAR","SPECIAL_CHAIN","House rule: V can continue into same-species state VSTAR"
"kangaskhan",115,"NORMAL","NORMAL",115,"NORMAL","EX","SPECIAL_BRANCH","House rule: NORMAL can branch into same-species special state EX"
"kangaskhan",115,"NORMAL","NORMAL",115,"NORMAL","GX","SPECIAL_BRANCH","House rule: NORMAL can branch into same-species special state GX"
"kangaskhan",115,"NORMAL","NORMAL",115,"NORMAL","V","SPECIAL_BRANCH","House rule: NORMAL can branch into same-species special state V"
"kangaskhan",115,"NORMAL","NORMAL",115,"NORMAL","MEGA","SPECIAL_BRANCH","House rule: NORMAL can branch into same-species special state MEGA"
"kangaskhan",115,"NORMAL","V",115,"NORMAL","VMAX","SPECIAL_CHAIN","House rule: V can continue into same-species state VMAX"
"kangaskhan",115,"NORMAL","V",115,"NORMAL","VSTAR","SPECIAL_CHAIN","House rule: V can continue into same-species state VSTAR"
"karrablast",588,"NORMAL","NORMAL",588,"NORMAL","EX","SPECIAL_BRANCH","House rule: NORMAL can branch into same-species special state EX"
"karrablast",588,"NORMAL","NORMAL",588,"NORMAL","GX","SPECIAL_BRANCH","House rule: NORMAL can branch into same-species special state GX"
"karrablast",588,"NORMAL","NORMAL",588,"NORMAL","V","SPECIAL_BRANCH","House rule: NORMAL can branch into same-species special state V"
"karrablast",588,"NORMAL","NORMAL",588,"NORMAL","MEGA","SPECIAL_BRANCH","House rule: NORMAL can branch into same-species special state MEGA"
"karrablast",588,"NORMAL","NORMAL",589,"NORMAL","NORMAL","STANDARD","Standard evolution from species tree"
"karrablast",588,"NORMAL","V",588,"NORMAL","VMAX","SPECIAL_CHAIN","House rule: V can continue into same-species state VMAX"
"karrablast",588,"NORMAL","V",588,"NORMAL","VSTAR","SPECIAL_CHAIN","House rule: V can continue into same-species state VSTAR"
"karrablast",589,"NORMAL","NORMAL",589,"NORMAL","EX","SPECIAL_BRANCH","House rule: NORMAL can branch into same-species special state EX"
"karrablast",589,"NORMAL","NORMAL",589,"NORMAL","GX","SPECIAL_BRANCH","House rule: NORMAL can branch into same-species special state GX"
"karrablast",589,"NORMAL","NORMAL",589,"NORMAL","V","SPECIAL_BRANCH","House rule: NORMAL can branch into same-species special state V"
"karrablast",589,"NORMAL","NORMAL",589,"NORMAL","MEGA","SPECIAL_BRANCH","House rule: NORMAL can branch into same-species special state MEGA"
"karrablast",589,"NORMAL","V",589,"NORMAL","VMAX","SPECIAL_CHAIN","House rule: V can continue into same-species state VMAX"
"karrablast",589,"NORMAL","V",589,"NORMAL","VSTAR","SPECIAL_CHAIN","House rule: V can continue into same-species state VSTAR"
"kartana",798,"NORMAL","NORMAL",798,"NORMAL","EX","SPECIAL_BRANCH","House rule: NORMAL can branch into same-species special state EX"
"kartana",798,"NORMAL","NORMAL",798,"NORMAL","GX","SPECIAL_BRANCH","House rule: NORMAL can branch into same-species special state GX"
"kartana",798,"NORMAL","NORMAL",798,"NORMAL","V","SPECIAL_BRANCH","House rule: NORMAL can branch into same-species special state V"
"kartana",798,"NORMAL","NORMAL",798,"NORMAL","MEGA","SPECIAL_BRANCH","House rule: NORMAL can branch into same-species special state MEGA"
"kartana",798,"NORMAL","V",798,"NORMAL","VMAX","SPECIAL_CHAIN","House rule: V can continue into same-species state VMAX"
"kartana",798,"NORMAL","V",798,"NORMAL","VSTAR","SPECIAL_CHAIN","House rule: V can continue into same-species state VSTAR"
"kecleon",352,"NORMAL","NORMAL",352,"NORMAL","EX","SPECIAL_BRANCH","House rule: NORMAL can branch into same-species special state EX"
"kecleon",352,"NORMAL","NORMAL",352,"NORMAL","GX","SPECIAL_BRANCH","House rule: NORMAL can branch into same-species special state GX"
"kecleon",352,"NORMAL","NORMAL",352,"NORMAL","V","SPECIAL_BRANCH","House rule: NORMAL can branch into same-species special state V"
"kecleon",352,"NORMAL","NORMAL",352,"NORMAL","MEGA","SPECIAL_BRANCH","House rule: NORMAL can branch into same-species special state MEGA"
"kecleon",352,"NORMAL","V",352,"NORMAL","VMAX","SPECIAL_CHAIN","House rule: V can continue into same-species state VMAX"
"kecleon",352,"NORMAL","V",352,"NORMAL","VSTAR","SPECIAL_CHAIN","House rule: V can continue into same-species state VSTAR"
"keldeo",647,"NORMAL","NORMAL",647,"NORMAL","EX","SPECIAL_BRANCH","House rule: NORMAL can branch into same-species special state EX"
"keldeo",647,"NORMAL","NORMAL",647,"NORMAL","GX","SPECIAL_BRANCH","House rule: NORMAL can branch into same-species special state GX"
"keldeo",647,"NORMAL","NORMAL",647,"NORMAL","V","SPECIAL_BRANCH","House rule: NORMAL can branch into same-species special state V"
"keldeo",647,"NORMAL","NORMAL",647,"NORMAL","MEGA","SPECIAL_BRANCH","House rule: NORMAL can branch into same-species special state MEGA"
"keldeo",647,"NORMAL","V",647,"NORMAL","VMAX","SPECIAL_CHAIN","House rule: V can continue into same-species state VMAX"
"keldeo",647,"NORMAL","V",647,"NORMAL","VSTAR","SPECIAL_CHAIN","House rule: V can continue into same-species state VSTAR"
"klawf",950,"NORMAL","NORMAL",950,"NORMAL","EX","SPECIAL_BRANCH","House rule: NORMAL can branch into same-species special state EX"
"klawf",950,"NORMAL","NORMAL",950,"NORMAL","GX","SPECIAL_BRANCH","House rule: NORMAL can branch into same-species special state GX"
"klawf",950,"NORMAL","NORMAL",950,"NORMAL","V","SPECIAL_BRANCH","House rule: NORMAL can branch into same-species special state V"
"klawf",950,"NORMAL","NORMAL",950,"NORMAL","MEGA","SPECIAL_BRANCH","House rule: NORMAL can branch into same-species special state MEGA"
"klawf",950,"NORMAL","V",950,"NORMAL","VMAX","SPECIAL_CHAIN","House rule: V can continue into same-species state VMAX"
"klawf",950,"NORMAL","V",950,"NORMAL","VSTAR","SPECIAL_CHAIN","House rule: V can continue into same-species state VSTAR"
"klefki",707,"NORMAL","NORMAL",707,"NORMAL","EX","SPECIAL_BRANCH","House rule: NORMAL can branch into same-species special state EX"
"klefki",707,"NORMAL","NORMAL",707,"NORMAL","GX","SPECIAL_BRANCH","House rule: NORMAL can branch into same-species special state GX"
"klefki",707,"NORMAL","NORMAL",707,"NORMAL","V","SPECIAL_BRANCH","House rule: NORMAL can branch into same-species special state V"
"klefki",707,"NORMAL","NORMAL",707,"NORMAL","MEGA","SPECIAL_BRANCH","House rule: NORMAL can branch into same-species special state MEGA"
"klefki",707,"NORMAL","V",707,"NORMAL","VMAX","SPECIAL_CHAIN","House rule: V can continue into same-species state VMAX"
"klefki",707,"NORMAL","V",707,"NORMAL","VSTAR","SPECIAL_CHAIN","House rule: V can continue into same-species state VSTAR"
"klink",599,"NORMAL","NORMAL",599,"NORMAL","EX","SPECIAL_BRANCH","House rule: NORMAL can branch into same-species special state EX"
"klink",599,"NORMAL","NORMAL",599,"NORMAL","GX","SPECIAL_BRANCH","House rule: NORMAL can branch into same-species special state GX"
"klink",599,"NORMAL","NORMAL",599,"NORMAL","V","SPECIAL_BRANCH","House rule: NORMAL can branch into same-species special state V"
"klink",599,"NORMAL","NORMAL",599,"NORMAL","MEGA","SPECIAL_BRANCH","House rule: NORMAL can branch into same-species special state MEGA"
"klink",599,"NORMAL","NORMAL",600,"NORMAL","NORMAL","STANDARD","Standard evolution from species tree"
"klink",599,"NORMAL","V",599,"NORMAL","VMAX","SPECIAL_CHAIN","House rule: V can continue into same-species state VMAX"
"klink",599,"NORMAL","V",599,"NORMAL","VSTAR","SPECIAL_CHAIN","House rule: V can continue into same-species state VSTAR"
"klink",600,"NORMAL","NORMAL",600,"NORMAL","EX","SPECIAL_BRANCH","House rule: NORMAL can branch into same-species special state EX"
"klink",600,"NORMAL","NORMAL",600,"NORMAL","GX","SPECIAL_BRANCH","House rule: NORMAL can branch into same-species special state GX"
"klink",600,"NORMAL","NORMAL",600,"NORMAL","V","SPECIAL_BRANCH","House rule: NORMAL can branch into same-species special state V"
"klink",600,"NORMAL","NORMAL",600,"NORMAL","MEGA","SPECIAL_BRANCH","House rule: NORMAL can branch into same-species special state MEGA"
"klink",600,"NORMAL","NORMAL",601,"NORMAL","NORMAL","STANDARD","Standard evolution from species tree"
"klink",600,"NORMAL","V",600,"NORMAL","VMAX","SPECIAL_CHAIN","House rule: V can continue into same-species state VMAX"
"klink",600,"NORMAL","V",600,"NORMAL","VSTAR","SPECIAL_CHAIN","House rule: V can continue into same-species state VSTAR"
"klink",601,"NORMAL","NORMAL",601,"NORMAL","EX","SPECIAL_BRANCH","House rule: NORMAL can branch into same-species special state EX"
"klink",601,"NORMAL","NORMAL",601,"NORMAL","GX","SPECIAL_BRANCH","House rule: NORMAL can branch into same-species special state GX"
"klink",601,"NORMAL","NORMAL",601,"NORMAL","V","SPECIAL_BRANCH","House rule: NORMAL can branch into same-species special state V"
"klink",601,"NORMAL","NORMAL",601,"NORMAL","MEGA","SPECIAL_BRANCH","House rule: NORMAL can branch into same-species special state MEGA"
"klink",601,"NORMAL","V",601,"NORMAL","VMAX","SPECIAL_CHAIN","House rule: V can continue into same-species state VMAX"
"klink",601,"NORMAL","V",601,"NORMAL","VSTAR","SPECIAL_CHAIN","House rule: V can continue into same-species state VSTAR"
"koffing",109,"NORMAL","NORMAL",109,"NORMAL","EX","SPECIAL_BRANCH","House rule: NORMAL can branch into same-species special state EX"
"koffing",109,"NORMAL","NORMAL",109,"NORMAL","GX","SPECIAL_BRANCH","House rule: NORMAL can branch into same-species special state GX"
"koffing",109,"NORMAL","NORMAL",109,"NORMAL","V","SPECIAL_BRANCH","House rule: NORMAL can branch into same-species special state V"
"koffing",109,"NORMAL","NORMAL",109,"NORMAL","MEGA","SPECIAL_BRANCH","House rule: NORMAL can branch into same-species special state MEGA"
"koffing",109,"NORMAL","NORMAL",110,"NORMAL","NORMAL","STANDARD","Standard evolution from species tree"
"koffing",109,"NORMAL","V",109,"NORMAL","VMAX","SPECIAL_CHAIN","House rule: V can continue into same-species state VMAX"
"koffing",109,"NORMAL","V",109,"NORMAL","VSTAR","SPECIAL_CHAIN","House rule: V can continue into same-species state VSTAR"
"koffing",110,"NORMAL","NORMAL",110,"NORMAL","EX","SPECIAL_BRANCH","House rule: NORMAL can branch into same-species special state EX"
"koffing",110,"NORMAL","NORMAL",110,"NORMAL","GX","SPECIAL_BRANCH","House rule: NORMAL can branch into same-species special state GX"
"koffing",110,"NORMAL","NORMAL",110,"NORMAL","V","SPECIAL_BRANCH","House rule: NORMAL can branch into same-species special state V"
"koffing",110,"NORMAL","NORMAL",110,"NORMAL","MEGA","SPECIAL_BRANCH","House rule: NORMAL can branch into same-species special state MEGA"
"koffing",110,"NORMAL","V",110,"NORMAL","VMAX","SPECIAL_CHAIN","House rule: V can continue into same-species state VMAX"
"koffing",110,"NORMAL","V",110,"NORMAL","VSTAR","SPECIAL_CHAIN","House rule: V can continue into same-species state VSTAR"
"komala",775,"NORMAL","NORMAL",775,"NORMAL","EX","SPECIAL_BRANCH","House rule: NORMAL can branch into same-species special state EX"
"komala",775,"NORMAL","NORMAL",775,"NORMAL","GX","SPECIAL_BRANCH","House rule: NORMAL can branch into same-species special state GX"
"komala",775,"NORMAL","NORMAL",775,"NORMAL","V","SPECIAL_BRANCH","House rule: NORMAL can branch into same-species special state V"
"komala",775,"NORMAL","NORMAL",775,"NORMAL","MEGA","SPECIAL_BRANCH","House rule: NORMAL can branch into same-species special state MEGA"
"komala",775,"NORMAL","V",775,"NORMAL","VMAX","SPECIAL_CHAIN","House rule: V can continue into same-species state VMAX"
"komala",775,"NORMAL","V",775,"NORMAL","VSTAR","SPECIAL_CHAIN","House rule: V can continue into same-species state VSTAR"
"koraidon",1007,"NORMAL","NORMAL",1007,"NORMAL","EX","SPECIAL_BRANCH","House rule: NORMAL can branch into same-species special state EX"
"koraidon",1007,"NORMAL","NORMAL",1007,"NORMAL","GX","SPECIAL_BRANCH","House rule: NORMAL can branch into same-species special state GX"
"koraidon",1007,"NORMAL","NORMAL",1007,"NORMAL","V","SPECIAL_BRANCH","House rule: NORMAL can branch into same-species special state V"
"koraidon",1007,"NORMAL","NORMAL",1007,"NORMAL","MEGA","SPECIAL_BRANCH","House rule: NORMAL can branch into same-species special state MEGA"
"koraidon",1007,"NORMAL","V",1007,"NORMAL","VMAX","SPECIAL_CHAIN","House rule: V can continue into same-species state VMAX"
"koraidon",1007,"NORMAL","V",1007,"NORMAL","VSTAR","SPECIAL_CHAIN","House rule: V can continue into same-species state VSTAR"
"krabby",98,"NORMAL","NORMAL",98,"NORMAL","EX","SPECIAL_BRANCH","House rule: NORMAL can branch into same-species special state EX"
"krabby",98,"NORMAL","NORMAL",98,"NORMAL","GX","SPECIAL_BRANCH","House rule: NORMAL can branch into same-species special state GX"
"krabby",98,"NORMAL","NORMAL",98,"NORMAL","V","SPECIAL_BRANCH","House rule: NORMAL can branch into same-species special state V"
"krabby",98,"NORMAL","NORMAL",98,"NORMAL","MEGA","SPECIAL_BRANCH","House rule: NORMAL can branch into same-species special state MEGA"
"krabby",98,"NORMAL","NORMAL",99,"NORMAL","NORMAL","STANDARD","Standard evolution from species tree"
"krabby",98,"NORMAL","V",98,"NORMAL","VMAX","SPECIAL_CHAIN","House rule: V can continue into same-species state VMAX"
"krabby",98,"NORMAL","V",98,"NORMAL","VSTAR","SPECIAL_CHAIN","House rule: V can continue into same-species state VSTAR"
"krabby",99,"NORMAL","NORMAL",99,"NORMAL","EX","SPECIAL_BRANCH","House rule: NORMAL can branch into same-species special state EX"
"krabby",99,"NORMAL","NORMAL",99,"NORMAL","GX","SPECIAL_BRANCH","House rule: NORMAL can branch into same-species special state GX"
"krabby",99,"NORMAL","NORMAL",99,"NORMAL","V","SPECIAL_BRANCH","House rule: NORMAL can branch into same-species special state V"
"krabby",99,"NORMAL","NORMAL",99,"NORMAL","MEGA","SPECIAL_BRANCH","House rule: NORMAL can branch into same-species special state MEGA"
"krabby",99,"NORMAL","V",99,"NORMAL","VMAX","SPECIAL_CHAIN","House rule: V can continue into same-species state VMAX"
"krabby",99,"NORMAL","V",99,"NORMAL","VSTAR","SPECIAL_CHAIN","House rule: V can continue into same-species state VSTAR"
"kricketot",401,"NORMAL","NORMAL",401,"NORMAL","EX","SPECIAL_BRANCH","House rule: NORMAL can branch into same-species special state EX"
"kricketot",401,"NORMAL","NORMAL",401,"NORMAL","GX","SPECIAL_BRANCH","House rule: NORMAL can branch into same-species special state GX"
"kricketot",401,"NORMAL","NORMAL",401,"NORMAL","V","SPECIAL_BRANCH","House rule: NORMAL can branch into same-species special state V"
"kricketot",401,"NORMAL","NORMAL",401,"NORMAL","MEGA","SPECIAL_BRANCH","House rule: NORMAL can branch into same-species special state MEGA"
"kricketot",401,"NORMAL","NORMAL",402,"NORMAL","NORMAL","STANDARD","Standard evolution from species tree"
"kricketot",401,"NORMAL","V",401,"NORMAL","VMAX","SPECIAL_CHAIN","House rule: V can continue into same-species state VMAX"
"kricketot",401,"NORMAL","V",401,"NORMAL","VSTAR","SPECIAL_CHAIN","House rule: V can continue into same-species state VSTAR"
"kricketot",402,"NORMAL","NORMAL",402,"NORMAL","EX","SPECIAL_BRANCH","House rule: NORMAL can branch into same-species special state EX"
"kricketot",402,"NORMAL","NORMAL",402,"NORMAL","GX","SPECIAL_BRANCH","House rule: NORMAL can branch into same-species special state GX"
"kricketot",402,"NORMAL","NORMAL",402,"NORMAL","V","SPECIAL_BRANCH","House rule: NORMAL can branch into same-species special state V"
"kricketot",402,"NORMAL","NORMAL",402,"NORMAL","MEGA","SPECIAL_BRANCH","House rule: NORMAL can branch into same-species special state MEGA"
"kricketot",402,"NORMAL","V",402,"NORMAL","VMAX","SPECIAL_CHAIN","House rule: V can continue into same-species state VMAX"
"kricketot",402,"NORMAL","V",402,"NORMAL","VSTAR","SPECIAL_CHAIN","House rule: V can continue into same-species state VSTAR"
"kubfu",891,"NORMAL","NORMAL",891,"NORMAL","EX","SPECIAL_BRANCH","House rule: NORMAL can branch into same-species special state EX"
"kubfu",891,"NORMAL","NORMAL",891,"NORMAL","GX","SPECIAL_BRANCH","House rule: NORMAL can branch into same-species special state GX"
"kubfu",891,"NORMAL","NORMAL",891,"NORMAL","V","SPECIAL_BRANCH","House rule: NORMAL can branch into same-species special state V"
"kubfu",891,"NORMAL","NORMAL",891,"NORMAL","MEGA","SPECIAL_BRANCH","House rule: NORMAL can branch into same-species special state MEGA"
"kubfu",891,"NORMAL","NORMAL",892,"NORMAL","NORMAL","STANDARD","Standard evolution from species tree"
"kubfu",891,"NORMAL","V",891,"NORMAL","VMAX","SPECIAL_CHAIN","House rule: V can continue into same-species state VMAX"
"kubfu",891,"NORMAL","V",891,"NORMAL","VSTAR","SPECIAL_CHAIN","House rule: V can continue into same-species state VSTAR"
"kubfu",892,"NORMAL","NORMAL",892,"NORMAL","EX","SPECIAL_BRANCH","House rule: NORMAL can branch into same-species special state EX"
"kubfu",892,"NORMAL","NORMAL",892,"NORMAL","GX","SPECIAL_BRANCH","House rule: NORMAL can branch into same-species special state GX"
"kubfu",892,"NORMAL","NORMAL",892,"NORMAL","V","SPECIAL_BRANCH","House rule: NORMAL can branch into same-species special state V"
"kubfu",892,"NORMAL","NORMAL",892,"NORMAL","MEGA","SPECIAL_BRANCH","House rule: NORMAL can branch into same-species special state MEGA"
"kubfu",892,"NORMAL","V",892,"NORMAL","VMAX","SPECIAL_CHAIN","House rule: V can continue into same-species state VMAX"
"kubfu",892,"NORMAL","V",892,"NORMAL","VSTAR","SPECIAL_CHAIN","House rule: V can continue into same-species state VSTAR"
"kyogre",382,"NORMAL","NORMAL",382,"NORMAL","EX","SPECIAL_BRANCH","House rule: NORMAL can branch into same-species special state EX"
"kyogre",382,"NORMAL","NORMAL",382,"NORMAL","GX","SPECIAL_BRANCH","House rule: NORMAL can branch into same-species special state GX"
"kyogre",382,"NORMAL","NORMAL",382,"NORMAL","V","SPECIAL_BRANCH","House rule: NORMAL can branch into same-species special state V"
"kyogre",382,"NORMAL","NORMAL",382,"NORMAL","MEGA","SPECIAL_BRANCH","House rule: NORMAL can branch into same-species special state MEGA"
"kyogre",382,"NORMAL","V",382,"NORMAL","VMAX","SPECIAL_CHAIN","House rule: V can continue into same-species state VMAX"
"kyogre",382,"NORMAL","V",382,"NORMAL","VSTAR","SPECIAL_CHAIN","House rule: V can continue into same-species state VSTAR"
"kyurem",646,"NORMAL","NORMAL",646,"NORMAL","EX","SPECIAL_BRANCH","House rule: NORMAL can branch into same-species special state EX"
"kyurem",646,"NORMAL","NORMAL",646,"NORMAL","GX","SPECIAL_BRANCH","House rule: NORMAL can branch into same-species special state GX"
"kyurem",646,"NORMAL","NORMAL",646,"NORMAL","V","SPECIAL_BRANCH","House rule: NORMAL can branch into same-species special state V"
"kyurem",646,"NORMAL","NORMAL",646,"NORMAL","MEGA","SPECIAL_BRANCH","House rule: NORMAL can branch into same-species special state MEGA"
"kyurem",646,"NORMAL","V",646,"NORMAL","VMAX","SPECIAL_CHAIN","House rule: V can continue into same-species state VMAX"
"kyurem",646,"NORMAL","V",646,"NORMAL","VSTAR","SPECIAL_CHAIN","House rule: V can continue into same-species state VSTAR"
"landorus",645,"NORMAL","NORMAL",645,"NORMAL","EX","SPECIAL_BRANCH","House rule: NORMAL can branch into same-species special state EX"
"landorus",645,"NORMAL","NORMAL",645,"NORMAL","GX","SPECIAL_BRANCH","House rule: NORMAL can branch into same-species special state GX"
"landorus",645,"NORMAL","NORMAL",645,"NORMAL","V","SPECIAL_BRANCH","House rule: NORMAL can branch into same-species special state V"
"landorus",645,"NORMAL","NORMAL",645,"NORMAL","MEGA","SPECIAL_BRANCH","House rule: NORMAL can branch into same-species special state MEGA"
"landorus",645,"NORMAL","V",645,"NORMAL","VMAX","SPECIAL_CHAIN","House rule: V can continue into same-species state VMAX"
"landorus",645,"NORMAL","V",645,"NORMAL","VSTAR","SPECIAL_CHAIN","House rule: V can continue into same-species state VSTAR"
"lapras",131,"NORMAL","NORMAL",131,"NORMAL","EX","SPECIAL_BRANCH","House rule: NORMAL can branch into same-species special state EX"
"lapras",131,"NORMAL","NORMAL",131,"NORMAL","GX","SPECIAL_BRANCH","House rule: NORMAL can branch into same-species special state GX"
"lapras",131,"NORMAL","NORMAL",131,"NORMAL","V","SPECIAL_BRANCH","House rule: NORMAL can branch into same-species special state V"
"lapras",131,"NORMAL","NORMAL",131,"NORMAL","MEGA","SPECIAL_BRANCH","House rule: NORMAL can branch into same-species special state MEGA"
"lapras",131,"NORMAL","V",131,"NORMAL","VMAX","SPECIAL_CHAIN","House rule: V can continue into same-species state VMAX"
"lapras",131,"NORMAL","V",131,"NORMAL","VSTAR","SPECIAL_CHAIN","House rule: V can continue into same-species state VSTAR"
"larvesta",636,"NORMAL","NORMAL",636,"NORMAL","EX","SPECIAL_BRANCH","House rule: NORMAL can branch into same-species special state EX"
"larvesta",636,"NORMAL","NORMAL",636,"NORMAL","GX","SPECIAL_BRANCH","House rule: NORMAL can branch into same-species special state GX"
"larvesta",636,"NORMAL","NORMAL",636,"NORMAL","V","SPECIAL_BRANCH","House rule: NORMAL can branch into same-species special state V"
"larvesta",636,"NORMAL","NORMAL",636,"NORMAL","MEGA","SPECIAL_BRANCH","House rule: NORMAL can branch into same-species special state MEGA"
"larvesta",636,"NORMAL","NORMAL",637,"NORMAL","NORMAL","STANDARD","Standard evolution from species tree"
"larvesta",636,"NORMAL","V",636,"NORMAL","VMAX","SPECIAL_CHAIN","House rule: V can continue into same-species state VMAX"
"larvesta",636,"NORMAL","V",636,"NORMAL","VSTAR","SPECIAL_CHAIN","House rule: V can continue into same-species state VSTAR"
"larvesta",637,"NORMAL","NORMAL",637,"NORMAL","EX","SPECIAL_BRANCH","House rule: NORMAL can branch into same-species special state EX"
"larvesta",637,"NORMAL","NORMAL",637,"NORMAL","GX","SPECIAL_BRANCH","House rule: NORMAL can branch into same-species special state GX"
"larvesta",637,"NORMAL","NORMAL",637,"NORMAL","V","SPECIAL_BRANCH","House rule: NORMAL can branch into same-species special state V"
"larvesta",637,"NORMAL","NORMAL",637,"NORMAL","MEGA","SPECIAL_BRANCH","House rule: NORMAL can branch into same-species special state MEGA"
"larvesta",637,"NORMAL","V",637,"NORMAL","VMAX","SPECIAL_CHAIN","House rule: V can continue into same-species state VMAX"
"larvesta",637,"NORMAL","V",637,"NORMAL","VSTAR","SPECIAL_CHAIN","House rule: V can continue into same-species state VSTAR"
"larvitar",246,"NORMAL","NORMAL",246,"NORMAL","EX","SPECIAL_BRANCH","House rule: NORMAL can branch into same-species special state EX"
"larvitar",246,"NORMAL","NORMAL",246,"NORMAL","GX","SPECIAL_BRANCH","House rule: NORMAL can branch into same-species special state GX"
"larvitar",246,"NORMAL","NORMAL",246,"NORMAL","V","SPECIAL_BRANCH","House rule: NORMAL can branch into same-species special state V"
"larvitar",246,"NORMAL","NORMAL",246,"NORMAL","MEGA","SPECIAL_BRANCH","House rule: NORMAL can branch into same-species special state MEGA"
"larvitar",246,"NORMAL","NORMAL",247,"NORMAL","NORMAL","STANDARD","Standard evolution from species tree"
"larvitar",246,"NORMAL","V",246,"NORMAL","VMAX","SPECIAL_CHAIN","House rule: V can continue into same-species state VMAX"
"larvitar",246,"NORMAL","V",246,"NORMAL","VSTAR","SPECIAL_CHAIN","House rule: V can continue into same-species state VSTAR"
"larvitar",247,"NORMAL","NORMAL",247,"NORMAL","EX","SPECIAL_BRANCH","House rule: NORMAL can branch into same-species special state EX"
"larvitar",247,"NORMAL","NORMAL",247,"NORMAL","GX","SPECIAL_BRANCH","House rule: NORMAL can branch into same-species special state GX"
"larvitar",247,"NORMAL","NORMAL",247,"NORMAL","V","SPECIAL_BRANCH","House rule: NORMAL can branch into same-species special state V"
"larvitar",247,"NORMAL","NORMAL",247,"NORMAL","MEGA","SPECIAL_BRANCH","House rule: NORMAL can branch into same-species special state MEGA"
"larvitar",247,"NORMAL","NORMAL",248,"NORMAL","NORMAL","STANDARD","Standard evolution from species tree"
"larvitar",247,"NORMAL","V",247,"NORMAL","VMAX","SPECIAL_CHAIN","House rule: V can continue into same-species state VMAX"
"larvitar",247,"NORMAL","V",247,"NORMAL","VSTAR","SPECIAL_CHAIN","House rule: V can continue into same-species state VSTAR"
"larvitar",248,"NORMAL","NORMAL",248,"NORMAL","EX","SPECIAL_BRANCH","House rule: NORMAL can branch into same-species special state EX"
"larvitar",248,"NORMAL","NORMAL",248,"NORMAL","GX","SPECIAL_BRANCH","House rule: NORMAL can branch into same-species special state GX"
"larvitar",248,"NORMAL","NORMAL",248,"NORMAL","V","SPECIAL_BRANCH","House rule: NORMAL can branch into same-species special state V"
"larvitar",248,"NORMAL","NORMAL",248,"NORMAL","MEGA","SPECIAL_BRANCH","House rule: NORMAL can branch into same-species special state MEGA"
"larvitar",248,"NORMAL","V",248,"NORMAL","VMAX","SPECIAL_CHAIN","House rule: V can continue into same-species state VMAX"
"larvitar",248,"NORMAL","V",248,"NORMAL","VSTAR","SPECIAL_CHAIN","House rule: V can continue into same-species state VSTAR"
"latias",380,"NORMAL","NORMAL",380,"NORMAL","EX","SPECIAL_BRANCH","House rule: NORMAL can branch into same-species special state EX"
"latias",380,"NORMAL","NORMAL",380,"NORMAL","GX","SPECIAL_BRANCH","House rule: NORMAL can branch into same-species special state GX"
"latias",380,"NORMAL","NORMAL",380,"NORMAL","V","SPECIAL_BRANCH","House rule: NORMAL can branch into same-species special state V"
"latias",380,"NORMAL","NORMAL",380,"NORMAL","MEGA","SPECIAL_BRANCH","House rule: NORMAL can branch into same-species special state MEGA"
"latias",380,"NORMAL","V",380,"NORMAL","VMAX","SPECIAL_CHAIN","House rule: V can continue into same-species state VMAX"
"latias",380,"NORMAL","V",380,"NORMAL","VSTAR","SPECIAL_CHAIN","House rule: V can continue into same-species state VSTAR"
"latios",381,"NORMAL","NORMAL",381,"NORMAL","EX","SPECIAL_BRANCH","House rule: NORMAL can branch into same-species special state EX"
"latios",381,"NORMAL","NORMAL",381,"NORMAL","GX","SPECIAL_BRANCH","House rule: NORMAL can branch into same-species special state GX"
"latios",381,"NORMAL","NORMAL",381,"NORMAL","V","SPECIAL_BRANCH","House rule: NORMAL can branch into same-species special state V"
"latios",381,"NORMAL","NORMAL",381,"NORMAL","MEGA","SPECIAL_BRANCH","House rule: NORMAL can branch into same-species special state MEGA"
"latios",381,"NORMAL","V",381,"NORMAL","VMAX","SPECIAL_CHAIN","House rule: V can continue into same-species state VMAX"
"latios",381,"NORMAL","V",381,"NORMAL","VSTAR","SPECIAL_CHAIN","House rule: V can continue into same-species state VSTAR"
"lechonk",915,"NORMAL","NORMAL",915,"NORMAL","EX","SPECIAL_BRANCH","House rule: NORMAL can branch into same-species special state EX"
"lechonk",915,"NORMAL","NORMAL",915,"NORMAL","GX","SPECIAL_BRANCH","House rule: NORMAL can branch into same-species special state GX"
"lechonk",915,"NORMAL","NORMAL",915,"NORMAL","V","SPECIAL_BRANCH","House rule: NORMAL can branch into same-species special state V"
"lechonk",915,"NORMAL","NORMAL",915,"NORMAL","MEGA","SPECIAL_BRANCH","House rule: NORMAL can branch into same-species special state MEGA"
"lechonk",915,"NORMAL","NORMAL",916,"NORMAL","NORMAL","STANDARD","Standard evolution from species tree"
"lechonk",915,"NORMAL","V",915,"NORMAL","VMAX","SPECIAL_CHAIN","House rule: V can continue into same-species state VMAX"
"lechonk",915,"NORMAL","V",915,"NORMAL","VSTAR","SPECIAL_CHAIN","House rule: V can continue into same-species state VSTAR"
"lechonk",916,"NORMAL","NORMAL",916,"NORMAL","EX","SPECIAL_BRANCH","House rule: NORMAL can branch into same-species special state EX"
"lechonk",916,"NORMAL","NORMAL",916,"NORMAL","GX","SPECIAL_BRANCH","House rule: NORMAL can branch into same-species special state GX"
"lechonk",916,"NORMAL","NORMAL",916,"NORMAL","V","SPECIAL_BRANCH","House rule: NORMAL can branch into same-species special state V"
"lechonk",916,"NORMAL","NORMAL",916,"NORMAL","MEGA","SPECIAL_BRANCH","House rule: NORMAL can branch into same-species special state MEGA"
"lechonk",916,"NORMAL","V",916,"NORMAL","VMAX","SPECIAL_CHAIN","House rule: V can continue into same-species state VMAX"
"lechonk",916,"NORMAL","V",916,"NORMAL","VSTAR","SPECIAL_CHAIN","House rule: V can continue into same-species state VSTAR"
"ledyba",165,"NORMAL","NORMAL",165,"NORMAL","EX","SPECIAL_BRANCH","House rule: NORMAL can branch into same-species special state EX"
"ledyba",165,"NORMAL","NORMAL",165,"NORMAL","GX","SPECIAL_BRANCH","House rule: NORMAL can branch into same-species special state GX"
"ledyba",165,"NORMAL","NORMAL",165,"NORMAL","V","SPECIAL_BRANCH","House rule: NORMAL can branch into same-species special state V"
"ledyba",165,"NORMAL","NORMAL",165,"NORMAL","MEGA","SPECIAL_BRANCH","House rule: NORMAL can branch into same-species special state MEGA"
"ledyba",165,"NORMAL","NORMAL",166,"NORMAL","NORMAL","STANDARD","Standard evolution from species tree"
"ledyba",165,"NORMAL","V",165,"NORMAL","VMAX","SPECIAL_CHAIN","House rule: V can continue into same-species state VMAX"
"ledyba",165,"NORMAL","V",165,"NORMAL","VSTAR","SPECIAL_CHAIN","House rule: V can continue into same-species state VSTAR"
"ledyba",166,"NORMAL","NORMAL",166,"NORMAL","EX","SPECIAL_BRANCH","House rule: NORMAL can branch into same-species special state EX"
"ledyba",166,"NORMAL","NORMAL",166,"NORMAL","GX","SPECIAL_BRANCH","House rule: NORMAL can branch into same-species special state GX"
"ledyba",166,"NORMAL","NORMAL",166,"NORMAL","V","SPECIAL_BRANCH","House rule: NORMAL can branch into same-species special state V"
"ledyba",166,"NORMAL","NORMAL",166,"NORMAL","MEGA","SPECIAL_BRANCH","House rule: NORMAL can branch into same-species special state MEGA"
"ledyba",166,"NORMAL","V",166,"NORMAL","VMAX","SPECIAL_CHAIN","House rule: V can continue into same-species state VMAX"
"ledyba",166,"NORMAL","V",166,"NORMAL","VSTAR","SPECIAL_CHAIN","House rule: V can continue into same-species state VSTAR"
"lickitung",108,"NORMAL","NORMAL",108,"NORMAL","EX","SPECIAL_BRANCH","House rule: NORMAL can branch into same-species special state EX"
"lickitung",108,"NORMAL","NORMAL",108,"NORMAL","GX","SPECIAL_BRANCH","House rule: NORMAL can branch into same-species special state GX"
"lickitung",108,"NORMAL","NORMAL",108,"NORMAL","V","SPECIAL_BRANCH","House rule: NORMAL can branch into same-species special state V"
"lickitung",108,"NORMAL","NORMAL",108,"NORMAL","MEGA","SPECIAL_BRANCH","House rule: NORMAL can branch into same-species special state MEGA"
"lickitung",108,"NORMAL","NORMAL",463,"NORMAL","NORMAL","STANDARD","Standard evolution from species tree"
"lickitung",108,"NORMAL","V",108,"NORMAL","VMAX","SPECIAL_CHAIN","House rule: V can continue into same-species state VMAX"
"lickitung",108,"NORMAL","V",108,"NORMAL","VSTAR","SPECIAL_CHAIN","House rule: V can continue into same-species state VSTAR"
"lickitung",463,"NORMAL","NORMAL",463,"NORMAL","EX","SPECIAL_BRANCH","House rule: NORMAL can branch into same-species special state EX"
"lickitung",463,"NORMAL","NORMAL",463,"NORMAL","GX","SPECIAL_BRANCH","House rule: NORMAL can branch into same-species special state GX"
"lickitung",463,"NORMAL","NORMAL",463,"NORMAL","V","SPECIAL_BRANCH","House rule: NORMAL can branch into same-species special state V"
"lickitung",463,"NORMAL","NORMAL",463,"NORMAL","MEGA","SPECIAL_BRANCH","House rule: NORMAL can branch into same-species special state MEGA"
"lickitung",463,"NORMAL","V",463,"NORMAL","VMAX","SPECIAL_CHAIN","House rule: V can continue into same-species state VMAX"
"lickitung",463,"NORMAL","V",463,"NORMAL","VSTAR","SPECIAL_CHAIN","House rule: V can continue into same-species state VSTAR"
"lileep",345,"NORMAL","NORMAL",345,"NORMAL","EX","SPECIAL_BRANCH","House rule: NORMAL can branch into same-species special state EX"
"lileep",345,"NORMAL","NORMAL",345,"NORMAL","GX","SPECIAL_BRANCH","House rule: NORMAL can branch into same-species special state GX"
"lileep",345,"NORMAL","NORMAL",345,"NORMAL","V","SPECIAL_BRANCH","House rule: NORMAL can branch into same-species special state V"
"lileep",345,"NORMAL","NORMAL",345,"NORMAL","MEGA","SPECIAL_BRANCH","House rule: NORMAL can branch into same-species special state MEGA"
"lileep",345,"NORMAL","NORMAL",346,"NORMAL","NORMAL","STANDARD","Standard evolution from species tree"
"lileep",345,"NORMAL","V",345,"NORMAL","VMAX","SPECIAL_CHAIN","House rule: V can continue into same-species state VMAX"
"lileep",345,"NORMAL","V",345,"NORMAL","VSTAR","SPECIAL_CHAIN","House rule: V can continue into same-species state VSTAR"
"lileep",346,"NORMAL","NORMAL",346,"NORMAL","EX","SPECIAL_BRANCH","House rule: NORMAL can branch into same-species special state EX"
"lileep",346,"NORMAL","NORMAL",346,"NORMAL","GX","SPECIAL_BRANCH","House rule: NORMAL can branch into same-species special state GX"
"lileep",346,"NORMAL","NORMAL",346,"NORMAL","V","SPECIAL_BRANCH","House rule: NORMAL can branch into same-species special state V"
"lileep",346,"NORMAL","NORMAL",346,"NORMAL","MEGA","SPECIAL_BRANCH","House rule: NORMAL can branch into same-species special state MEGA"
"lileep",346,"NORMAL","V",346,"NORMAL","VMAX","SPECIAL_CHAIN","House rule: V can continue into same-species state VMAX"
"lileep",346,"NORMAL","V",346,"NORMAL","VSTAR","SPECIAL_CHAIN","House rule: V can continue into same-species state VSTAR"
"lillipup",506,"NORMAL","NORMAL",506,"NORMAL","EX","SPECIAL_BRANCH","House rule: NORMAL can branch into same-species special state EX"
"lillipup",506,"NORMAL","NORMAL",506,"NORMAL","GX","SPECIAL_BRANCH","House rule: NORMAL can branch into same-species special state GX"
"lillipup",506,"NORMAL","NORMAL",506,"NORMAL","V","SPECIAL_BRANCH","House rule: NORMAL can branch into same-species special state V"
"lillipup",506,"NORMAL","NORMAL",506,"NORMAL","MEGA","SPECIAL_BRANCH","House rule: NORMAL can branch into same-species special state MEGA"
"lillipup",506,"NORMAL","NORMAL",507,"NORMAL","NORMAL","STANDARD","Standard evolution from species tree"
"lillipup",506,"NORMAL","V",506,"NORMAL","VMAX","SPECIAL_CHAIN","House rule: V can continue into same-species state VMAX"
"lillipup",506,"NORMAL","V",506,"NORMAL","VSTAR","SPECIAL_CHAIN","House rule: V can continue into same-species state VSTAR"
"lillipup",507,"NORMAL","NORMAL",507,"NORMAL","EX","SPECIAL_BRANCH","House rule: NORMAL can branch into same-species special state EX"
"lillipup",507,"NORMAL","NORMAL",507,"NORMAL","GX","SPECIAL_BRANCH","House rule: NORMAL can branch into same-species special state GX"
"lillipup",507,"NORMAL","NORMAL",507,"NORMAL","V","SPECIAL_BRANCH","House rule: NORMAL can branch into same-species special state V"
"lillipup",507,"NORMAL","NORMAL",507,"NORMAL","MEGA","SPECIAL_BRANCH","House rule: NORMAL can branch into same-species special state MEGA"
"lillipup",507,"NORMAL","NORMAL",508,"NORMAL","NORMAL","STANDARD","Standard evolution from species tree"
"lillipup",507,"NORMAL","V",507,"NORMAL","VMAX","SPECIAL_CHAIN","House rule: V can continue into same-species state VMAX"
"lillipup",507,"NORMAL","V",507,"NORMAL","VSTAR","SPECIAL_CHAIN","House rule: V can continue into same-species state VSTAR"
"lillipup",508,"NORMAL","NORMAL",508,"NORMAL","EX","SPECIAL_BRANCH","House rule: NORMAL can branch into same-species special state EX"
"lillipup",508,"NORMAL","NORMAL",508,"NORMAL","GX","SPECIAL_BRANCH","House rule: NORMAL can branch into same-species special state GX"
"lillipup",508,"NORMAL","NORMAL",508,"NORMAL","V","SPECIAL_BRANCH","House rule: NORMAL can branch into same-species special state V"
"lillipup",508,"NORMAL","NORMAL",508,"NORMAL","MEGA","SPECIAL_BRANCH","House rule: NORMAL can branch into same-species special state MEGA"
"lillipup",508,"NORMAL","V",508,"NORMAL","VMAX","SPECIAL_CHAIN","House rule: V can continue into same-species state VMAX"
"lillipup",508,"NORMAL","V",508,"NORMAL","VSTAR","SPECIAL_CHAIN","House rule: V can continue into same-species state VSTAR"
"litleo",667,"NORMAL","NORMAL",667,"NORMAL","EX","SPECIAL_BRANCH","House rule: NORMAL can branch into same-species special state EX"
"litleo",667,"NORMAL","NORMAL",667,"NORMAL","GX","SPECIAL_BRANCH","House rule: NORMAL can branch into same-species special state GX"
"litleo",667,"NORMAL","NORMAL",667,"NORMAL","V","SPECIAL_BRANCH","House rule: NORMAL can branch into same-species special state V"
"litleo",667,"NORMAL","NORMAL",667,"NORMAL","MEGA","SPECIAL_BRANCH","House rule: NORMAL can branch into same-species special state MEGA"
"litleo",667,"NORMAL","NORMAL",668,"NORMAL","NORMAL","STANDARD","Standard evolution from species tree"
"litleo",667,"NORMAL","V",667,"NORMAL","VMAX","SPECIAL_CHAIN","House rule: V can continue into same-species state VMAX"
"litleo",667,"NORMAL","V",667,"NORMAL","VSTAR","SPECIAL_CHAIN","House rule: V can continue into same-species state VSTAR"
"litleo",668,"NORMAL","NORMAL",668,"NORMAL","EX","SPECIAL_BRANCH","House rule: NORMAL can branch into same-species special state EX"
"litleo",668,"NORMAL","NORMAL",668,"NORMAL","GX","SPECIAL_BRANCH","House rule: NORMAL can branch into same-species special state GX"
"litleo",668,"NORMAL","NORMAL",668,"NORMAL","V","SPECIAL_BRANCH","House rule: NORMAL can branch into same-species special state V"
"litleo",668,"NORMAL","NORMAL",668,"NORMAL","MEGA","SPECIAL_BRANCH","House rule: NORMAL can branch into same-species special state MEGA"
"litleo",668,"NORMAL","V",668,"NORMAL","VMAX","SPECIAL_CHAIN","House rule: V can continue into same-species state VMAX"
"litleo",668,"NORMAL","V",668,"NORMAL","VSTAR","SPECIAL_CHAIN","House rule: V can continue into same-species state VSTAR"
"litten",725,"NORMAL","NORMAL",725,"NORMAL","EX","SPECIAL_BRANCH","House rule: NORMAL can branch into same-species special state EX"
"litten",725,"NORMAL","NORMAL",725,"NORMAL","GX","SPECIAL_BRANCH","House rule: NORMAL can branch into same-species special state GX"
"litten",725,"NORMAL","NORMAL",725,"NORMAL","V","SPECIAL_BRANCH","House rule: NORMAL can branch into same-species special state V"
"litten",725,"NORMAL","NORMAL",725,"NORMAL","MEGA","SPECIAL_BRANCH","House rule: NORMAL can branch into same-species special state MEGA"
"litten",725,"NORMAL","NORMAL",726,"NORMAL","NORMAL","STANDARD","Standard evolution from species tree"
"litten",725,"NORMAL","V",725,"NORMAL","VMAX","SPECIAL_CHAIN","House rule: V can continue into same-species state VMAX"
"litten",725,"NORMAL","V",725,"NORMAL","VSTAR","SPECIAL_CHAIN","House rule: V can continue into same-species state VSTAR"
"litten",726,"NORMAL","NORMAL",726,"NORMAL","EX","SPECIAL_BRANCH","House rule: NORMAL can branch into same-species special state EX"
"litten",726,"NORMAL","NORMAL",726,"NORMAL","GX","SPECIAL_BRANCH","House rule: NORMAL can branch into same-species special state GX"
"litten",726,"NORMAL","NORMAL",726,"NORMAL","V","SPECIAL_BRANCH","House rule: NORMAL can branch into same-species special state V"
"litten",726,"NORMAL","NORMAL",726,"NORMAL","MEGA","SPECIAL_BRANCH","House rule: NORMAL can branch into same-species special state MEGA"
"litten",726,"NORMAL","NORMAL",727,"NORMAL","NORMAL","STANDARD","Standard evolution from species tree"
"litten",726,"NORMAL","V",726,"NORMAL","VMAX","SPECIAL_CHAIN","House rule: V can continue into same-species state VMAX"
"litten",726,"NORMAL","V",726,"NORMAL","VSTAR","SPECIAL_CHAIN","House rule: V can continue into same-species state VSTAR"
"litten",727,"NORMAL","NORMAL",727,"NORMAL","EX","SPECIAL_BRANCH","House rule: NORMAL can branch into same-species special state EX"
"litten",727,"NORMAL","NORMAL",727,"NORMAL","GX","SPECIAL_BRANCH","House rule: NORMAL can branch into same-species special state GX"
"litten",727,"NORMAL","NORMAL",727,"NORMAL","V","SPECIAL_BRANCH","House rule: NORMAL can branch into same-species special state V"
"litten",727,"NORMAL","NORMAL",727,"NORMAL","MEGA","SPECIAL_BRANCH","House rule: NORMAL can branch into same-species special state MEGA"
"litten",727,"NORMAL","V",727,"NORMAL","VMAX","SPECIAL_CHAIN","House rule: V can continue into same-species state VMAX"
"litten",727,"NORMAL","V",727,"NORMAL","VSTAR","SPECIAL_CHAIN","House rule: V can continue into same-species state VSTAR"
"litwick",607,"NORMAL","NORMAL",607,"NORMAL","EX","SPECIAL_BRANCH","House rule: NORMAL can branch into same-species special state EX"
"litwick",607,"NORMAL","NORMAL",607,"NORMAL","GX","SPECIAL_BRANCH","House rule: NORMAL can branch into same-species special state GX"
"litwick",607,"NORMAL","NORMAL",607,"NORMAL","V","SPECIAL_BRANCH","House rule: NORMAL can branch into same-species special state V"
"litwick",607,"NORMAL","NORMAL",607,"NORMAL","MEGA","SPECIAL_BRANCH","House rule: NORMAL can branch into same-species special state MEGA"
"litwick",607,"NORMAL","NORMAL",608,"NORMAL","NORMAL","STANDARD","Standard evolution from species tree"
"litwick",607,"NORMAL","V",607,"NORMAL","VMAX","SPECIAL_CHAIN","House rule: V can continue into same-species state VMAX"
"litwick",607,"NORMAL","V",607,"NORMAL","VSTAR","SPECIAL_CHAIN","House rule: V can continue into same-species state VSTAR"
"litwick",608,"NORMAL","NORMAL",608,"NORMAL","EX","SPECIAL_BRANCH","House rule: NORMAL can branch into same-species special state EX"
"litwick",608,"NORMAL","NORMAL",608,"NORMAL","GX","SPECIAL_BRANCH","House rule: NORMAL can branch into same-species special state GX"
"litwick",608,"NORMAL","NORMAL",608,"NORMAL","V","SPECIAL_BRANCH","House rule: NORMAL can branch into same-species special state V"
"litwick",608,"NORMAL","NORMAL",608,"NORMAL","MEGA","SPECIAL_BRANCH","House rule: NORMAL can branch into same-species special state MEGA"
"litwick",608,"NORMAL","NORMAL",609,"NORMAL","NORMAL","STANDARD","Standard evolution from species tree"
"litwick",608,"NORMAL","V",608,"NORMAL","VMAX","SPECIAL_CHAIN","House rule: V can continue into same-species state VMAX"
"litwick",608,"NORMAL","V",608,"NORMAL","VSTAR","SPECIAL_CHAIN","House rule: V can continue into same-species state VSTAR"
"litwick",609,"NORMAL","NORMAL",609,"NORMAL","EX","SPECIAL_BRANCH","House rule: NORMAL can branch into same-species special state EX"
"litwick",609,"NORMAL","NORMAL",609,"NORMAL","GX","SPECIAL_BRANCH","House rule: NORMAL can branch into same-species special state GX"
"litwick",609,"NORMAL","NORMAL",609,"NORMAL","V","SPECIAL_BRANCH","House rule: NORMAL can branch into same-species special state V"
"litwick",609,"NORMAL","NORMAL",609,"NORMAL","MEGA","SPECIAL_BRANCH","House rule: NORMAL can branch into same-species special state MEGA"
"litwick",609,"NORMAL","V",609,"NORMAL","VMAX","SPECIAL_CHAIN","House rule: V can continue into same-species state VMAX"
"litwick",609,"NORMAL","V",609,"NORMAL","VSTAR","SPECIAL_CHAIN","House rule: V can continue into same-species state VSTAR"
"lotad",270,"NORMAL","NORMAL",270,"NORMAL","EX","SPECIAL_BRANCH","House rule: NORMAL can branch into same-species special state EX"
"lotad",270,"NORMAL","NORMAL",270,"NORMAL","GX","SPECIAL_BRANCH","House rule: NORMAL can branch into same-species special state GX"
"lotad",270,"NORMAL","NORMAL",270,"NORMAL","V","SPECIAL_BRANCH","House rule: NORMAL can branch into same-species special state V"
"lotad",270,"NORMAL","NORMAL",270,"NORMAL","MEGA","SPECIAL_BRANCH","House rule: NORMAL can branch into same-species special state MEGA"
"lotad",270,"NORMAL","NORMAL",271,"NORMAL","NORMAL","STANDARD","Standard evolution from species tree"
"lotad",270,"NORMAL","V",270,"NORMAL","VMAX","SPECIAL_CHAIN","House rule: V can continue into same-species state VMAX"
"lotad",270,"NORMAL","V",270,"NORMAL","VSTAR","SPECIAL_CHAIN","House rule: V can continue into same-species state VSTAR"
"lotad",271,"NORMAL","NORMAL",271,"NORMAL","EX","SPECIAL_BRANCH","House rule: NORMAL can branch into same-species special state EX"
"lotad",271,"NORMAL","NORMAL",271,"NORMAL","GX","SPECIAL_BRANCH","House rule: NORMAL can branch into same-species special state GX"
"lotad",271,"NORMAL","NORMAL",271,"NORMAL","V","SPECIAL_BRANCH","House rule: NORMAL can branch into same-species special state V"
"lotad",271,"NORMAL","NORMAL",271,"NORMAL","MEGA","SPECIAL_BRANCH","House rule: NORMAL can branch into same-species special state MEGA"
"lotad",271,"NORMAL","NORMAL",272,"NORMAL","NORMAL","STANDARD","Standard evolution from species tree"
"lotad",271,"NORMAL","V",271,"NORMAL","VMAX","SPECIAL_CHAIN","House rule: V can continue into same-species state VMAX"
"lotad",271,"NORMAL","V",271,"NORMAL","VSTAR","SPECIAL_CHAIN","House rule: V can continue into same-species state VSTAR"
"lotad",272,"NORMAL","NORMAL",272,"NORMAL","EX","SPECIAL_BRANCH","House rule: NORMAL can branch into same-species special state EX"
"lotad",272,"NORMAL","NORMAL",272,"NORMAL","GX","SPECIAL_BRANCH","House rule: NORMAL can branch into same-species special state GX"
"lotad",272,"NORMAL","NORMAL",272,"NORMAL","V","SPECIAL_BRANCH","House rule: NORMAL can branch into same-species special state V"
"lotad",272,"NORMAL","NORMAL",272,"NORMAL","MEGA","SPECIAL_BRANCH","House rule: NORMAL can branch into same-species special state MEGA"
"lotad",272,"NORMAL","V",272,"NORMAL","VMAX","SPECIAL_CHAIN","House rule: V can continue into same-species state VMAX"
"lotad",272,"NORMAL","V",272,"NORMAL","VSTAR","SPECIAL_CHAIN","House rule: V can continue into same-species state VSTAR"
"lugia",249,"NORMAL","NORMAL",249,"NORMAL","EX","SPECIAL_BRANCH","House rule: NORMAL can branch into same-species special state EX"
"lugia",249,"NORMAL","NORMAL",249,"NORMAL","GX","SPECIAL_BRANCH","House rule: NORMAL can branch into same-species special state GX"
"lugia",249,"NORMAL","NORMAL",249,"NORMAL","V","SPECIAL_BRANCH","House rule: NORMAL can branch into same-species special state V"
"lugia",249,"NORMAL","NORMAL",249,"NORMAL","MEGA","SPECIAL_BRANCH","House rule: NORMAL can branch into same-species special state MEGA"
"lugia",249,"NORMAL","V",249,"NORMAL","VMAX","SPECIAL_CHAIN","House rule: V can continue into same-species state VMAX"
"lugia",249,"NORMAL","V",249,"NORMAL","VSTAR","SPECIAL_CHAIN","House rule: V can continue into same-species state VSTAR"
"lunatone",337,"NORMAL","NORMAL",337,"NORMAL","EX","SPECIAL_BRANCH","House rule: NORMAL can branch into same-species special state EX"
"lunatone",337,"NORMAL","NORMAL",337,"NORMAL","GX","SPECIAL_BRANCH","House rule: NORMAL can branch into same-species special state GX"
"lunatone",337,"NORMAL","NORMAL",337,"NORMAL","V","SPECIAL_BRANCH","House rule: NORMAL can branch into same-species special state V"
"lunatone",337,"NORMAL","NORMAL",337,"NORMAL","MEGA","SPECIAL_BRANCH","House rule: NORMAL can branch into same-species special state MEGA"
"lunatone",337,"NORMAL","V",337,"NORMAL","VMAX","SPECIAL_CHAIN","House rule: V can continue into same-species state VMAX"
"lunatone",337,"NORMAL","V",337,"NORMAL","VSTAR","SPECIAL_CHAIN","House rule: V can continue into same-species state VSTAR"
"luvdisc",370,"NORMAL","NORMAL",370,"NORMAL","EX","SPECIAL_BRANCH","House rule: NORMAL can branch into same-species special state EX"
"luvdisc",370,"NORMAL","NORMAL",370,"NORMAL","GX","SPECIAL_BRANCH","House rule: NORMAL can branch into same-species special state GX"
"luvdisc",370,"NORMAL","NORMAL",370,"NORMAL","V","SPECIAL_BRANCH","House rule: NORMAL can branch into same-species special state V"
"luvdisc",370,"NORMAL","NORMAL",370,"NORMAL","MEGA","SPECIAL_BRANCH","House rule: NORMAL can branch into same-species special state MEGA"
"luvdisc",370,"NORMAL","V",370,"NORMAL","VMAX","SPECIAL_CHAIN","House rule: V can continue into same-species state VMAX"
"luvdisc",370,"NORMAL","V",370,"NORMAL","VSTAR","SPECIAL_CHAIN","House rule: V can continue into same-species state VSTAR"
"machop",66,"NORMAL","NORMAL",66,"NORMAL","EX","SPECIAL_BRANCH","House rule: NORMAL can branch into same-species special state EX"
"machop",66,"NORMAL","NORMAL",66,"NORMAL","GX","SPECIAL_BRANCH","House rule: NORMAL can branch into same-species special state GX"
"machop",66,"NORMAL","NORMAL",66,"NORMAL","V","SPECIAL_BRANCH","House rule: NORMAL can branch into same-species special state V"
"machop",66,"NORMAL","NORMAL",66,"NORMAL","MEGA","SPECIAL_BRANCH","House rule: NORMAL can branch into same-species special state MEGA"
"machop",66,"NORMAL","NORMAL",67,"NORMAL","NORMAL","STANDARD","Standard evolution from species tree"
"machop",66,"NORMAL","V",66,"NORMAL","VMAX","SPECIAL_CHAIN","House rule: V can continue into same-species state VMAX"
"machop",66,"NORMAL","V",66,"NORMAL","VSTAR","SPECIAL_CHAIN","House rule: V can continue into same-species state VSTAR"
"machop",67,"NORMAL","NORMAL",67,"NORMAL","EX","SPECIAL_BRANCH","House rule: NORMAL can branch into same-species special state EX"
"machop",67,"NORMAL","NORMAL",67,"NORMAL","GX","SPECIAL_BRANCH","House rule: NORMAL can branch into same-species special state GX"
"machop",67,"NORMAL","NORMAL",67,"NORMAL","V","SPECIAL_BRANCH","House rule: NORMAL can branch into same-species special state V"
"machop",67,"NORMAL","NORMAL",67,"NORMAL","MEGA","SPECIAL_BRANCH","House rule: NORMAL can branch into same-species special state MEGA"
"machop",67,"NORMAL","NORMAL",68,"NORMAL","NORMAL","STANDARD","Standard evolution from species tree"
"machop",67,"NORMAL","V",67,"NORMAL","VMAX","SPECIAL_CHAIN","House rule: V can continue into same-species state VMAX"
"machop",67,"NORMAL","V",67,"NORMAL","VSTAR","SPECIAL_CHAIN","House rule: V can continue into same-species state VSTAR"
"machop",68,"NORMAL","NORMAL",68,"NORMAL","EX","SPECIAL_BRANCH","House rule: NORMAL can branch into same-species special state EX"
"machop",68,"NORMAL","NORMAL",68,"NORMAL","GX","SPECIAL_BRANCH","House rule: NORMAL can branch into same-species special state GX"
"machop",68,"NORMAL","NORMAL",68,"NORMAL","V","SPECIAL_BRANCH","House rule: NORMAL can branch into same-species special state V"
"machop",68,"NORMAL","NORMAL",68,"NORMAL","MEGA","SPECIAL_BRANCH","House rule: NORMAL can branch into same-species special state MEGA"
"machop",68,"NORMAL","V",68,"NORMAL","VMAX","SPECIAL_CHAIN","House rule: V can continue into same-species state VMAX"
"machop",68,"NORMAL","V",68,"NORMAL","VSTAR","SPECIAL_CHAIN","House rule: V can continue into same-species state VSTAR"
"magby",126,"NORMAL","NORMAL",126,"NORMAL","EX","SPECIAL_BRANCH","House rule: NORMAL can branch into same-species special state EX"
"magby",126,"NORMAL","NORMAL",126,"NORMAL","GX","SPECIAL_BRANCH","House rule: NORMAL can branch into same-species special state GX"
"magby",126,"NORMAL","NORMAL",126,"NORMAL","V","SPECIAL_BRANCH","House rule: NORMAL can branch into same-species special state V"
"magby",126,"NORMAL","NORMAL",126,"NORMAL","MEGA","SPECIAL_BRANCH","House rule: NORMAL can branch into same-species special state MEGA"
"magby",126,"NORMAL","NORMAL",467,"NORMAL","NORMAL","STANDARD","Standard evolution from species tree"
"magby",126,"NORMAL","V",126,"NORMAL","VMAX","SPECIAL_CHAIN","House rule: V can continue into same-species state VMAX"
"magby",126,"NORMAL","V",126,"NORMAL","VSTAR","SPECIAL_CHAIN","House rule: V can continue into same-species state VSTAR"
"magby",240,"NORMAL","NORMAL",126,"NORMAL","NORMAL","STANDARD","Standard evolution from species tree"
"magby",467,"NORMAL","NORMAL",467,"NORMAL","EX","SPECIAL_BRANCH","House rule: NORMAL can branch into same-species special state EX"
"magby",467,"NORMAL","NORMAL",467,"NORMAL","GX","SPECIAL_BRANCH","House rule: NORMAL can branch into same-species special state GX"
"magby",467,"NORMAL","NORMAL",467,"NORMAL","V","SPECIAL_BRANCH","House rule: NORMAL can branch into same-species special state V"
"magby",467,"NORMAL","NORMAL",467,"NORMAL","MEGA","SPECIAL_BRANCH","House rule: NORMAL can branch into same-species special state MEGA"
"magby",467,"NORMAL","V",467,"NORMAL","VMAX","SPECIAL_CHAIN","House rule: V can continue into same-species state VMAX"
"magby",467,"NORMAL","V",467,"NORMAL","VSTAR","SPECIAL_CHAIN","House rule: V can continue into same-species state VSTAR"
"magearna",801,"NORMAL","NORMAL",801,"NORMAL","EX","SPECIAL_BRANCH","House rule: NORMAL can branch into same-species special state EX"
"magearna",801,"NORMAL","NORMAL",801,"NORMAL","GX","SPECIAL_BRANCH","House rule: NORMAL can branch into same-species special state GX"
"magearna",801,"NORMAL","NORMAL",801,"NORMAL","V","SPECIAL_BRANCH","House rule: NORMAL can branch into same-species special state V"
"magearna",801,"NORMAL","NORMAL",801,"NORMAL","MEGA","SPECIAL_BRANCH","House rule: NORMAL can branch into same-species special state MEGA"
"magearna",801,"NORMAL","V",801,"NORMAL","VMAX","SPECIAL_CHAIN","House rule: V can continue into same-species state VMAX"
"magearna",801,"NORMAL","V",801,"NORMAL","VSTAR","SPECIAL_CHAIN","House rule: V can continue into same-species state VSTAR"
"magikarp",129,"NORMAL","NORMAL",129,"NORMAL","EX","SPECIAL_BRANCH","House rule: NORMAL can branch into same-species special state EX"
"magikarp",129,"NORMAL","NORMAL",129,"NORMAL","GX","SPECIAL_BRANCH","House rule: NORMAL can branch into same-species special state GX"
"magikarp",129,"NORMAL","NORMAL",129,"NORMAL","V","SPECIAL_BRANCH","House rule: NORMAL can branch into same-species special state V"
"magikarp",129,"NORMAL","NORMAL",129,"NORMAL","MEGA","SPECIAL_BRANCH","House rule: NORMAL can branch into same-species special state MEGA"
"magikarp",129,"NORMAL","NORMAL",130,"NORMAL","NORMAL","STANDARD","Standard evolution from species tree"
"magikarp",129,"NORMAL","V",129,"NORMAL","VMAX","SPECIAL_CHAIN","House rule: V can continue into same-species state VMAX"
"magikarp",129,"NORMAL","V",129,"NORMAL","VSTAR","SPECIAL_CHAIN","House rule: V can continue into same-species state VSTAR"
"magikarp",130,"NORMAL","NORMAL",130,"NORMAL","EX","SPECIAL_BRANCH","House rule: NORMAL can branch into same-species special state EX"
"magikarp",130,"NORMAL","NORMAL",130,"NORMAL","GX","SPECIAL_BRANCH","House rule: NORMAL can branch into same-species special state GX"
"magikarp",130,"NORMAL","NORMAL",130,"NORMAL","V","SPECIAL_BRANCH","House rule: NORMAL can branch into same-species special state V"
"magikarp",130,"NORMAL","NORMAL",130,"NORMAL","MEGA","SPECIAL_BRANCH","House rule: NORMAL can branch into same-species special state MEGA"
"magikarp",130,"NORMAL","V",130,"NORMAL","VMAX","SPECIAL_CHAIN","House rule: V can continue into same-species state VMAX"
"magikarp",130,"NORMAL","V",130,"NORMAL","VSTAR","SPECIAL_CHAIN","House rule: V can continue into same-species state VSTAR"
"magnemite",81,"NORMAL","NORMAL",81,"NORMAL","EX","SPECIAL_BRANCH","House rule: NORMAL can branch into same-species special state EX"
"magnemite",81,"NORMAL","NORMAL",81,"NORMAL","GX","SPECIAL_BRANCH","House rule: NORMAL can branch into same-species special state GX"
"magnemite",81,"NORMAL","NORMAL",81,"NORMAL","V","SPECIAL_BRANCH","House rule: NORMAL can branch into same-species special state V"
"magnemite",81,"NORMAL","NORMAL",81,"NORMAL","MEGA","SPECIAL_BRANCH","House rule: NORMAL can branch into same-species special state MEGA"
"magnemite",81,"NORMAL","NORMAL",82,"NORMAL","NORMAL","STANDARD","Standard evolution from species tree"
"magnemite",81,"NORMAL","V",81,"NORMAL","VMAX","SPECIAL_CHAIN","House rule: V can continue into same-species state VMAX"
"magnemite",81,"NORMAL","V",81,"NORMAL","VSTAR","SPECIAL_CHAIN","House rule: V can continue into same-species state VSTAR"
"magnemite",82,"NORMAL","NORMAL",82,"NORMAL","EX","SPECIAL_BRANCH","House rule: NORMAL can branch into same-species special state EX"
"magnemite",82,"NORMAL","NORMAL",82,"NORMAL","GX","SPECIAL_BRANCH","House rule: NORMAL can branch into same-species special state GX"
"magnemite",82,"NORMAL","NORMAL",82,"NORMAL","V","SPECIAL_BRANCH","House rule: NORMAL can branch into same-species special state V"
"magnemite",82,"NORMAL","NORMAL",82,"NORMAL","MEGA","SPECIAL_BRANCH","House rule: NORMAL can branch into same-species special state MEGA"
"magnemite",82,"NORMAL","NORMAL",462,"NORMAL","NORMAL","STANDARD","Standard evolution from species tree"
"magnemite",82,"NORMAL","V",82,"NORMAL","VMAX","SPECIAL_CHAIN","House rule: V can continue into same-species state VMAX"
"magnemite",82,"NORMAL","V",82,"NORMAL","VSTAR","SPECIAL_CHAIN","House rule: V can continue into same-species state VSTAR"
"magnemite",462,"NORMAL","NORMAL",462,"NORMAL","EX","SPECIAL_BRANCH","House rule: NORMAL can branch into same-species special state EX"
"magnemite",462,"NORMAL","NORMAL",462,"NORMAL","GX","SPECIAL_BRANCH","House rule: NORMAL can branch into same-species special state GX"
"magnemite",462,"NORMAL","NORMAL",462,"NORMAL","V","SPECIAL_BRANCH","House rule: NORMAL can branch into same-species special state V"
"magnemite",462,"NORMAL","NORMAL",462,"NORMAL","MEGA","SPECIAL_BRANCH","House rule: NORMAL can branch into same-species special state MEGA"
"magnemite",462,"NORMAL","V",462,"NORMAL","VMAX","SPECIAL_CHAIN","House rule: V can continue into same-species state VMAX"
"magnemite",462,"NORMAL","V",462,"NORMAL","VSTAR","SPECIAL_CHAIN","House rule: V can continue into same-species state VSTAR"
"makuhita",296,"NORMAL","NORMAL",296,"NORMAL","EX","SPECIAL_BRANCH","House rule: NORMAL can branch into same-species special state EX"
"makuhita",296,"NORMAL","NORMAL",296,"NORMAL","GX","SPECIAL_BRANCH","House rule: NORMAL can branch into same-species special state GX"
"makuhita",296,"NORMAL","NORMAL",296,"NORMAL","V","SPECIAL_BRANCH","House rule: NORMAL can branch into same-species special state V"
"makuhita",296,"NORMAL","NORMAL",296,"NORMAL","MEGA","SPECIAL_BRANCH","House rule: NORMAL can branch into same-species special state MEGA"
"makuhita",296,"NORMAL","NORMAL",297,"NORMAL","NORMAL","STANDARD","Standard evolution from species tree"
"makuhita",296,"NORMAL","V",296,"NORMAL","VMAX","SPECIAL_CHAIN","House rule: V can continue into same-species state VMAX"
"makuhita",296,"NORMAL","V",296,"NORMAL","VSTAR","SPECIAL_CHAIN","House rule: V can continue into same-species state VSTAR"
"makuhita",297,"NORMAL","NORMAL",297,"NORMAL","EX","SPECIAL_BRANCH","House rule: NORMAL can branch into same-species special state EX"
"makuhita",297,"NORMAL","NORMAL",297,"NORMAL","GX","SPECIAL_BRANCH","House rule: NORMAL can branch into same-species special state GX"
"makuhita",297,"NORMAL","NORMAL",297,"NORMAL","V","SPECIAL_BRANCH","House rule: NORMAL can branch into same-species special state V"
"makuhita",297,"NORMAL","NORMAL",297,"NORMAL","MEGA","SPECIAL_BRANCH","House rule: NORMAL can branch into same-species special state MEGA"
"makuhita",297,"NORMAL","V",297,"NORMAL","VMAX","SPECIAL_CHAIN","House rule: V can continue into same-species state VMAX"
"makuhita",297,"NORMAL","V",297,"NORMAL","VSTAR","SPECIAL_CHAIN","House rule: V can continue into same-species state VSTAR"
"mankey",56,"NORMAL","NORMAL",56,"NORMAL","EX","SPECIAL_BRANCH","House rule: NORMAL can branch into same-species special state EX"
"mankey",56,"NORMAL","NORMAL",56,"NORMAL","GX","SPECIAL_BRANCH","House rule: NORMAL can branch into same-species special state GX"
"mankey",56,"NORMAL","NORMAL",56,"NORMAL","V","SPECIAL_BRANCH","House rule: NORMAL can branch into same-species special state V"
"mankey",56,"NORMAL","NORMAL",56,"NORMAL","MEGA","SPECIAL_BRANCH","House rule: NORMAL can branch into same-species special state MEGA"
"mankey",56,"NORMAL","NORMAL",57,"NORMAL","NORMAL","STANDARD","Standard evolution from species tree"
"mankey",56,"NORMAL","V",56,"NORMAL","VMAX","SPECIAL_CHAIN","House rule: V can continue into same-species state VMAX"
"mankey",56,"NORMAL","V",56,"NORMAL","VSTAR","SPECIAL_CHAIN","House rule: V can continue into same-species state VSTAR"
"mankey",57,"NORMAL","NORMAL",57,"NORMAL","EX","SPECIAL_BRANCH","House rule: NORMAL can branch into same-species special state EX"
"mankey",57,"NORMAL","NORMAL",57,"NORMAL","GX","SPECIAL_BRANCH","House rule: NORMAL can branch into same-species special state GX"
"mankey",57,"NORMAL","NORMAL",57,"NORMAL","V","SPECIAL_BRANCH","House rule: NORMAL can branch into same-species special state V"
"mankey",57,"NORMAL","NORMAL",57,"NORMAL","MEGA","SPECIAL_BRANCH","House rule: NORMAL can branch into same-species special state MEGA"
"mankey",57,"NORMAL","NORMAL",979,"NORMAL","NORMAL","STANDARD","Standard evolution from species tree"
"mankey",57,"NORMAL","V",57,"NORMAL","VMAX","SPECIAL_CHAIN","House rule: V can continue into same-species state VMAX"
"mankey",57,"NORMAL","V",57,"NORMAL","VSTAR","SPECIAL_CHAIN","House rule: V can continue into same-species state VSTAR"
"mankey",979,"NORMAL","NORMAL",979,"NORMAL","EX","SPECIAL_BRANCH","House rule: NORMAL can branch into same-species special state EX"
"mankey",979,"NORMAL","NORMAL",979,"NORMAL","GX","SPECIAL_BRANCH","House rule: NORMAL can branch into same-species special state GX"
"mankey",979,"NORMAL","NORMAL",979,"NORMAL","V","SPECIAL_BRANCH","House rule: NORMAL can branch into same-species special state V"
"mankey",979,"NORMAL","NORMAL",979,"NORMAL","MEGA","SPECIAL_BRANCH","House rule: NORMAL can branch into same-species special state MEGA"
"mankey",979,"NORMAL","V",979,"NORMAL","VMAX","SPECIAL_CHAIN","House rule: V can continue into same-species state VMAX"
"mankey",979,"NORMAL","V",979,"NORMAL","VSTAR","SPECIAL_CHAIN","House rule: V can continue into same-species state VSTAR"
"mantyke",226,"NORMAL","NORMAL",226,"NORMAL","EX","SPECIAL_BRANCH","House rule: NORMAL can branch into same-species special state EX"
"mantyke",226,"NORMAL","NORMAL",226,"NORMAL","GX","SPECIAL_BRANCH","House rule: NORMAL can branch into same-species special state GX"
"mantyke",226,"NORMAL","NORMAL",226,"NORMAL","V","SPECIAL_BRANCH","House rule: NORMAL can branch into same-species special state V"
"mantyke",226,"NORMAL","NORMAL",226,"NORMAL","MEGA","SPECIAL_BRANCH","House rule: NORMAL can branch into same-species special state MEGA"
"mantyke",226,"NORMAL","V",226,"NORMAL","VMAX","SPECIAL_CHAIN","House rule: V can continue into same-species state VMAX"
"mantyke",226,"NORMAL","V",226,"NORMAL","VSTAR","SPECIAL_CHAIN","House rule: V can continue into same-species state VSTAR"
"mantyke",458,"NORMAL","NORMAL",226,"NORMAL","NORMAL","STANDARD","Standard evolution from species tree"
"maractus",556,"NORMAL","NORMAL",556,"NORMAL","EX","SPECIAL_BRANCH","House rule: NORMAL can branch into same-species special state EX"
"maractus",556,"NORMAL","NORMAL",556,"NORMAL","GX","SPECIAL_BRANCH","House rule: NORMAL can branch into same-species special state GX"
"maractus",556,"NORMAL","NORMAL",556,"NORMAL","V","SPECIAL_BRANCH","House rule: NORMAL can branch into same-species special state V"
"maractus",556,"NORMAL","NORMAL",556,"NORMAL","MEGA","SPECIAL_BRANCH","House rule: NORMAL can branch into same-species special state MEGA"
"maractus",556,"NORMAL","V",556,"NORMAL","VMAX","SPECIAL_CHAIN","House rule: V can continue into same-species state VMAX"
"maractus",556,"NORMAL","V",556,"NORMAL","VSTAR","SPECIAL_CHAIN","House rule: V can continue into same-species state VSTAR"
"mareanie",747,"NORMAL","NORMAL",747,"NORMAL","EX","SPECIAL_BRANCH","House rule: NORMAL can branch into same-species special state EX"
"mareanie",747,"NORMAL","NORMAL",747,"NORMAL","GX","SPECIAL_BRANCH","House rule: NORMAL can branch into same-species special state GX"
"mareanie",747,"NORMAL","NORMAL",747,"NORMAL","V","SPECIAL_BRANCH","House rule: NORMAL can branch into same-species special state V"
"mareanie",747,"NORMAL","NORMAL",747,"NORMAL","MEGA","SPECIAL_BRANCH","House rule: NORMAL can branch into same-species special state MEGA"
"mareanie",747,"NORMAL","NORMAL",748,"NORMAL","NORMAL","STANDARD","Standard evolution from species tree"
"mareanie",747,"NORMAL","V",747,"NORMAL","VMAX","SPECIAL_CHAIN","House rule: V can continue into same-species state VMAX"
"mareanie",747,"NORMAL","V",747,"NORMAL","VSTAR","SPECIAL_CHAIN","House rule: V can continue into same-species state VSTAR"
"mareanie",748,"NORMAL","NORMAL",748,"NORMAL","EX","SPECIAL_BRANCH","House rule: NORMAL can branch into same-species special state EX"
"mareanie",748,"NORMAL","NORMAL",748,"NORMAL","GX","SPECIAL_BRANCH","House rule: NORMAL can branch into same-species special state GX"
"mareanie",748,"NORMAL","NORMAL",748,"NORMAL","V","SPECIAL_BRANCH","House rule: NORMAL can branch into same-species special state V"
"mareanie",748,"NORMAL","NORMAL",748,"NORMAL","MEGA","SPECIAL_BRANCH","House rule: NORMAL can branch into same-species special state MEGA"
"mareanie",748,"NORMAL","V",748,"NORMAL","VMAX","SPECIAL_CHAIN","House rule: V can continue into same-species state VMAX"
"mareanie",748,"NORMAL","V",748,"NORMAL","VSTAR","SPECIAL_CHAIN","House rule: V can continue into same-species state VSTAR"
"mareep",179,"NORMAL","NORMAL",179,"NORMAL","EX","SPECIAL_BRANCH","House rule: NORMAL can branch into same-species special state EX"
"mareep",179,"NORMAL","NORMAL",179,"NORMAL","GX","SPECIAL_BRANCH","House rule: NORMAL can branch into same-species special state GX"
"mareep",179,"NORMAL","NORMAL",179,"NORMAL","V","SPECIAL_BRANCH","House rule: NORMAL can branch into same-species special state V"
"mareep",179,"NORMAL","NORMAL",179,"NORMAL","MEGA","SPECIAL_BRANCH","House rule: NORMAL can branch into same-species special state MEGA"
"mareep",179,"NORMAL","NORMAL",180,"NORMAL","NORMAL","STANDARD","Standard evolution from species tree"
"mareep",179,"NORMAL","V",179,"NORMAL","VMAX","SPECIAL_CHAIN","House rule: V can continue into same-species state VMAX"
"mareep",179,"NORMAL","V",179,"NORMAL","VSTAR","SPECIAL_CHAIN","House rule: V can continue into same-species state VSTAR"
"mareep",180,"NORMAL","NORMAL",180,"NORMAL","EX","SPECIAL_BRANCH","House rule: NORMAL can branch into same-species special state EX"
"mareep",180,"NORMAL","NORMAL",180,"NORMAL","GX","SPECIAL_BRANCH","House rule: NORMAL can branch into same-species special state GX"
"mareep",180,"NORMAL","NORMAL",180,"NORMAL","V","SPECIAL_BRANCH","House rule: NORMAL can branch into same-species special state V"
"mareep",180,"NORMAL","NORMAL",180,"NORMAL","MEGA","SPECIAL_BRANCH","House rule: NORMAL can branch into same-species special state MEGA"
"mareep",180,"NORMAL","NORMAL",181,"NORMAL","NORMAL","STANDARD","Standard evolution from species tree"
"mareep",180,"NORMAL","V",180,"NORMAL","VMAX","SPECIAL_CHAIN","House rule: V can continue into same-species state VMAX"
"mareep",180,"NORMAL","V",180,"NORMAL","VSTAR","SPECIAL_CHAIN","House rule: V can continue into same-species state VSTAR"
"mareep",181,"NORMAL","NORMAL",181,"NORMAL","EX","SPECIAL_BRANCH","House rule: NORMAL can branch into same-species special state EX"
"mareep",181,"NORMAL","NORMAL",181,"NORMAL","GX","SPECIAL_BRANCH","House rule: NORMAL can branch into same-species special state GX"
"mareep",181,"NORMAL","NORMAL",181,"NORMAL","V","SPECIAL_BRANCH","House rule: NORMAL can branch into same-species special state V"
"mareep",181,"NORMAL","NORMAL",181,"NORMAL","MEGA","SPECIAL_BRANCH","House rule: NORMAL can branch into same-species special state MEGA"
"mareep",181,"NORMAL","V",181,"NORMAL","VMAX","SPECIAL_CHAIN","House rule: V can continue into same-species state VMAX"
"mareep",181,"NORMAL","V",181,"NORMAL","VSTAR","SPECIAL_CHAIN","House rule: V can continue into same-species state VSTAR"
"marshadow",802,"NORMAL","NORMAL",802,"NORMAL","EX","SPECIAL_BRANCH","House rule: NORMAL can branch into same-species special state EX"
"marshadow",802,"NORMAL","NORMAL",802,"NORMAL","GX","SPECIAL_BRANCH","House rule: NORMAL can branch into same-species special state GX"
"marshadow",802,"NORMAL","NORMAL",802,"NORMAL","V","SPECIAL_BRANCH","House rule: NORMAL can branch into same-species special state V"
"marshadow",802,"NORMAL","NORMAL",802,"NORMAL","MEGA","SPECIAL_BRANCH","House rule: NORMAL can branch into same-species special state MEGA"
"marshadow",802,"NORMAL","V",802,"NORMAL","VMAX","SPECIAL_CHAIN","House rule: V can continue into same-species state VMAX"
"marshadow",802,"NORMAL","V",802,"NORMAL","VSTAR","SPECIAL_CHAIN","House rule: V can continue into same-species state VSTAR"
"maschiff",942,"NORMAL","NORMAL",942,"NORMAL","EX","SPECIAL_BRANCH","House rule: NORMAL can branch into same-species special state EX"
"maschiff",942,"NORMAL","NORMAL",942,"NORMAL","GX","SPECIAL_BRANCH","House rule: NORMAL can branch into same-species special state GX"
"maschiff",942,"NORMAL","NORMAL",942,"NORMAL","V","SPECIAL_BRANCH","House rule: NORMAL can branch into same-species special state V"
"maschiff",942,"NORMAL","NORMAL",942,"NORMAL","MEGA","SPECIAL_BRANCH","House rule: NORMAL can branch into same-species special state MEGA"
"maschiff",942,"NORMAL","NORMAL",943,"NORMAL","NORMAL","STANDARD","Standard evolution from species tree"
"maschiff",942,"NORMAL","V",942,"NORMAL","VMAX","SPECIAL_CHAIN","House rule: V can continue into same-species state VMAX"
"maschiff",942,"NORMAL","V",942,"NORMAL","VSTAR","SPECIAL_CHAIN","House rule: V can continue into same-species state VSTAR"
"maschiff",943,"NORMAL","NORMAL",943,"NORMAL","EX","SPECIAL_BRANCH","House rule: NORMAL can branch into same-species special state EX"
"maschiff",943,"NORMAL","NORMAL",943,"NORMAL","GX","SPECIAL_BRANCH","House rule: NORMAL can branch into same-species special state GX"
"maschiff",943,"NORMAL","NORMAL",943,"NORMAL","V","SPECIAL_BRANCH","House rule: NORMAL can branch into same-species special state V"
"maschiff",943,"NORMAL","NORMAL",943,"NORMAL","MEGA","SPECIAL_BRANCH","House rule: NORMAL can branch into same-species special state MEGA"
"maschiff",943,"NORMAL","V",943,"NORMAL","VMAX","SPECIAL_CHAIN","House rule: V can continue into same-species state VMAX"
"maschiff",943,"NORMAL","V",943,"NORMAL","VSTAR","SPECIAL_CHAIN","House rule: V can continue into same-species state VSTAR"
"mawile",303,"NORMAL","NORMAL",303,"NORMAL","EX","SPECIAL_BRANCH","House rule: NORMAL can branch into same-species special state EX"
"mawile",303,"NORMAL","NORMAL",303,"NORMAL","GX","SPECIAL_BRANCH","House rule: NORMAL can branch into same-species special state GX"
"mawile",303,"NORMAL","NORMAL",303,"NORMAL","V","SPECIAL_BRANCH","House rule: NORMAL can branch into same-species special state V"
"mawile",303,"NORMAL","NORMAL",303,"NORMAL","MEGA","SPECIAL_BRANCH","House rule: NORMAL can branch into same-species special state MEGA"
"mawile",303,"NORMAL","V",303,"NORMAL","VMAX","SPECIAL_CHAIN","House rule: V can continue into same-species state VMAX"
"mawile",303,"NORMAL","V",303,"NORMAL","VSTAR","SPECIAL_CHAIN","House rule: V can continue into same-species state VSTAR"
"meditite",307,"NORMAL","NORMAL",307,"NORMAL","EX","SPECIAL_BRANCH","House rule: NORMAL can branch into same-species special state EX"
"meditite",307,"NORMAL","NORMAL",307,"NORMAL","GX","SPECIAL_BRANCH","House rule: NORMAL can branch into same-species special state GX"
"meditite",307,"NORMAL","NORMAL",307,"NORMAL","V","SPECIAL_BRANCH","House rule: NORMAL can branch into same-species special state V"
"meditite",307,"NORMAL","NORMAL",307,"NORMAL","MEGA","SPECIAL_BRANCH","House rule: NORMAL can branch into same-species special state MEGA"
"meditite",307,"NORMAL","NORMAL",308,"NORMAL","NORMAL","STANDARD","Standard evolution from species tree"
"meditite",307,"NORMAL","V",307,"NORMAL","VMAX","SPECIAL_CHAIN","House rule: V can continue into same-species state VMAX"
"meditite",307,"NORMAL","V",307,"NORMAL","VSTAR","SPECIAL_CHAIN","House rule: V can continue into same-species state VSTAR"
"meditite",308,"NORMAL","NORMAL",308,"NORMAL","EX","SPECIAL_BRANCH","House rule: NORMAL can branch into same-species special state EX"
"meditite",308,"NORMAL","NORMAL",308,"NORMAL","GX","SPECIAL_BRANCH","House rule: NORMAL can branch into same-species special state GX"
"meditite",308,"NORMAL","NORMAL",308,"NORMAL","V","SPECIAL_BRANCH","House rule: NORMAL can branch into same-species special state V"
"meditite",308,"NORMAL","NORMAL",308,"NORMAL","MEGA","SPECIAL_BRANCH","House rule: NORMAL can branch into same-species special state MEGA"
"meditite",308,"NORMAL","V",308,"NORMAL","VMAX","SPECIAL_CHAIN","House rule: V can continue into same-species state VMAX"
"meditite",308,"NORMAL","V",308,"NORMAL","VSTAR","SPECIAL_CHAIN","House rule: V can continue into same-species state VSTAR"
"melmetal",809,"NORMAL","NORMAL",809,"NORMAL","EX","SPECIAL_BRANCH","House rule: NORMAL can branch into same-species special state EX"
"melmetal",809,"NORMAL","NORMAL",809,"NORMAL","GX","SPECIAL_BRANCH","House rule: NORMAL can branch into same-species special state GX"
"melmetal",809,"NORMAL","NORMAL",809,"NORMAL","V","SPECIAL_BRANCH","House rule: NORMAL can branch into same-species special state V"
"melmetal",809,"NORMAL","NORMAL",809,"NORMAL","MEGA","SPECIAL_BRANCH","House rule: NORMAL can branch into same-species special state MEGA"
"melmetal",809,"NORMAL","V",809,"NORMAL","VMAX","SPECIAL_CHAIN","House rule: V can continue into same-species state VMAX"
"melmetal",809,"NORMAL","V",809,"NORMAL","VSTAR","SPECIAL_CHAIN","House rule: V can continue into same-species state VSTAR"
"meloetta",648,"NORMAL","NORMAL",648,"NORMAL","EX","SPECIAL_BRANCH","House rule: NORMAL can branch into same-species special state EX"
"meloetta",648,"NORMAL","NORMAL",648,"NORMAL","GX","SPECIAL_BRANCH","House rule: NORMAL can branch into same-species special state GX"
"meloetta",648,"NORMAL","NORMAL",648,"NORMAL","V","SPECIAL_BRANCH","House rule: NORMAL can branch into same-species special state V"
"meloetta",648,"NORMAL","NORMAL",648,"NORMAL","MEGA","SPECIAL_BRANCH","House rule: NORMAL can branch into same-species special state MEGA"
"meloetta",648,"NORMAL","V",648,"NORMAL","VMAX","SPECIAL_CHAIN","House rule: V can continue into same-species state VMAX"
"meloetta",648,"NORMAL","V",648,"NORMAL","VSTAR","SPECIAL_CHAIN","House rule: V can continue into same-species state VSTAR"
"meltan",808,"NORMAL","NORMAL",808,"NORMAL","EX","SPECIAL_BRANCH","House rule: NORMAL can branch into same-species special state EX"
"meltan",808,"NORMAL","NORMAL",808,"NORMAL","GX","SPECIAL_BRANCH","House rule: NORMAL can branch into same-species special state GX"
"meltan",808,"NORMAL","NORMAL",808,"NORMAL","V","SPECIAL_BRANCH","House rule: NORMAL can branch into same-species special state V"
"meltan",808,"NORMAL","NORMAL",808,"NORMAL","MEGA","SPECIAL_BRANCH","House rule: NORMAL can branch into same-species special state MEGA"
"meltan",808,"NORMAL","V",808,"NORMAL","VMAX","SPECIAL_CHAIN","House rule: V can continue into same-species state VMAX"
"meltan",808,"NORMAL","V",808,"NORMAL","VSTAR","SPECIAL_CHAIN","House rule: V can continue into same-species state VSTAR"
"meowth",52,"NORMAL","NORMAL",52,"NORMAL","EX","SPECIAL_BRANCH","House rule: NORMAL can branch into same-species special state EX"
"meowth",52,"NORMAL","NORMAL",52,"NORMAL","GX","SPECIAL_BRANCH","House rule: NORMAL can branch into same-species special state GX"
"meowth",52,"NORMAL","NORMAL",52,"NORMAL","V","SPECIAL_BRANCH","House rule: NORMAL can branch into same-species special state V"
"meowth",52,"NORMAL","NORMAL",52,"NORMAL","MEGA","SPECIAL_BRANCH","House rule: NORMAL can branch into same-species special state MEGA"
"meowth",52,"NORMAL","NORMAL",53,"NORMAL","NORMAL","STANDARD","Standard evolution from species tree"
"meowth",52,"NORMAL","NORMAL",863,"NORMAL","NORMAL","STANDARD","Standard evolution from species tree"
"meowth",52,"NORMAL","V",52,"NORMAL","VMAX","SPECIAL_CHAIN","House rule: V can continue into same-species state VMAX"
"meowth",52,"NORMAL","V",52,"NORMAL","VSTAR","SPECIAL_CHAIN","House rule: V can continue into same-species state VSTAR"
"meowth",53,"NORMAL","NORMAL",53,"NORMAL","EX","SPECIAL_BRANCH","House rule: NORMAL can branch into same-species special state EX"
"meowth",53,"NORMAL","NORMAL",53,"NORMAL","GX","SPECIAL_BRANCH","House rule: NORMAL can branch into same-species special state GX"
"meowth",53,"NORMAL","NORMAL",53,"NORMAL","V","SPECIAL_BRANCH","House rule: NORMAL can branch into same-species special state V"
"meowth",53,"NORMAL","NORMAL",53,"NORMAL","MEGA","SPECIAL_BRANCH","House rule: NORMAL can branch into same-species special state MEGA"
"meowth",53,"NORMAL","V",53,"NORMAL","VMAX","SPECIAL_CHAIN","House rule: V can continue into same-species state VMAX"
"meowth",53,"NORMAL","V",53,"NORMAL","VSTAR","SPECIAL_CHAIN","House rule: V can continue into same-species state VSTAR"
"meowth",863,"NORMAL","NORMAL",863,"NORMAL","EX","SPECIAL_BRANCH","House rule: NORMAL can branch into same-species special state EX"
"meowth",863,"NORMAL","NORMAL",863,"NORMAL","GX","SPECIAL_BRANCH","House rule: NORMAL can branch into same-species special state GX"
"meowth",863,"NORMAL","NORMAL",863,"NORMAL","V","SPECIAL_BRANCH","House rule: NORMAL can branch into same-species special state V"
"meowth",863,"NORMAL","NORMAL",863,"NORMAL","MEGA","SPECIAL_BRANCH","House rule: NORMAL can branch into same-species special state MEGA"
"meowth",863,"NORMAL","V",863,"NORMAL","VMAX","SPECIAL_CHAIN","House rule: V can continue into same-species state VMAX"
"meowth",863,"NORMAL","V",863,"NORMAL","VSTAR","SPECIAL_CHAIN","House rule: V can continue into same-species state VSTAR"
"mesprit",481,"NORMAL","NORMAL",481,"NORMAL","EX","SPECIAL_BRANCH","House rule: NORMAL can branch into same-species special state EX"
"mesprit",481,"NORMAL","NORMAL",481,"NORMAL","GX","SPECIAL_BRANCH","House rule: NORMAL can branch into same-species special state GX"
"mesprit",481,"NORMAL","NORMAL",481,"NORMAL","V","SPECIAL_BRANCH","House rule: NORMAL can branch into same-species special state V"
"mesprit",481,"NORMAL","NORMAL",481,"NORMAL","MEGA","SPECIAL_BRANCH","House rule: NORMAL can branch into same-species special state MEGA"
"mesprit",481,"NORMAL","V",481,"NORMAL","VMAX","SPECIAL_CHAIN","House rule: V can continue into same-species state VMAX"
"mesprit",481,"NORMAL","V",481,"NORMAL","VSTAR","SPECIAL_CHAIN","House rule: V can continue into same-species state VSTAR"
"mew",151,"NORMAL","NORMAL",151,"NORMAL","EX","SPECIAL_BRANCH","House rule: NORMAL can branch into same-species special state EX"
"mew",151,"NORMAL","NORMAL",151,"NORMAL","GX","SPECIAL_BRANCH","House rule: NORMAL can branch into same-species special state GX"
"mew",151,"NORMAL","NORMAL",151,"NORMAL","V","SPECIAL_BRANCH","House rule: NORMAL can branch into same-species special state V"
"mew",151,"NORMAL","NORMAL",151,"NORMAL","MEGA","SPECIAL_BRANCH","House rule: NORMAL can branch into same-species special state MEGA"
"mew",151,"NORMAL","V",151,"NORMAL","VMAX","SPECIAL_CHAIN","House rule: V can continue into same-species state VMAX"
"mew",151,"NORMAL","V",151,"NORMAL","VSTAR","SPECIAL_CHAIN","House rule: V can continue into same-species state VSTAR"
"mewtwo",150,"NORMAL","NORMAL",150,"NORMAL","EX","SPECIAL_BRANCH","House rule: NORMAL can branch into same-species special state EX"
"mewtwo",150,"NORMAL","NORMAL",150,"NORMAL","GX","SPECIAL_BRANCH","House rule: NORMAL can branch into same-species special state GX"
"mewtwo",150,"NORMAL","NORMAL",150,"NORMAL","V","SPECIAL_BRANCH","House rule: NORMAL can branch into same-species special state V"
"mewtwo",150,"NORMAL","NORMAL",150,"NORMAL","MEGA","SPECIAL_BRANCH","House rule: NORMAL can branch into same-species special state MEGA"
"mewtwo",150,"NORMAL","V",150,"NORMAL","VMAX","SPECIAL_CHAIN","House rule: V can continue into same-species state VMAX"
"mewtwo",150,"NORMAL","V",150,"NORMAL","VSTAR","SPECIAL_CHAIN","House rule: V can continue into same-species state VSTAR"
"mienfoo",619,"NORMAL","NORMAL",619,"NORMAL","EX","SPECIAL_BRANCH","House rule: NORMAL can branch into same-species special state EX"
"mienfoo",619,"NORMAL","NORMAL",619,"NORMAL","GX","SPECIAL_BRANCH","House rule: NORMAL can branch into same-species special state GX"
"mienfoo",619,"NORMAL","NORMAL",619,"NORMAL","V","SPECIAL_BRANCH","House rule: NORMAL can branch into same-species special state V"
"mienfoo",619,"NORMAL","NORMAL",619,"NORMAL","MEGA","SPECIAL_BRANCH","House rule: NORMAL can branch into same-species special state MEGA"
"mienfoo",619,"NORMAL","NORMAL",620,"NORMAL","NORMAL","STANDARD","Standard evolution from species tree"
"mienfoo",619,"NORMAL","V",619,"NORMAL","VMAX","SPECIAL_CHAIN","House rule: V can continue into same-species state VMAX"
"mienfoo",619,"NORMAL","V",619,"NORMAL","VSTAR","SPECIAL_CHAIN","House rule: V can continue into same-species state VSTAR"
"mienfoo",620,"NORMAL","NORMAL",620,"NORMAL","EX","SPECIAL_BRANCH","House rule: NORMAL can branch into same-species special state EX"
"mienfoo",620,"NORMAL","NORMAL",620,"NORMAL","GX","SPECIAL_BRANCH","House rule: NORMAL can branch into same-species special state GX"
"mienfoo",620,"NORMAL","NORMAL",620,"NORMAL","V","SPECIAL_BRANCH","House rule: NORMAL can branch into same-species special state V"
"mienfoo",620,"NORMAL","NORMAL",620,"NORMAL","MEGA","SPECIAL_BRANCH","House rule: NORMAL can branch into same-species special state MEGA"
"mienfoo",620,"NORMAL","V",620,"NORMAL","VMAX","SPECIAL_CHAIN","House rule: V can continue into same-species state VMAX"
"mienfoo",620,"NORMAL","V",620,"NORMAL","VSTAR","SPECIAL_CHAIN","House rule: V can continue into same-species state VSTAR"
"milcery",868,"NORMAL","NORMAL",868,"NORMAL","EX","SPECIAL_BRANCH","House rule: NORMAL can branch into same-species special state EX"
"milcery",868,"NORMAL","NORMAL",868,"NORMAL","GX","SPECIAL_BRANCH","House rule: NORMAL can branch into same-species special state GX"
"milcery",868,"NORMAL","NORMAL",868,"NORMAL","V","SPECIAL_BRANCH","House rule: NORMAL can branch into same-species special state V"
"milcery",868,"NORMAL","NORMAL",868,"NORMAL","MEGA","SPECIAL_BRANCH","House rule: NORMAL can branch into same-species special state MEGA"
"milcery",868,"NORMAL","NORMAL",869,"NORMAL","NORMAL","STANDARD","Standard evolution from species tree"
"milcery",868,"NORMAL","V",868,"NORMAL","VMAX","SPECIAL_CHAIN","House rule: V can continue into same-species state VMAX"
"milcery",868,"NORMAL","V",868,"NORMAL","VSTAR","SPECIAL_CHAIN","House rule: V can continue into same-species state VSTAR"
"milcery",869,"NORMAL","NORMAL",869,"NORMAL","EX","SPECIAL_BRANCH","House rule: NORMAL can branch into same-species special state EX"
"milcery",869,"NORMAL","NORMAL",869,"NORMAL","GX","SPECIAL_BRANCH","House rule: NORMAL can branch into same-species special state GX"
"milcery",869,"NORMAL","NORMAL",869,"NORMAL","V","SPECIAL_BRANCH","House rule: NORMAL can branch into same-species special state V"
"milcery",869,"NORMAL","NORMAL",869,"NORMAL","MEGA","SPECIAL_BRANCH","House rule: NORMAL can branch into same-species special state MEGA"
"milcery",869,"NORMAL","V",869,"NORMAL","VMAX","SPECIAL_CHAIN","House rule: V can continue into same-species state VMAX"
"milcery",869,"NORMAL","V",869,"NORMAL","VSTAR","SPECIAL_CHAIN","House rule: V can continue into same-species state VSTAR"
"miltank",241,"NORMAL","NORMAL",241,"NORMAL","EX","SPECIAL_BRANCH","House rule: NORMAL can branch into same-species special state EX"
"miltank",241,"NORMAL","NORMAL",241,"NORMAL","GX","SPECIAL_BRANCH","House rule: NORMAL can branch into same-species special state GX"
"miltank",241,"NORMAL","NORMAL",241,"NORMAL","V","SPECIAL_BRANCH","House rule: NORMAL can branch into same-species special state V"
"miltank",241,"NORMAL","NORMAL",241,"NORMAL","MEGA","SPECIAL_BRANCH","House rule: NORMAL can branch into same-species special state MEGA"
"miltank",241,"NORMAL","V",241,"NORMAL","VMAX","SPECIAL_CHAIN","House rule: V can continue into same-species state VMAX"
"miltank",241,"NORMAL","V",241,"NORMAL","VSTAR","SPECIAL_CHAIN","House rule: V can continue into same-species state VSTAR"
"mime-jr",122,"NORMAL","NORMAL",122,"NORMAL","EX","SPECIAL_BRANCH","House rule: NORMAL can branch into same-species special state EX"
"mime-jr",122,"NORMAL","NORMAL",122,"NORMAL","GX","SPECIAL_BRANCH","House rule: NORMAL can branch into same-species special state GX"
"mime-jr",122,"NORMAL","NORMAL",122,"NORMAL","V","SPECIAL_BRANCH","House rule: NORMAL can branch into same-species special state V"
"mime-jr",122,"NORMAL","NORMAL",122,"NORMAL","MEGA","SPECIAL_BRANCH","House rule: NORMAL can branch into same-species special state MEGA"
"mime-jr",122,"NORMAL","NORMAL",866,"NORMAL","NORMAL","STANDARD","Standard evolution from species tree"
"mime-jr",122,"NORMAL","V",122,"NORMAL","VMAX","SPECIAL_CHAIN","House rule: V can continue into same-species state VMAX"
"mime-jr",122,"NORMAL","V",122,"NORMAL","VSTAR","SPECIAL_CHAIN","House rule: V can continue into same-species state VSTAR"
"mime-jr",439,"NORMAL","NORMAL",122,"NORMAL","NORMAL","STANDARD","Standard evolution from species tree"
"mime-jr",866,"NORMAL","NORMAL",866,"NORMAL","EX","SPECIAL_BRANCH","House rule: NORMAL can branch into same-species special state EX"
"mime-jr",866,"NORMAL","NORMAL",866,"NORMAL","GX","SPECIAL_BRANCH","House rule: NORMAL can branch into same-species special state GX"
"mime-jr",866,"NORMAL","NORMAL",866,"NORMAL","V","SPECIAL_BRANCH","House rule: NORMAL can branch into same-species special state V"
"mime-jr",866,"NORMAL","NORMAL",866,"NORMAL","MEGA","SPECIAL_BRANCH","House rule: NORMAL can branch into same-species special state MEGA"
"mime-jr",866,"NORMAL","V",866,"NORMAL","VMAX","SPECIAL_CHAIN","House rule: V can continue into same-species state VMAX"
"mime-jr",866,"NORMAL","V",866,"NORMAL","VSTAR","SPECIAL_CHAIN","House rule: V can continue into same-species state VSTAR"
"mimikyu",778,"NORMAL","NORMAL",778,"NORMAL","EX","SPECIAL_BRANCH","House rule: NORMAL can branch into same-species special state EX"
"mimikyu",778,"NORMAL","NORMAL",778,"NORMAL","GX","SPECIAL_BRANCH","House rule: NORMAL can branch into same-species special state GX"
"mimikyu",778,"NORMAL","NORMAL",778,"NORMAL","V","SPECIAL_BRANCH","House rule: NORMAL can branch into same-species special state V"
"mimikyu",778,"NORMAL","NORMAL",778,"NORMAL","MEGA","SPECIAL_BRANCH","House rule: NORMAL can branch into same-species special state MEGA"
"mimikyu",778,"NORMAL","V",778,"NORMAL","VMAX","SPECIAL_CHAIN","House rule: V can continue into same-species state VMAX"
"mimikyu",778,"NORMAL","V",778,"NORMAL","VSTAR","SPECIAL_CHAIN","House rule: V can continue into same-species state VSTAR"
"minccino",572,"NORMAL","NORMAL",572,"NORMAL","EX","SPECIAL_BRANCH","House rule: NORMAL can branch into same-species special state EX"
"minccino",572,"NORMAL","NORMAL",572,"NORMAL","GX","SPECIAL_BRANCH","House rule: NORMAL can branch into same-species special state GX"
"minccino",572,"NORMAL","NORMAL",572,"NORMAL","V","SPECIAL_BRANCH","House rule: NORMAL can branch into same-species special state V"
"minccino",572,"NORMAL","NORMAL",572,"NORMAL","MEGA","SPECIAL_BRANCH","House rule: NORMAL can branch into same-species special state MEGA"
"minccino",572,"NORMAL","NORMAL",573,"NORMAL","NORMAL","STANDARD","Standard evolution from species tree"
"minccino",572,"NORMAL","V",572,"NORMAL","VMAX","SPECIAL_CHAIN","House rule: V can continue into same-species state VMAX"
"minccino",572,"NORMAL","V",572,"NORMAL","VSTAR","SPECIAL_CHAIN","House rule: V can continue into same-species state VSTAR"
"minccino",573,"NORMAL","NORMAL",573,"NORMAL","EX","SPECIAL_BRANCH","House rule: NORMAL can branch into same-species special state EX"
"minccino",573,"NORMAL","NORMAL",573,"NORMAL","GX","SPECIAL_BRANCH","House rule: NORMAL can branch into same-species special state GX"
"minccino",573,"NORMAL","NORMAL",573,"NORMAL","V","SPECIAL_BRANCH","House rule: NORMAL can branch into same-species special state V"
"minccino",573,"NORMAL","NORMAL",573,"NORMAL","MEGA","SPECIAL_BRANCH","House rule: NORMAL can branch into same-species special state MEGA"
"minccino",573,"NORMAL","V",573,"NORMAL","VMAX","SPECIAL_CHAIN","House rule: V can continue into same-species state VMAX"
"minccino",573,"NORMAL","V",573,"NORMAL","VSTAR","SPECIAL_CHAIN","House rule: V can continue into same-species state VSTAR"
"minior",774,"NORMAL","NORMAL",774,"NORMAL","EX","SPECIAL_BRANCH","House rule: NORMAL can branch into same-species special state EX"
"minior",774,"NORMAL","NORMAL",774,"NORMAL","GX","SPECIAL_BRANCH","House rule: NORMAL can branch into same-species special state GX"
"minior",774,"NORMAL","NORMAL",774,"NORMAL","V","SPECIAL_BRANCH","House rule: NORMAL can branch into same-species special state V"
"minior",774,"NORMAL","NORMAL",774,"NORMAL","MEGA","SPECIAL_BRANCH","House rule: NORMAL can branch into same-species special state MEGA"
"minior",774,"NORMAL","V",774,"NORMAL","VMAX","SPECIAL_CHAIN","House rule: V can continue into same-species state VMAX"
"minior",774,"NORMAL","V",774,"NORMAL","VSTAR","SPECIAL_CHAIN","House rule: V can continue into same-species state VSTAR"
"minun",312,"NORMAL","NORMAL",312,"NORMAL","EX","SPECIAL_BRANCH","House rule: NORMAL can branch into same-species special state EX"
"minun",312,"NORMAL","NORMAL",312,"NORMAL","GX","SPECIAL_BRANCH","House rule: NORMAL can branch into same-species special state GX"
"minun",312,"NORMAL","NORMAL",312,"NORMAL","V","SPECIAL_BRANCH","House rule: NORMAL can branch into same-species special state V"
"minun",312,"NORMAL","NORMAL",312,"NORMAL","MEGA","SPECIAL_BRANCH","House rule: NORMAL can branch into same-species special state MEGA"
"minun",312,"NORMAL","V",312,"NORMAL","VMAX","SPECIAL_CHAIN","House rule: V can continue into same-species state VMAX"
"minun",312,"NORMAL","V",312,"NORMAL","VSTAR","SPECIAL_CHAIN","House rule: V can continue into same-species state VSTAR"
"miraidon",1008,"NORMAL","NORMAL",1008,"NORMAL","EX","SPECIAL_BRANCH","House rule: NORMAL can branch into same-species special state EX"
"miraidon",1008,"NORMAL","NORMAL",1008,"NORMAL","GX","SPECIAL_BRANCH","House rule: NORMAL can branch into same-species special state GX"
"miraidon",1008,"NORMAL","NORMAL",1008,"NORMAL","V","SPECIAL_BRANCH","House rule: NORMAL can branch into same-species special state V"
"miraidon",1008,"NORMAL","NORMAL",1008,"NORMAL","MEGA","SPECIAL_BRANCH","House rule: NORMAL can branch into same-species special state MEGA"
"miraidon",1008,"NORMAL","V",1008,"NORMAL","VMAX","SPECIAL_CHAIN","House rule: V can continue into same-species state VMAX"
"miraidon",1008,"NORMAL","V",1008,"NORMAL","VSTAR","SPECIAL_CHAIN","House rule: V can continue into same-species state VSTAR"
"misdreavus",200,"NORMAL","NORMAL",200,"NORMAL","EX","SPECIAL_BRANCH","House rule: NORMAL can branch into same-species special state EX"
"misdreavus",200,"NORMAL","NORMAL",200,"NORMAL","GX","SPECIAL_BRANCH","House rule: NORMAL can branch into same-species special state GX"
"misdreavus",200,"NORMAL","NORMAL",200,"NORMAL","V","SPECIAL_BRANCH","House rule: NORMAL can branch into same-species special state V"
"misdreavus",200,"NORMAL","NORMAL",200,"NORMAL","MEGA","SPECIAL_BRANCH","House rule: NORMAL can branch into same-species special state MEGA"
"misdreavus",200,"NORMAL","NORMAL",429,"NORMAL","NORMAL","STANDARD","Standard evolution from species tree"
"misdreavus",200,"NORMAL","V",200,"NORMAL","VMAX","SPECIAL_CHAIN","House rule: V can continue into same-species state VMAX"
"misdreavus",200,"NORMAL","V",200,"NORMAL","VSTAR","SPECIAL_CHAIN","House rule: V can continue into same-species state VSTAR"
"misdreavus",429,"NORMAL","NORMAL",429,"NORMAL","EX","SPECIAL_BRANCH","House rule: NORMAL can branch into same-species special state EX"
"misdreavus",429,"NORMAL","NORMAL",429,"NORMAL","GX","SPECIAL_BRANCH","House rule: NORMAL can branch into same-species special state GX"
"misdreavus",429,"NORMAL","NORMAL",429,"NORMAL","V","SPECIAL_BRANCH","House rule: NORMAL can branch into same-species special state V"
"misdreavus",429,"NORMAL","NORMAL",429,"NORMAL","MEGA","SPECIAL_BRANCH","House rule: NORMAL can branch into same-species special state MEGA"
"misdreavus",429,"NORMAL","V",429,"NORMAL","VMAX","SPECIAL_CHAIN","House rule: V can continue into same-species state VMAX"
"misdreavus",429,"NORMAL","V",429,"NORMAL","VSTAR","SPECIAL_CHAIN","House rule: V can continue into same-species state VSTAR"
"moltres",146,"NORMAL","NORMAL",146,"NORMAL","EX","SPECIAL_BRANCH","House rule: NORMAL can branch into same-species special state EX"
"moltres",146,"NORMAL","NORMAL",146,"NORMAL","GX","SPECIAL_BRANCH","House rule: NORMAL can branch into same-species special state GX"
"moltres",146,"NORMAL","NORMAL",146,"NORMAL","V","SPECIAL_BRANCH","House rule: NORMAL can branch into same-species special state V"
"moltres",146,"NORMAL","NORMAL",146,"NORMAL","MEGA","SPECIAL_BRANCH","House rule: NORMAL can branch into same-species special state MEGA"
"moltres",146,"NORMAL","V",146,"NORMAL","VMAX","SPECIAL_CHAIN","House rule: V can continue into same-species state VMAX"
"moltres",146,"NORMAL","V",146,"NORMAL","VSTAR","SPECIAL_CHAIN","House rule: V can continue into same-species state VSTAR"
"morelull",755,"NORMAL","NORMAL",755,"NORMAL","EX","SPECIAL_BRANCH","House rule: NORMAL can branch into same-species special state EX"
"morelull",755,"NORMAL","NORMAL",755,"NORMAL","GX","SPECIAL_BRANCH","House rule: NORMAL can branch into same-species special state GX"
"morelull",755,"NORMAL","NORMAL",755,"NORMAL","V","SPECIAL_BRANCH","House rule: NORMAL can branch into same-species special state V"
"morelull",755,"NORMAL","NORMAL",755,"NORMAL","MEGA","SPECIAL_BRANCH","House rule: NORMAL can branch into same-species special state MEGA"
"morelull",755,"NORMAL","NORMAL",756,"NORMAL","NORMAL","STANDARD","Standard evolution from species tree"
"morelull",755,"NORMAL","V",755,"NORMAL","VMAX","SPECIAL_CHAIN","House rule: V can continue into same-species state VMAX"
"morelull",755,"NORMAL","V",755,"NORMAL","VSTAR","SPECIAL_CHAIN","House rule: V can continue into same-species state VSTAR"
"morelull",756,"NORMAL","NORMAL",756,"NORMAL","EX","SPECIAL_BRANCH","House rule: NORMAL can branch into same-species special state EX"
"morelull",756,"NORMAL","NORMAL",756,"NORMAL","GX","SPECIAL_BRANCH","House rule: NORMAL can branch into same-species special state GX"
"morelull",756,"NORMAL","NORMAL",756,"NORMAL","V","SPECIAL_BRANCH","House rule: NORMAL can branch into same-species special state V"
"morelull",756,"NORMAL","NORMAL",756,"NORMAL","MEGA","SPECIAL_BRANCH","House rule: NORMAL can branch into same-species special state MEGA"
"morelull",756,"NORMAL","V",756,"NORMAL","VMAX","SPECIAL_CHAIN","House rule: V can continue into same-species state VMAX"
"morelull",756,"NORMAL","V",756,"NORMAL","VSTAR","SPECIAL_CHAIN","House rule: V can continue into same-species state VSTAR"
"morpeko",877,"NORMAL","NORMAL",877,"NORMAL","EX","SPECIAL_BRANCH","House rule: NORMAL can branch into same-species special state EX"
"morpeko",877,"NORMAL","NORMAL",877,"NORMAL","GX","SPECIAL_BRANCH","House rule: NORMAL can branch into same-species special state GX"
"morpeko",877,"NORMAL","NORMAL",877,"NORMAL","V","SPECIAL_BRANCH","House rule: NORMAL can branch into same-species special state V"
"morpeko",877,"NORMAL","NORMAL",877,"NORMAL","MEGA","SPECIAL_BRANCH","House rule: NORMAL can branch into same-species special state MEGA"
"morpeko",877,"NORMAL","V",877,"NORMAL","VMAX","SPECIAL_CHAIN","House rule: V can continue into same-species state VMAX"
"morpeko",877,"NORMAL","V",877,"NORMAL","VSTAR","SPECIAL_CHAIN","House rule: V can continue into same-species state VSTAR"
"mudbray",749,"NORMAL","NORMAL",749,"NORMAL","EX","SPECIAL_BRANCH","House rule: NORMAL can branch into same-species special state EX"
"mudbray",749,"NORMAL","NORMAL",749,"NORMAL","GX","SPECIAL_BRANCH","House rule: NORMAL can branch into same-species special state GX"
"mudbray",749,"NORMAL","NORMAL",749,"NORMAL","V","SPECIAL_BRANCH","House rule: NORMAL can branch into same-species special state V"
"mudbray",749,"NORMAL","NORMAL",749,"NORMAL","MEGA","SPECIAL_BRANCH","House rule: NORMAL can branch into same-species special state MEGA"
"mudbray",749,"NORMAL","NORMAL",750,"NORMAL","NORMAL","STANDARD","Standard evolution from species tree"
"mudbray",749,"NORMAL","V",749,"NORMAL","VMAX","SPECIAL_CHAIN","House rule: V can continue into same-species state VMAX"
"mudbray",749,"NORMAL","V",749,"NORMAL","VSTAR","SPECIAL_CHAIN","House rule: V can continue into same-species state VSTAR"
"mudbray",750,"NORMAL","NORMAL",750,"NORMAL","EX","SPECIAL_BRANCH","House rule: NORMAL can branch into same-species special state EX"
"mudbray",750,"NORMAL","NORMAL",750,"NORMAL","GX","SPECIAL_BRANCH","House rule: NORMAL can branch into same-species special state GX"
"mudbray",750,"NORMAL","NORMAL",750,"NORMAL","V","SPECIAL_BRANCH","House rule: NORMAL can branch into same-species special state V"
"mudbray",750,"NORMAL","NORMAL",750,"NORMAL","MEGA","SPECIAL_BRANCH","House rule: NORMAL can branch into same-species special state MEGA"
"mudbray",750,"NORMAL","V",750,"NORMAL","VMAX","SPECIAL_CHAIN","House rule: V can continue into same-species state VMAX"
"mudbray",750,"NORMAL","V",750,"NORMAL","VSTAR","SPECIAL_CHAIN","House rule: V can continue into same-species state VSTAR"
"mudkip",258,"NORMAL","NORMAL",258,"NORMAL","EX","SPECIAL_BRANCH","House rule: NORMAL can branch into same-species special state EX"
"mudkip",258,"NORMAL","NORMAL",258,"NORMAL","GX","SPECIAL_BRANCH","House rule: NORMAL can branch into same-species special state GX"
"mudkip",258,"NORMAL","NORMAL",258,"NORMAL","V","SPECIAL_BRANCH","House rule: NORMAL can branch into same-species special state V"
"mudkip",258,"NORMAL","NORMAL",258,"NORMAL","MEGA","SPECIAL_BRANCH","House rule: NORMAL can branch into same-species special state MEGA"
"mudkip",258,"NORMAL","NORMAL",259,"NORMAL","NORMAL","STANDARD","Standard evolution from species tree"
"mudkip",258,"NORMAL","V",258,"NORMAL","VMAX","SPECIAL_CHAIN","House rule: V can continue into same-species state VMAX"
"mudkip",258,"NORMAL","V",258,"NORMAL","VSTAR","SPECIAL_CHAIN","House rule: V can continue into same-species state VSTAR"
"mudkip",259,"NORMAL","NORMAL",259,"NORMAL","EX","SPECIAL_BRANCH","House rule: NORMAL can branch into same-species special state EX"
"mudkip",259,"NORMAL","NORMAL",259,"NORMAL","GX","SPECIAL_BRANCH","House rule: NORMAL can branch into same-species special state GX"
"mudkip",259,"NORMAL","NORMAL",259,"NORMAL","V","SPECIAL_BRANCH","House rule: NORMAL can branch into same-species special state V"
"mudkip",259,"NORMAL","NORMAL",259,"NORMAL","MEGA","SPECIAL_BRANCH","House rule: NORMAL can branch into same-species special state MEGA"
"mudkip",259,"NORMAL","NORMAL",260,"NORMAL","NORMAL","STANDARD","Standard evolution from species tree"
"mudkip",259,"NORMAL","V",259,"NORMAL","VMAX","SPECIAL_CHAIN","House rule: V can continue into same-species state VMAX"
"mudkip",259,"NORMAL","V",259,"NORMAL","VSTAR","SPECIAL_CHAIN","House rule: V can continue into same-species state VSTAR"
"mudkip",260,"NORMAL","NORMAL",260,"NORMAL","EX","SPECIAL_BRANCH","House rule: NORMAL can branch into same-species special state EX"
"mudkip",260,"NORMAL","NORMAL",260,"NORMAL","GX","SPECIAL_BRANCH","House rule: NORMAL can branch into same-species special state GX"
"mudkip",260,"NORMAL","NORMAL",260,"NORMAL","V","SPECIAL_BRANCH","House rule: NORMAL can branch into same-species special state V"
"mudkip",260,"NORMAL","NORMAL",260,"NORMAL","MEGA","SPECIAL_BRANCH","House rule: NORMAL can branch into same-species special state MEGA"
"mudkip",260,"NORMAL","V",260,"NORMAL","VMAX","SPECIAL_CHAIN","House rule: V can continue into same-species state VMAX"
"mudkip",260,"NORMAL","V",260,"NORMAL","VSTAR","SPECIAL_CHAIN","House rule: V can continue into same-species state VSTAR"
"munchlax",143,"NORMAL","NORMAL",143,"NORMAL","EX","SPECIAL_BRANCH","House rule: NORMAL can branch into same-species special state EX"
"munchlax",143,"NORMAL","NORMAL",143,"NORMAL","GX","SPECIAL_BRANCH","House rule: NORMAL can branch into same-species special state GX"
"munchlax",143,"NORMAL","NORMAL",143,"NORMAL","V","SPECIAL_BRANCH","House rule: NORMAL can branch into same-species special state V"
"munchlax",143,"NORMAL","NORMAL",143,"NORMAL","MEGA","SPECIAL_BRANCH","House rule: NORMAL can branch into same-species special state MEGA"
"munchlax",143,"NORMAL","V",143,"NORMAL","VMAX","SPECIAL_CHAIN","House rule: V can continue into same-species state VMAX"
"munchlax",143,"NORMAL","V",143,"NORMAL","VSTAR","SPECIAL_CHAIN","House rule: V can continue into same-species state VSTAR"
"munchlax",446,"NORMAL","NORMAL",143,"NORMAL","NORMAL","STANDARD","Standard evolution from species tree"
"munkidori",1015,"NORMAL","NORMAL",1015,"NORMAL","EX","SPECIAL_BRANCH","House rule: NORMAL can branch into same-species special state EX"
"munkidori",1015,"NORMAL","NORMAL",1015,"NORMAL","GX","SPECIAL_BRANCH","House rule: NORMAL can branch into same-species special state GX"
"munkidori",1015,"NORMAL","NORMAL",1015,"NORMAL","V","SPECIAL_BRANCH","House rule: NORMAL can branch into same-species special state V"
"munkidori",1015,"NORMAL","NORMAL",1015,"NORMAL","MEGA","SPECIAL_BRANCH","House rule: NORMAL can branch into same-species special state MEGA"
"munkidori",1015,"NORMAL","V",1015,"NORMAL","VMAX","SPECIAL_CHAIN","House rule: V can continue into same-species state VMAX"
"munkidori",1015,"NORMAL","V",1015,"NORMAL","VSTAR","SPECIAL_CHAIN","House rule: V can continue into same-species state VSTAR"
"munna",517,"NORMAL","NORMAL",517,"NORMAL","EX","SPECIAL_BRANCH","House rule: NORMAL can branch into same-species special state EX"
"munna",517,"NORMAL","NORMAL",517,"NORMAL","GX","SPECIAL_BRANCH","House rule: NORMAL can branch into same-species special state GX"
"munna",517,"NORMAL","NORMAL",517,"NORMAL","V","SPECIAL_BRANCH","House rule: NORMAL can branch into same-species special state V"
"munna",517,"NORMAL","NORMAL",517,"NORMAL","MEGA","SPECIAL_BRANCH","House rule: NORMAL can branch into same-species special state MEGA"
"munna",517,"NORMAL","NORMAL",518,"NORMAL","NORMAL","STANDARD","Standard evolution from species tree"
"munna",517,"NORMAL","V",517,"NORMAL","VMAX","SPECIAL_CHAIN","House rule: V can continue into same-species state VMAX"
"munna",517,"NORMAL","V",517,"NORMAL","VSTAR","SPECIAL_CHAIN","House rule: V can continue into same-species state VSTAR"
"munna",518,"NORMAL","NORMAL",518,"NORMAL","EX","SPECIAL_BRANCH","House rule: NORMAL can branch into same-species special state EX"
"munna",518,"NORMAL","NORMAL",518,"NORMAL","GX","SPECIAL_BRANCH","House rule: NORMAL can branch into same-species special state GX"
"munna",518,"NORMAL","NORMAL",518,"NORMAL","V","SPECIAL_BRANCH","House rule: NORMAL can branch into same-species special state V"
"munna",518,"NORMAL","NORMAL",518,"NORMAL","MEGA","SPECIAL_BRANCH","House rule: NORMAL can branch into same-species special state MEGA"
"munna",518,"NORMAL","V",518,"NORMAL","VMAX","SPECIAL_CHAIN","House rule: V can continue into same-species state VMAX"
"munna",518,"NORMAL","V",518,"NORMAL","VSTAR","SPECIAL_CHAIN","House rule: V can continue into same-species state VSTAR"
"murkrow",198,"NORMAL","NORMAL",198,"NORMAL","EX","SPECIAL_BRANCH","House rule: NORMAL can branch into same-species special state EX"
"murkrow",198,"NORMAL","NORMAL",198,"NORMAL","GX","SPECIAL_BRANCH","House rule: NORMAL can branch into same-species special state GX"
"murkrow",198,"NORMAL","NORMAL",198,"NORMAL","V","SPECIAL_BRANCH","House rule: NORMAL can branch into same-species special state V"
"murkrow",198,"NORMAL","NORMAL",198,"NORMAL","MEGA","SPECIAL_BRANCH","House rule: NORMAL can branch into same-species special state MEGA"
"murkrow",198,"NORMAL","NORMAL",430,"NORMAL","NORMAL","STANDARD","Standard evolution from species tree"
"murkrow",198,"NORMAL","V",198,"NORMAL","VMAX","SPECIAL_CHAIN","House rule: V can continue into same-species state VMAX"
"murkrow",198,"NORMAL","V",198,"NORMAL","VSTAR","SPECIAL_CHAIN","House rule: V can continue into same-species state VSTAR"
"murkrow",430,"NORMAL","NORMAL",430,"NORMAL","EX","SPECIAL_BRANCH","House rule: NORMAL can branch into same-species special state EX"
"murkrow",430,"NORMAL","NORMAL",430,"NORMAL","GX","SPECIAL_BRANCH","House rule: NORMAL can branch into same-species special state GX"
"murkrow",430,"NORMAL","NORMAL",430,"NORMAL","V","SPECIAL_BRANCH","House rule: NORMAL can branch into same-species special state V"
"murkrow",430,"NORMAL","NORMAL",430,"NORMAL","MEGA","SPECIAL_BRANCH","House rule: NORMAL can branch into same-species special state MEGA"
"murkrow",430,"NORMAL","V",430,"NORMAL","VMAX","SPECIAL_CHAIN","House rule: V can continue into same-species state VMAX"
"murkrow",430,"NORMAL","V",430,"NORMAL","VSTAR","SPECIAL_CHAIN","House rule: V can continue into same-species state VSTAR"
"nacli",932,"NORMAL","NORMAL",932,"NORMAL","EX","SPECIAL_BRANCH","House rule: NORMAL can branch into same-species special state EX"
"nacli",932,"NORMAL","NORMAL",932,"NORMAL","GX","SPECIAL_BRANCH","House rule: NORMAL can branch into same-species special state GX"
"nacli",932,"NORMAL","NORMAL",932,"NORMAL","V","SPECIAL_BRANCH","House rule: NORMAL can branch into same-species special state V"
"nacli",932,"NORMAL","NORMAL",932,"NORMAL","MEGA","SPECIAL_BRANCH","House rule: NORMAL can branch into same-species special state MEGA"
"nacli",932,"NORMAL","NORMAL",933,"NORMAL","NORMAL","STANDARD","Standard evolution from species tree"
"nacli",932,"NORMAL","V",932,"NORMAL","VMAX","SPECIAL_CHAIN","House rule: V can continue into same-species state VMAX"
"nacli",932,"NORMAL","V",932,"NORMAL","VSTAR","SPECIAL_CHAIN","House rule: V can continue into same-species state VSTAR"
"nacli",933,"NORMAL","NORMAL",933,"NORMAL","EX","SPECIAL_BRANCH","House rule: NORMAL can branch into same-species special state EX"
"nacli",933,"NORMAL","NORMAL",933,"NORMAL","GX","SPECIAL_BRANCH","House rule: NORMAL can branch into same-species special state GX"
"nacli",933,"NORMAL","NORMAL",933,"NORMAL","V","SPECIAL_BRANCH","House rule: NORMAL can branch into same-species special state V"
"nacli",933,"NORMAL","NORMAL",933,"NORMAL","MEGA","SPECIAL_BRANCH","House rule: NORMAL can branch into same-species special state MEGA"
"nacli",933,"NORMAL","NORMAL",934,"NORMAL","NORMAL","STANDARD","Standard evolution from species tree"
"nacli",933,"NORMAL","V",933,"NORMAL","VMAX","SPECIAL_CHAIN","House rule: V can continue into same-species state VMAX"
"nacli",933,"NORMAL","V",933,"NORMAL","VSTAR","SPECIAL_CHAIN","House rule: V can continue into same-species state VSTAR"
"nacli",934,"NORMAL","NORMAL",934,"NORMAL","EX","SPECIAL_BRANCH","House rule: NORMAL can branch into same-species special state EX"
"nacli",934,"NORMAL","NORMAL",934,"NORMAL","GX","SPECIAL_BRANCH","House rule: NORMAL can branch into same-species special state GX"
"nacli",934,"NORMAL","NORMAL",934,"NORMAL","V","SPECIAL_BRANCH","House rule: NORMAL can branch into same-species special state V"
"nacli",934,"NORMAL","NORMAL",934,"NORMAL","MEGA","SPECIAL_BRANCH","House rule: NORMAL can branch into same-species special state MEGA"
"nacli",934,"NORMAL","V",934,"NORMAL","VMAX","SPECIAL_CHAIN","House rule: V can continue into same-species state VMAX"
"nacli",934,"NORMAL","V",934,"NORMAL","VSTAR","SPECIAL_CHAIN","House rule: V can continue into same-species state VSTAR"
"natu",177,"NORMAL","NORMAL",177,"NORMAL","EX","SPECIAL_BRANCH","House rule: NORMAL can branch into same-species special state EX"
"natu",177,"NORMAL","NORMAL",177,"NORMAL","GX","SPECIAL_BRANCH","House rule: NORMAL can branch into same-species special state GX"
"natu",177,"NORMAL","NORMAL",177,"NORMAL","V","SPECIAL_BRANCH","House rule: NORMAL can branch into same-species special state V"
"natu",177,"NORMAL","NORMAL",177,"NORMAL","MEGA","SPECIAL_BRANCH","House rule: NORMAL can branch into same-species special state MEGA"
"natu",177,"NORMAL","NORMAL",178,"NORMAL","NORMAL","STANDARD","Standard evolution from species tree"
"natu",177,"NORMAL","V",177,"NORMAL","VMAX","SPECIAL_CHAIN","House rule: V can continue into same-species state VMAX"
"natu",177,"NORMAL","V",177,"NORMAL","VSTAR","SPECIAL_CHAIN","House rule: V can continue into same-species state VSTAR"
"natu",178,"NORMAL","NORMAL",178,"NORMAL","EX","SPECIAL_BRANCH","House rule: NORMAL can branch into same-species special state EX"
"natu",178,"NORMAL","NORMAL",178,"NORMAL","GX","SPECIAL_BRANCH","House rule: NORMAL can branch into same-species special state GX"
"natu",178,"NORMAL","NORMAL",178,"NORMAL","V","SPECIAL_BRANCH","House rule: NORMAL can branch into same-species special state V"
"natu",178,"NORMAL","NORMAL",178,"NORMAL","MEGA","SPECIAL_BRANCH","House rule: NORMAL can branch into same-species special state MEGA"
"natu",178,"NORMAL","V",178,"NORMAL","VMAX","SPECIAL_CHAIN","House rule: V can continue into same-species state VMAX"
"natu",178,"NORMAL","V",178,"NORMAL","VSTAR","SPECIAL_CHAIN","House rule: V can continue into same-species state VSTAR"
"necrozma",800,"NORMAL","NORMAL",800,"NORMAL","EX","SPECIAL_BRANCH","House rule: NORMAL can branch into same-species special state EX"
"necrozma",800,"NORMAL","NORMAL",800,"NORMAL","GX","SPECIAL_BRANCH","House rule: NORMAL can branch into same-species special state GX"
"necrozma",800,"NORMAL","NORMAL",800,"NORMAL","V","SPECIAL_BRANCH","House rule: NORMAL can branch into same-species special state V"
"necrozma",800,"NORMAL","NORMAL",800,"NORMAL","MEGA","SPECIAL_BRANCH","House rule: NORMAL can branch into same-species special state MEGA"
"necrozma",800,"NORMAL","V",800,"NORMAL","VMAX","SPECIAL_CHAIN","House rule: V can continue into same-species state VMAX"
"necrozma",800,"NORMAL","V",800,"NORMAL","VSTAR","SPECIAL_CHAIN","House rule: V can continue into same-species state VSTAR"
"nickit",827,"NORMAL","NORMAL",827,"NORMAL","EX","SPECIAL_BRANCH","House rule: NORMAL can branch into same-species special state EX"
"nickit",827,"NORMAL","NORMAL",827,"NORMAL","GX","SPECIAL_BRANCH","House rule: NORMAL can branch into same-species special state GX"
"nickit",827,"NORMAL","NORMAL",827,"NORMAL","V","SPECIAL_BRANCH","House rule: NORMAL can branch into same-species special state V"
"nickit",827,"NORMAL","NORMAL",827,"NORMAL","MEGA","SPECIAL_BRANCH","House rule: NORMAL can branch into same-species special state MEGA"
"nickit",827,"NORMAL","NORMAL",828,"NORMAL","NORMAL","STANDARD","Standard evolution from species tree"
"nickit",827,"NORMAL","V",827,"NORMAL","VMAX","SPECIAL_CHAIN","House rule: V can continue into same-species state VMAX"
"nickit",827,"NORMAL","V",827,"NORMAL","VSTAR","SPECIAL_CHAIN","House rule: V can continue into same-species state VSTAR"
"nickit",828,"NORMAL","NORMAL",828,"NORMAL","EX","SPECIAL_BRANCH","House rule: NORMAL can branch into same-species special state EX"
"nickit",828,"NORMAL","NORMAL",828,"NORMAL","GX","SPECIAL_BRANCH","House rule: NORMAL can branch into same-species special state GX"
"nickit",828,"NORMAL","NORMAL",828,"NORMAL","V","SPECIAL_BRANCH","House rule: NORMAL can branch into same-species special state V"
"nickit",828,"NORMAL","NORMAL",828,"NORMAL","MEGA","SPECIAL_BRANCH","House rule: NORMAL can branch into same-species special state MEGA"
"nickit",828,"NORMAL","V",828,"NORMAL","VMAX","SPECIAL_CHAIN","House rule: V can continue into same-species state VMAX"
"nickit",828,"NORMAL","V",828,"NORMAL","VSTAR","SPECIAL_CHAIN","House rule: V can continue into same-species state VSTAR"
"nidoran-f",29,"NORMAL","NORMAL",29,"NORMAL","EX","SPECIAL_BRANCH","House rule: NORMAL can branch into same-species special state EX"
"nidoran-f",29,"NORMAL","NORMAL",29,"NORMAL","GX","SPECIAL_BRANCH","House rule: NORMAL can branch into same-species special state GX"
"nidoran-f",29,"NORMAL","NORMAL",29,"NORMAL","V","SPECIAL_BRANCH","House rule: NORMAL can branch into same-species special state V"
"nidoran-f",29,"NORMAL","NORMAL",29,"NORMAL","MEGA","SPECIAL_BRANCH","House rule: NORMAL can branch into same-species special state MEGA"
"nidoran-f",29,"NORMAL","NORMAL",30,"NORMAL","NORMAL","STANDARD","Standard evolution from species tree"
"nidoran-f",29,"NORMAL","V",29,"NORMAL","VMAX","SPECIAL_CHAIN","House rule: V can continue into same-species state VMAX"
"nidoran-f",29,"NORMAL","V",29,"NORMAL","VSTAR","SPECIAL_CHAIN","House rule: V can continue into same-species state VSTAR"
"nidoran-f",30,"NORMAL","NORMAL",30,"NORMAL","EX","SPECIAL_BRANCH","House rule: NORMAL can branch into same-species special state EX"
"nidoran-f",30,"NORMAL","NORMAL",30,"NORMAL","GX","SPECIAL_BRANCH","House rule: NORMAL can branch into same-species special state GX"
"nidoran-f",30,"NORMAL","NORMAL",30,"NORMAL","V","SPECIAL_BRANCH","House rule: NORMAL can branch into same-species special state V"
"nidoran-f",30,"NORMAL","NORMAL",30,"NORMAL","MEGA","SPECIAL_BRANCH","House rule: NORMAL can branch into same-species special state MEGA"
"nidoran-f",30,"NORMAL","NORMAL",31,"NORMAL","NORMAL","STANDARD","Standard evolution from species tree"
"nidoran-f",30,"NORMAL","V",30,"NORMAL","VMAX","SPECIAL_CHAIN","House rule: V can continue into same-species state VMAX"
"nidoran-f",30,"NORMAL","V",30,"NORMAL","VSTAR","SPECIAL_CHAIN","House rule: V can continue into same-species state VSTAR"
"nidoran-f",31,"NORMAL","NORMAL",31,"NORMAL","EX","SPECIAL_BRANCH","House rule: NORMAL can branch into same-species special state EX"
"nidoran-f",31,"NORMAL","NORMAL",31,"NORMAL","GX","SPECIAL_BRANCH","House rule: NORMAL can branch into same-species special state GX"
"nidoran-f",31,"NORMAL","NORMAL",31,"NORMAL","V","SPECIAL_BRANCH","House rule: NORMAL can branch into same-species special state V"
"nidoran-f",31,"NORMAL","NORMAL",31,"NORMAL","MEGA","SPECIAL_BRANCH","House rule: NORMAL can branch into same-species special state MEGA"
"nidoran-f",31,"NORMAL","V",31,"NORMAL","VMAX","SPECIAL_CHAIN","House rule: V can continue into same-species state VMAX"
"nidoran-f",31,"NORMAL","V",31,"NORMAL","VSTAR","SPECIAL_CHAIN","House rule: V can continue into same-species state VSTAR"
"nidoran-m",32,"NORMAL","NORMAL",32,"NORMAL","EX","SPECIAL_BRANCH","House rule: NORMAL can branch into same-species special state EX"
"nidoran-m",32,"NORMAL","NORMAL",32,"NORMAL","GX","SPECIAL_BRANCH","House rule: NORMAL can branch into same-species special state GX"
"nidoran-m",32,"NORMAL","NORMAL",32,"NORMAL","V","SPECIAL_BRANCH","House rule: NORMAL can branch into same-species special state V"
"nidoran-m",32,"NORMAL","NORMAL",32,"NORMAL","MEGA","SPECIAL_BRANCH","House rule: NORMAL can branch into same-species special state MEGA"
"nidoran-m",32,"NORMAL","NORMAL",33,"NORMAL","NORMAL","STANDARD","Standard evolution from species tree"
"nidoran-m",32,"NORMAL","V",32,"NORMAL","VMAX","SPECIAL_CHAIN","House rule: V can continue into same-species state VMAX"
"nidoran-m",32,"NORMAL","V",32,"NORMAL","VSTAR","SPECIAL_CHAIN","House rule: V can continue into same-species state VSTAR"
"nidoran-m",33,"NORMAL","NORMAL",33,"NORMAL","EX","SPECIAL_BRANCH","House rule: NORMAL can branch into same-species special state EX"
"nidoran-m",33,"NORMAL","NORMAL",33,"NORMAL","GX","SPECIAL_BRANCH","House rule: NORMAL can branch into same-species special state GX"
"nidoran-m",33,"NORMAL","NORMAL",33,"NORMAL","V","SPECIAL_BRANCH","House rule: NORMAL can branch into same-species special state V"
"nidoran-m",33,"NORMAL","NORMAL",33,"NORMAL","MEGA","SPECIAL_BRANCH","House rule: NORMAL can branch into same-species special state MEGA"
"nidoran-m",33,"NORMAL","NORMAL",34,"NORMAL","NORMAL","STANDARD","Standard evolution from species tree"
"nidoran-m",33,"NORMAL","V",33,"NORMAL","VMAX","SPECIAL_CHAIN","House rule: V can continue into same-species state VMAX"
"nidoran-m",33,"NORMAL","V",33,"NORMAL","VSTAR","SPECIAL_CHAIN","House rule: V can continue into same-species state VSTAR"
"nidoran-m",34,"NORMAL","NORMAL",34,"NORMAL","EX","SPECIAL_BRANCH","House rule: NORMAL can branch into same-species special state EX"
"nidoran-m",34,"NORMAL","NORMAL",34,"NORMAL","GX","SPECIAL_BRANCH","House rule: NORMAL can branch into same-species special state GX"
"nidoran-m",34,"NORMAL","NORMAL",34,"NORMAL","V","SPECIAL_BRANCH","House rule: NORMAL can branch into same-species special state V"
"nidoran-m",34,"NORMAL","NORMAL",34,"NORMAL","MEGA","SPECIAL_BRANCH","House rule: NORMAL can branch into same-species special state MEGA"
"nidoran-m",34,"NORMAL","V",34,"NORMAL","VMAX","SPECIAL_CHAIN","House rule: V can continue into same-species state VMAX"
"nidoran-m",34,"NORMAL","V",34,"NORMAL","VSTAR","SPECIAL_CHAIN","House rule: V can continue into same-species state VSTAR"
"nihilego",793,"NORMAL","NORMAL",793,"NORMAL","EX","SPECIAL_BRANCH","House rule: NORMAL can branch into same-species special state EX"
"nihilego",793,"NORMAL","NORMAL",793,"NORMAL","GX","SPECIAL_BRANCH","House rule: NORMAL can branch into same-species special state GX"
"nihilego",793,"NORMAL","NORMAL",793,"NORMAL","V","SPECIAL_BRANCH","House rule: NORMAL can branch into same-species special state V"
"nihilego",793,"NORMAL","NORMAL",793,"NORMAL","MEGA","SPECIAL_BRANCH","House rule: NORMAL can branch into same-species special state MEGA"
"nihilego",793,"NORMAL","V",793,"NORMAL","VMAX","SPECIAL_CHAIN","House rule: V can continue into same-species state VMAX"
"nihilego",793,"NORMAL","V",793,"NORMAL","VSTAR","SPECIAL_CHAIN","House rule: V can continue into same-species state VSTAR"
"nincada",290,"NORMAL","NORMAL",290,"NORMAL","EX","SPECIAL_BRANCH","House rule: NORMAL can branch into same-species special state EX"
"nincada",290,"NORMAL","NORMAL",290,"NORMAL","GX","SPECIAL_BRANCH","House rule: NORMAL can branch into same-species special state GX"
"nincada",290,"NORMAL","NORMAL",290,"NORMAL","V","SPECIAL_BRANCH","House rule: NORMAL can branch into same-species special state V"
"nincada",290,"NORMAL","NORMAL",290,"NORMAL","MEGA","SPECIAL_BRANCH","House rule: NORMAL can branch into same-species special state MEGA"
"nincada",290,"NORMAL","NORMAL",291,"NORMAL","NORMAL","STANDARD","Standard evolution from species tree"
"nincada",290,"NORMAL","NORMAL",292,"NORMAL","NORMAL","STANDARD","Standard evolution from species tree"
"nincada",290,"NORMAL","V",290,"NORMAL","VMAX","SPECIAL_CHAIN","House rule: V can continue into same-species state VMAX"
"nincada",290,"NORMAL","V",290,"NORMAL","VSTAR","SPECIAL_CHAIN","House rule: V can continue into same-species state VSTAR"
"nincada",291,"NORMAL","NORMAL",291,"NORMAL","EX","SPECIAL_BRANCH","House rule: NORMAL can branch into same-species special state EX"
"nincada",291,"NORMAL","NORMAL",291,"NORMAL","GX","SPECIAL_BRANCH","House rule: NORMAL can branch into same-species special state GX"
"nincada",291,"NORMAL","NORMAL",291,"NORMAL","V","SPECIAL_BRANCH","House rule: NORMAL can branch into same-species special state V"
"nincada",291,"NORMAL","NORMAL",291,"NORMAL","MEGA","SPECIAL_BRANCH","House rule: NORMAL can branch into same-species special state MEGA"
"nincada",291,"NORMAL","V",291,"NORMAL","VMAX","SPECIAL_CHAIN","House rule: V can continue into same-species state VMAX"
"nincada",291,"NORMAL","V",291,"NORMAL","VSTAR","SPECIAL_CHAIN","House rule: V can continue into same-species state VSTAR"
"nincada",292,"NORMAL","NORMAL",292,"NORMAL","EX","SPECIAL_BRANCH","House rule: NORMAL can branch into same-species special state EX"
"nincada",292,"NORMAL","NORMAL",292,"NORMAL","GX","SPECIAL_BRANCH","House rule: NORMAL can branch into same-species special state GX"
"nincada",292,"NORMAL","NORMAL",292,"NORMAL","V","SPECIAL_BRANCH","House rule: NORMAL can branch into same-species special state V"
"nincada",292,"NORMAL","NORMAL",292,"NORMAL","MEGA","SPECIAL_BRANCH","House rule: NORMAL can branch into same-species special state MEGA"
"nincada",292,"NORMAL","V",292,"NORMAL","VMAX","SPECIAL_CHAIN","House rule: V can continue into same-species state VMAX"
"nincada",292,"NORMAL","V",292,"NORMAL","VSTAR","SPECIAL_CHAIN","House rule: V can continue into same-species state VSTAR"
"noibat",714,"NORMAL","NORMAL",714,"NORMAL","EX","SPECIAL_BRANCH","House rule: NORMAL can branch into same-species special state EX"
"noibat",714,"NORMAL","NORMAL",714,"NORMAL","GX","SPECIAL_BRANCH","House rule: NORMAL can branch into same-species special state GX"
"noibat",714,"NORMAL","NORMAL",714,"NORMAL","V","SPECIAL_BRANCH","House rule: NORMAL can branch into same-species special state V"
"noibat",714,"NORMAL","NORMAL",714,"NORMAL","MEGA","SPECIAL_BRANCH","House rule: NORMAL can branch into same-species special state MEGA"
"noibat",714,"NORMAL","NORMAL",715,"NORMAL","NORMAL","STANDARD","Standard evolution from species tree"
"noibat",714,"NORMAL","V",714,"NORMAL","VMAX","SPECIAL_CHAIN","House rule: V can continue into same-species state VMAX"
"noibat",714,"NORMAL","V",714,"NORMAL","VSTAR","SPECIAL_CHAIN","House rule: V can continue into same-species state VSTAR"
"noibat",715,"NORMAL","NORMAL",715,"NORMAL","EX","SPECIAL_BRANCH","House rule: NORMAL can branch into same-species special state EX"
"noibat",715,"NORMAL","NORMAL",715,"NORMAL","GX","SPECIAL_BRANCH","House rule: NORMAL can branch into same-species special state GX"
"noibat",715,"NORMAL","NORMAL",715,"NORMAL","V","SPECIAL_BRANCH","House rule: NORMAL can branch into same-species special state V"
"noibat",715,"NORMAL","NORMAL",715,"NORMAL","MEGA","SPECIAL_BRANCH","House rule: NORMAL can branch into same-species special state MEGA"
"noibat",715,"NORMAL","V",715,"NORMAL","VMAX","SPECIAL_CHAIN","House rule: V can continue into same-species state VMAX"
"noibat",715,"NORMAL","V",715,"NORMAL","VSTAR","SPECIAL_CHAIN","House rule: V can continue into same-species state VSTAR"
"nosepass",299,"NORMAL","NORMAL",299,"NORMAL","EX","SPECIAL_BRANCH","House rule: NORMAL can branch into same-species special state EX"
"nosepass",299,"NORMAL","NORMAL",299,"NORMAL","GX","SPECIAL_BRANCH","House rule: NORMAL can branch into same-species special state GX"
"nosepass",299,"NORMAL","NORMAL",299,"NORMAL","V","SPECIAL_BRANCH","House rule: NORMAL can branch into same-species special state V"
"nosepass",299,"NORMAL","NORMAL",299,"NORMAL","MEGA","SPECIAL_BRANCH","House rule: NORMAL can branch into same-species special state MEGA"
"nosepass",299,"NORMAL","NORMAL",476,"NORMAL","NORMAL","STANDARD","Standard evolution from species tree"
"nosepass",299,"NORMAL","V",299,"NORMAL","VMAX","SPECIAL_CHAIN","House rule: V can continue into same-species state VMAX"
"nosepass",299,"NORMAL","V",299,"NORMAL","VSTAR","SPECIAL_CHAIN","House rule: V can continue into same-species state VSTAR"
"nosepass",476,"NORMAL","NORMAL",476,"NORMAL","EX","SPECIAL_BRANCH","House rule: NORMAL can branch into same-species special state EX"
"nosepass",476,"NORMAL","NORMAL",476,"NORMAL","GX","SPECIAL_BRANCH","House rule: NORMAL can branch into same-species special state GX"
"nosepass",476,"NORMAL","NORMAL",476,"NORMAL","V","SPECIAL_BRANCH","House rule: NORMAL can branch into same-species special state V"
"nosepass",476,"NORMAL","NORMAL",476,"NORMAL","MEGA","SPECIAL_BRANCH","House rule: NORMAL can branch into same-species special state MEGA"
"nosepass",476,"NORMAL","V",476,"NORMAL","VMAX","SPECIAL_CHAIN","House rule: V can continue into same-species state VMAX"
"nosepass",476,"NORMAL","V",476,"NORMAL","VSTAR","SPECIAL_CHAIN","House rule: V can continue into same-species state VSTAR"
"numel",322,"NORMAL","NORMAL",322,"NORMAL","EX","SPECIAL_BRANCH","House rule: NORMAL can branch into same-species special state EX"
"numel",322,"NORMAL","NORMAL",322,"NORMAL","GX","SPECIAL_BRANCH","House rule: NORMAL can branch into same-species special state GX"
"numel",322,"NORMAL","NORMAL",322,"NORMAL","V","SPECIAL_BRANCH","House rule: NORMAL can branch into same-species special state V"
"numel",322,"NORMAL","NORMAL",322,"NORMAL","MEGA","SPECIAL_BRANCH","House rule: NORMAL can branch into same-species special state MEGA"
"numel",322,"NORMAL","NORMAL",323,"NORMAL","NORMAL","STANDARD","Standard evolution from species tree"
"numel",322,"NORMAL","V",322,"NORMAL","VMAX","SPECIAL_CHAIN","House rule: V can continue into same-species state VMAX"
"numel",322,"NORMAL","V",322,"NORMAL","VSTAR","SPECIAL_CHAIN","House rule: V can continue into same-species state VSTAR"
"numel",323,"NORMAL","NORMAL",323,"NORMAL","EX","SPECIAL_BRANCH","House rule: NORMAL can branch into same-species special state EX"
"numel",323,"NORMAL","NORMAL",323,"NORMAL","GX","SPECIAL_BRANCH","House rule: NORMAL can branch into same-species special state GX"
"numel",323,"NORMAL","NORMAL",323,"NORMAL","V","SPECIAL_BRANCH","House rule: NORMAL can branch into same-species special state V"
"numel",323,"NORMAL","NORMAL",323,"NORMAL","MEGA","SPECIAL_BRANCH","House rule: NORMAL can branch into same-species special state MEGA"
"numel",323,"NORMAL","V",323,"NORMAL","VMAX","SPECIAL_CHAIN","House rule: V can continue into same-species state VMAX"
"numel",323,"NORMAL","V",323,"NORMAL","VSTAR","SPECIAL_CHAIN","House rule: V can continue into same-species state VSTAR"
"nymble",919,"NORMAL","NORMAL",919,"NORMAL","EX","SPECIAL_BRANCH","House rule: NORMAL can branch into same-species special state EX"
"nymble",919,"NORMAL","NORMAL",919,"NORMAL","GX","SPECIAL_BRANCH","House rule: NORMAL can branch into same-species special state GX"
"nymble",919,"NORMAL","NORMAL",919,"NORMAL","V","SPECIAL_BRANCH","House rule: NORMAL can branch into same-species special state V"
"nymble",919,"NORMAL","NORMAL",919,"NORMAL","MEGA","SPECIAL_BRANCH","House rule: NORMAL can branch into same-species special state MEGA"
"nymble",919,"NORMAL","NORMAL",920,"NORMAL","NORMAL","STANDARD","Standard evolution from species tree"
"nymble",919,"NORMAL","V",919,"NORMAL","VMAX","SPECIAL_CHAIN","House rule: V can continue into same-species state VMAX"
"nymble",919,"NORMAL","V",919,"NORMAL","VSTAR","SPECIAL_CHAIN","House rule: V can continue into same-species state VSTAR"
"nymble",920,"NORMAL","NORMAL",920,"NORMAL","EX","SPECIAL_BRANCH","House rule: NORMAL can branch into same-species special state EX"
"nymble",920,"NORMAL","NORMAL",920,"NORMAL","GX","SPECIAL_BRANCH","House rule: NORMAL can branch into same-species special state GX"
"nymble",920,"NORMAL","NORMAL",920,"NORMAL","V","SPECIAL_BRANCH","House rule: NORMAL can branch into same-species special state V"
"nymble",920,"NORMAL","NORMAL",920,"NORMAL","MEGA","SPECIAL_BRANCH","House rule: NORMAL can branch into same-species special state MEGA"
"nymble",920,"NORMAL","V",920,"NORMAL","VMAX","SPECIAL_CHAIN","House rule: V can continue into same-species state VMAX"
"nymble",920,"NORMAL","V",920,"NORMAL","VSTAR","SPECIAL_CHAIN","House rule: V can continue into same-species state VSTAR"
"oddish",43,"NORMAL","NORMAL",43,"NORMAL","EX","SPECIAL_BRANCH","House rule: NORMAL can branch into same-species special state EX"
"oddish",43,"NORMAL","NORMAL",43,"NORMAL","GX","SPECIAL_BRANCH","House rule: NORMAL can branch into same-species special state GX"
"oddish",43,"NORMAL","NORMAL",43,"NORMAL","V","SPECIAL_BRANCH","House rule: NORMAL can branch into same-species special state V"
"oddish",43,"NORMAL","NORMAL",43,"NORMAL","MEGA","SPECIAL_BRANCH","House rule: NORMAL can branch into same-species special state MEGA"
"oddish",43,"NORMAL","NORMAL",44,"NORMAL","NORMAL","STANDARD","Standard evolution from species tree"
"oddish",43,"NORMAL","V",43,"NORMAL","VMAX","SPECIAL_CHAIN","House rule: V can continue into same-species state VMAX"
"oddish",43,"NORMAL","V",43,"NORMAL","VSTAR","SPECIAL_CHAIN","House rule: V can continue into same-species state VSTAR"
"oddish",44,"NORMAL","NORMAL",44,"NORMAL","EX","SPECIAL_BRANCH","House rule: NORMAL can branch into same-species special state EX"
"oddish",44,"NORMAL","NORMAL",44,"NORMAL","GX","SPECIAL_BRANCH","House rule: NORMAL can branch into same-species special state GX"
"oddish",44,"NORMAL","NORMAL",44,"NORMAL","V","SPECIAL_BRANCH","House rule: NORMAL can branch into same-species special state V"
"oddish",44,"NORMAL","NORMAL",44,"NORMAL","MEGA","SPECIAL_BRANCH","House rule: NORMAL can branch into same-species special state MEGA"
"oddish",44,"NORMAL","NORMAL",45,"NORMAL","NORMAL","STANDARD","Standard evolution from species tree"
"oddish",44,"NORMAL","NORMAL",182,"NORMAL","NORMAL","STANDARD","Standard evolution from species tree"
"oddish",44,"NORMAL","V",44,"NORMAL","VMAX","SPECIAL_CHAIN","House rule: V can continue into same-species state VMAX"
"oddish",44,"NORMAL","V",44,"NORMAL","VSTAR","SPECIAL_CHAIN","House rule: V can continue into same-species state VSTAR"
"oddish",45,"NORMAL","NORMAL",45,"NORMAL","EX","SPECIAL_BRANCH","House rule: NORMAL can branch into same-species special state EX"
"oddish",45,"NORMAL","NORMAL",45,"NORMAL","GX","SPECIAL_BRANCH","House rule: NORMAL can branch into same-species special state GX"
"oddish",45,"NORMAL","NORMAL",45,"NORMAL","V","SPECIAL_BRANCH","House rule: NORMAL can branch into same-species special state V"
"oddish",45,"NORMAL","NORMAL",45,"NORMAL","MEGA","SPECIAL_BRANCH","House rule: NORMAL can branch into same-species special state MEGA"
"oddish",45,"NORMAL","V",45,"NORMAL","VMAX","SPECIAL_CHAIN","House rule: V can continue into same-species state VMAX"
"oddish",45,"NORMAL","V",45,"NORMAL","VSTAR","SPECIAL_CHAIN","House rule: V can continue into same-species state VSTAR"
"oddish",182,"NORMAL","NORMAL",182,"NORMAL","EX","SPECIAL_BRANCH","House rule: NORMAL can branch into same-species special state EX"
"oddish",182,"NORMAL","NORMAL",182,"NORMAL","GX","SPECIAL_BRANCH","House rule: NORMAL can branch into same-species special state GX"
"oddish",182,"NORMAL","NORMAL",182,"NORMAL","V","SPECIAL_BRANCH","House rule: NORMAL can branch into same-species special state V"
"oddish",182,"NORMAL","NORMAL",182,"NORMAL","MEGA","SPECIAL_BRANCH","House rule: NORMAL can branch into same-species special state MEGA"
"oddish",182,"NORMAL","V",182,"NORMAL","VMAX","SPECIAL_CHAIN","House rule: V can continue into same-species state VMAX"
"oddish",182,"NORMAL","V",182,"NORMAL","VSTAR","SPECIAL_CHAIN","House rule: V can continue into same-species state VSTAR"
"ogerpon",1017,"NORMAL","NORMAL",1017,"NORMAL","EX","SPECIAL_BRANCH","House rule: NORMAL can branch into same-species special state EX"
"ogerpon",1017,"NORMAL","NORMAL",1017,"NORMAL","GX","SPECIAL_BRANCH","House rule: NORMAL can branch into same-species special state GX"
"ogerpon",1017,"NORMAL","NORMAL",1017,"NORMAL","V","SPECIAL_BRANCH","House rule: NORMAL can branch into same-species special state V"
"ogerpon",1017,"NORMAL","NORMAL",1017,"NORMAL","MEGA","SPECIAL_BRANCH","House rule: NORMAL can branch into same-species special state MEGA"
"ogerpon",1017,"NORMAL","V",1017,"NORMAL","VMAX","SPECIAL_CHAIN","House rule: V can continue into same-species state VMAX"
"ogerpon",1017,"NORMAL","V",1017,"NORMAL","VSTAR","SPECIAL_CHAIN","House rule: V can continue into same-species state VSTAR"
"okidogi",1014,"NORMAL","NORMAL",1014,"NORMAL","EX","SPECIAL_BRANCH","House rule: NORMAL can branch into same-species special state EX"
"okidogi",1014,"NORMAL","NORMAL",1014,"NORMAL","GX","SPECIAL_BRANCH","House rule: NORMAL can branch into same-species special state GX"
"okidogi",1014,"NORMAL","NORMAL",1014,"NORMAL","V","SPECIAL_BRANCH","House rule: NORMAL can branch into same-species special state V"
"okidogi",1014,"NORMAL","NORMAL",1014,"NORMAL","MEGA","SPECIAL_BRANCH","House rule: NORMAL can branch into same-species special state MEGA"
"okidogi",1014,"NORMAL","V",1014,"NORMAL","VMAX","SPECIAL_CHAIN","House rule: V can continue into same-species state VMAX"
"okidogi",1014,"NORMAL","V",1014,"NORMAL","VSTAR","SPECIAL_CHAIN","House rule: V can continue into same-species state VSTAR"
"omanyte",138,"NORMAL","NORMAL",138,"NORMAL","EX","SPECIAL_BRANCH","House rule: NORMAL can branch into same-species special state EX"
"omanyte",138,"NORMAL","NORMAL",138,"NORMAL","GX","SPECIAL_BRANCH","House rule: NORMAL can branch into same-species special state GX"
"omanyte",138,"NORMAL","NORMAL",138,"NORMAL","V","SPECIAL_BRANCH","House rule: NORMAL can branch into same-species special state V"
"omanyte",138,"NORMAL","NORMAL",138,"NORMAL","MEGA","SPECIAL_BRANCH","House rule: NORMAL can branch into same-species special state MEGA"
"omanyte",138,"NORMAL","NORMAL",139,"NORMAL","NORMAL","STANDARD","Standard evolution from species tree"
"omanyte",138,"NORMAL","V",138,"NORMAL","VMAX","SPECIAL_CHAIN","House rule: V can continue into same-species state VMAX"
"omanyte",138,"NORMAL","V",138,"NORMAL","VSTAR","SPECIAL_CHAIN","House rule: V can continue into same-species state VSTAR"
"omanyte",139,"NORMAL","NORMAL",139,"NORMAL","EX","SPECIAL_BRANCH","House rule: NORMAL can branch into same-species special state EX"
"omanyte",139,"NORMAL","NORMAL",139,"NORMAL","GX","SPECIAL_BRANCH","House rule: NORMAL can branch into same-species special state GX"
"omanyte",139,"NORMAL","NORMAL",139,"NORMAL","V","SPECIAL_BRANCH","House rule: NORMAL can branch into same-species special state V"
"omanyte",139,"NORMAL","NORMAL",139,"NORMAL","MEGA","SPECIAL_BRANCH","House rule: NORMAL can branch into same-species special state MEGA"
"omanyte",139,"NORMAL","V",139,"NORMAL","VMAX","SPECIAL_CHAIN","House rule: V can continue into same-species state VMAX"
"omanyte",139,"NORMAL","V",139,"NORMAL","VSTAR","SPECIAL_CHAIN","House rule: V can continue into same-species state VSTAR"
"onix",95,"NORMAL","NORMAL",95,"NORMAL","EX","SPECIAL_BRANCH","House rule: NORMAL can branch into same-species special state EX"
"onix",95,"NORMAL","NORMAL",95,"NORMAL","GX","SPECIAL_BRANCH","House rule: NORMAL can branch into same-species special state GX"
"onix",95,"NORMAL","NORMAL",95,"NORMAL","V","SPECIAL_BRANCH","House rule: NORMAL can branch into same-species special state V"
"onix",95,"NORMAL","NORMAL",95,"NORMAL","MEGA","SPECIAL_BRANCH","House rule: NORMAL can branch into same-species special state MEGA"
"onix",95,"NORMAL","NORMAL",208,"NORMAL","NORMAL","STANDARD","Standard evolution from species tree"
"onix",95,"NORMAL","V",95,"NORMAL","VMAX","SPECIAL_CHAIN","House rule: V can continue into same-species state VMAX"
"onix",95,"NORMAL","V",95,"NORMAL","VSTAR","SPECIAL_CHAIN","House rule: V can continue into same-species state VSTAR"
"onix",208,"NORMAL","NORMAL",208,"NORMAL","EX","SPECIAL_BRANCH","House rule: NORMAL can branch into same-species special state EX"
"onix",208,"NORMAL","NORMAL",208,"NORMAL","GX","SPECIAL_BRANCH","House rule: NORMAL can branch into same-species special state GX"
"onix",208,"NORMAL","NORMAL",208,"NORMAL","V","SPECIAL_BRANCH","House rule: NORMAL can branch into same-species special state V"
"onix",208,"NORMAL","NORMAL",208,"NORMAL","MEGA","SPECIAL_BRANCH","House rule: NORMAL can branch into same-species special state MEGA"
"onix",208,"NORMAL","V",208,"NORMAL","VMAX","SPECIAL_CHAIN","House rule: V can continue into same-species state VMAX"
"onix",208,"NORMAL","V",208,"NORMAL","VSTAR","SPECIAL_CHAIN","House rule: V can continue into same-species state VSTAR"
"oranguru",765,"NORMAL","NORMAL",765,"NORMAL","EX","SPECIAL_BRANCH","House rule: NORMAL can branch into same-species special state EX"
"oranguru",765,"NORMAL","NORMAL",765,"NORMAL","GX","SPECIAL_BRANCH","House rule: NORMAL can branch into same-species special state GX"
"oranguru",765,"NORMAL","NORMAL",765,"NORMAL","V","SPECIAL_BRANCH","House rule: NORMAL can branch into same-species special state V"
"oranguru",765,"NORMAL","NORMAL",765,"NORMAL","MEGA","SPECIAL_BRANCH","House rule: NORMAL can branch into same-species special state MEGA"
"oranguru",765,"NORMAL","V",765,"NORMAL","VMAX","SPECIAL_CHAIN","House rule: V can continue into same-species state VMAX"
"oranguru",765,"NORMAL","V",765,"NORMAL","VSTAR","SPECIAL_CHAIN","House rule: V can continue into same-species state VSTAR"
"oricorio",741,"NORMAL","NORMAL",741,"NORMAL","EX","SPECIAL_BRANCH","House rule: NORMAL can branch into same-species special state EX"
"oricorio",741,"NORMAL","NORMAL",741,"NORMAL","GX","SPECIAL_BRANCH","House rule: NORMAL can branch into same-species special state GX"
"oricorio",741,"NORMAL","NORMAL",741,"NORMAL","V","SPECIAL_BRANCH","House rule: NORMAL can branch into same-species special state V"
"oricorio",741,"NORMAL","NORMAL",741,"NORMAL","MEGA","SPECIAL_BRANCH","House rule: NORMAL can branch into same-species special state MEGA"
"oricorio",741,"NORMAL","V",741,"NORMAL","VMAX","SPECIAL_CHAIN","House rule: V can continue into same-species state VMAX"
"oricorio",741,"NORMAL","V",741,"NORMAL","VSTAR","SPECIAL_CHAIN","House rule: V can continue into same-species state VSTAR"
"orthworm",968,"NORMAL","NORMAL",968,"NORMAL","EX","SPECIAL_BRANCH","House rule: NORMAL can branch into same-species special state EX"
"orthworm",968,"NORMAL","NORMAL",968,"NORMAL","GX","SPECIAL_BRANCH","House rule: NORMAL can branch into same-species special state GX"
"orthworm",968,"NORMAL","NORMAL",968,"NORMAL","V","SPECIAL_BRANCH","House rule: NORMAL can branch into same-species special state V"
"orthworm",968,"NORMAL","NORMAL",968,"NORMAL","MEGA","SPECIAL_BRANCH","House rule: NORMAL can branch into same-species special state MEGA"
"orthworm",968,"NORMAL","V",968,"NORMAL","VMAX","SPECIAL_CHAIN","House rule: V can continue into same-species state VMAX"
"orthworm",968,"NORMAL","V",968,"NORMAL","VSTAR","SPECIAL_CHAIN","House rule: V can continue into same-species state VSTAR"
"oshawott",501,"NORMAL","NORMAL",501,"NORMAL","EX","SPECIAL_BRANCH","House rule: NORMAL can branch into same-species special state EX"
"oshawott",501,"NORMAL","NORMAL",501,"NORMAL","GX","SPECIAL_BRANCH","House rule: NORMAL can branch into same-species special state GX"
"oshawott",501,"NORMAL","NORMAL",501,"NORMAL","V","SPECIAL_BRANCH","House rule: NORMAL can branch into same-species special state V"
"oshawott",501,"NORMAL","NORMAL",501,"NORMAL","MEGA","SPECIAL_BRANCH","House rule: NORMAL can branch into same-species special state MEGA"
"oshawott",501,"NORMAL","NORMAL",502,"NORMAL","NORMAL","STANDARD","Standard evolution from species tree"
"oshawott",501,"NORMAL","V",501,"NORMAL","VMAX","SPECIAL_CHAIN","House rule: V can continue into same-species state VMAX"
"oshawott",501,"NORMAL","V",501,"NORMAL","VSTAR","SPECIAL_CHAIN","House rule: V can continue into same-species state VSTAR"
"oshawott",502,"NORMAL","NORMAL",502,"NORMAL","EX","SPECIAL_BRANCH","House rule: NORMAL can branch into same-species special state EX"
"oshawott",502,"NORMAL","NORMAL",502,"NORMAL","GX","SPECIAL_BRANCH","House rule: NORMAL can branch into same-species special state GX"
"oshawott",502,"NORMAL","NORMAL",502,"NORMAL","V","SPECIAL_BRANCH","House rule: NORMAL can branch into same-species special state V"
"oshawott",502,"NORMAL","NORMAL",502,"NORMAL","MEGA","SPECIAL_BRANCH","House rule: NORMAL can branch into same-species special state MEGA"
"oshawott",502,"NORMAL","NORMAL",503,"NORMAL","NORMAL","STANDARD","Standard evolution from species tree"
"oshawott",502,"NORMAL","V",502,"NORMAL","VMAX","SPECIAL_CHAIN","House rule: V can continue into same-species state VMAX"
"oshawott",502,"NORMAL","V",502,"NORMAL","VSTAR","SPECIAL_CHAIN","House rule: V can continue into same-species state VSTAR"
"oshawott",503,"NORMAL","NORMAL",503,"NORMAL","EX","SPECIAL_BRANCH","House rule: NORMAL can branch into same-species special state EX"
"oshawott",503,"NORMAL","NORMAL",503,"NORMAL","GX","SPECIAL_BRANCH","House rule: NORMAL can branch into same-species special state GX"
"oshawott",503,"NORMAL","NORMAL",503,"NORMAL","V","SPECIAL_BRANCH","House rule: NORMAL can branch into same-species special state V"
"oshawott",503,"NORMAL","NORMAL",503,"NORMAL","MEGA","SPECIAL_BRANCH","House rule: NORMAL can branch into same-species special state MEGA"
"oshawott",503,"NORMAL","V",503,"NORMAL","VMAX","SPECIAL_CHAIN","House rule: V can continue into same-species state VMAX"
"oshawott",503,"NORMAL","V",503,"NORMAL","VSTAR","SPECIAL_CHAIN","House rule: V can continue into same-species state VSTAR"
"pachirisu",417,"NORMAL","NORMAL",417,"NORMAL","EX","SPECIAL_BRANCH","House rule: NORMAL can branch into same-species special state EX"
"pachirisu",417,"NORMAL","NORMAL",417,"NORMAL","GX","SPECIAL_BRANCH","House rule: NORMAL can branch into same-species special state GX"
"pachirisu",417,"NORMAL","NORMAL",417,"NORMAL","V","SPECIAL_BRANCH","House rule: NORMAL can branch into same-species special state V"
"pachirisu",417,"NORMAL","NORMAL",417,"NORMAL","MEGA","SPECIAL_BRANCH","House rule: NORMAL can branch into same-species special state MEGA"
"pachirisu",417,"NORMAL","V",417,"NORMAL","VMAX","SPECIAL_CHAIN","House rule: V can continue into same-species state VMAX"
"pachirisu",417,"NORMAL","V",417,"NORMAL","VSTAR","SPECIAL_CHAIN","House rule: V can continue into same-species state VSTAR"
"palkia",484,"NORMAL","NORMAL",484,"NORMAL","EX","SPECIAL_BRANCH","House rule: NORMAL can branch into same-species special state EX"
"palkia",484,"NORMAL","NORMAL",484,"NORMAL","GX","SPECIAL_BRANCH","House rule: NORMAL can branch into same-species special state GX"
"palkia",484,"NORMAL","NORMAL",484,"NORMAL","V","SPECIAL_BRANCH","House rule: NORMAL can branch into same-species special state V"
"palkia",484,"NORMAL","NORMAL",484,"NORMAL","MEGA","SPECIAL_BRANCH","House rule: NORMAL can branch into same-species special state MEGA"
"palkia",484,"NORMAL","V",484,"NORMAL","VMAX","SPECIAL_CHAIN","House rule: V can continue into same-species state VMAX"
"palkia",484,"NORMAL","V",484,"NORMAL","VSTAR","SPECIAL_CHAIN","House rule: V can continue into same-species state VSTAR"
"pancham",674,"NORMAL","NORMAL",674,"NORMAL","EX","SPECIAL_BRANCH","House rule: NORMAL can branch into same-species special state EX"
"pancham",674,"NORMAL","NORMAL",674,"NORMAL","GX","SPECIAL_BRANCH","House rule: NORMAL can branch into same-species special state GX"
"pancham",674,"NORMAL","NORMAL",674,"NORMAL","V","SPECIAL_BRANCH","House rule: NORMAL can branch into same-species special state V"
"pancham",674,"NORMAL","NORMAL",674,"NORMAL","MEGA","SPECIAL_BRANCH","House rule: NORMAL can branch into same-species special state MEGA"
"pancham",674,"NORMAL","NORMAL",675,"NORMAL","NORMAL","STANDARD","Standard evolution from species tree"
"pancham",674,"NORMAL","V",674,"NORMAL","VMAX","SPECIAL_CHAIN","House rule: V can continue into same-species state VMAX"
"pancham",674,"NORMAL","V",674,"NORMAL","VSTAR","SPECIAL_CHAIN","House rule: V can continue into same-species state VSTAR"
"pancham",675,"NORMAL","NORMAL",675,"NORMAL","EX","SPECIAL_BRANCH","House rule: NORMAL can branch into same-species special state EX"
"pancham",675,"NORMAL","NORMAL",675,"NORMAL","GX","SPECIAL_BRANCH","House rule: NORMAL can branch into same-species special state GX"
"pancham",675,"NORMAL","NORMAL",675,"NORMAL","V","SPECIAL_BRANCH","House rule: NORMAL can branch into same-species special state V"
"pancham",675,"NORMAL","NORMAL",675,"NORMAL","MEGA","SPECIAL_BRANCH","House rule: NORMAL can branch into same-species special state MEGA"
"pancham",675,"NORMAL","V",675,"NORMAL","VMAX","SPECIAL_CHAIN","House rule: V can continue into same-species state VMAX"
"pancham",675,"NORMAL","V",675,"NORMAL","VSTAR","SPECIAL_CHAIN","House rule: V can continue into same-species state VSTAR"
"panpour",515,"NORMAL","NORMAL",515,"NORMAL","EX","SPECIAL_BRANCH","House rule: NORMAL can branch into same-species special state EX"
"panpour",515,"NORMAL","NORMAL",515,"NORMAL","GX","SPECIAL_BRANCH","House rule: NORMAL can branch into same-species special state GX"
"panpour",515,"NORMAL","NORMAL",515,"NORMAL","V","SPECIAL_BRANCH","House rule: NORMAL can branch into same-species special state V"
"panpour",515,"NORMAL","NORMAL",515,"NORMAL","MEGA","SPECIAL_BRANCH","House rule: NORMAL can branch into same-species special state MEGA"
"panpour",515,"NORMAL","NORMAL",516,"NORMAL","NORMAL","STANDARD","Standard evolution from species tree"
"panpour",515,"NORMAL","V",515,"NORMAL","VMAX","SPECIAL_CHAIN","House rule: V can continue into same-species state VMAX"
"panpour",515,"NORMAL","V",515,"NORMAL","VSTAR","SPECIAL_CHAIN","House rule: V can continue into same-species state VSTAR"
"panpour",516,"NORMAL","NORMAL",516,"NORMAL","EX","SPECIAL_BRANCH","House rule: NORMAL can branch into same-species special state EX"
"panpour",516,"NORMAL","NORMAL",516,"NORMAL","GX","SPECIAL_BRANCH","House rule: NORMAL can branch into same-species special state GX"
"panpour",516,"NORMAL","NORMAL",516,"NORMAL","V","SPECIAL_BRANCH","House rule: NORMAL can branch into same-species special state V"
"panpour",516,"NORMAL","NORMAL",516,"NORMAL","MEGA","SPECIAL_BRANCH","House rule: NORMAL can branch into same-species special state MEGA"
"panpour",516,"NORMAL","V",516,"NORMAL","VMAX","SPECIAL_CHAIN","House rule: V can continue into same-species state VMAX"
"panpour",516,"NORMAL","V",516,"NORMAL","VSTAR","SPECIAL_CHAIN","House rule: V can continue into same-species state VSTAR"
"pansage",511,"NORMAL","NORMAL",511,"NORMAL","EX","SPECIAL_BRANCH","House rule: NORMAL can branch into same-species special state EX"
"pansage",511,"NORMAL","NORMAL",511,"NORMAL","GX","SPECIAL_BRANCH","House rule: NORMAL can branch into same-species special state GX"
"pansage",511,"NORMAL","NORMAL",511,"NORMAL","V","SPECIAL_BRANCH","House rule: NORMAL can branch into same-species special state V"
"pansage",511,"NORMAL","NORMAL",511,"NORMAL","MEGA","SPECIAL_BRANCH","House rule: NORMAL can branch into same-species special state MEGA"
"pansage",511,"NORMAL","NORMAL",512,"NORMAL","NORMAL","STANDARD","Standard evolution from species tree"
"pansage",511,"NORMAL","V",511,"NORMAL","VMAX","SPECIAL_CHAIN","House rule: V can continue into same-species state VMAX"
"pansage",511,"NORMAL","V",511,"NORMAL","VSTAR","SPECIAL_CHAIN","House rule: V can continue into same-species state VSTAR"
"pansage",512,"NORMAL","NORMAL",512,"NORMAL","EX","SPECIAL_BRANCH","House rule: NORMAL can branch into same-species special state EX"
"pansage",512,"NORMAL","NORMAL",512,"NORMAL","GX","SPECIAL_BRANCH","House rule: NORMAL can branch into same-species special state GX"
"pansage",512,"NORMAL","NORMAL",512,"NORMAL","V","SPECIAL_BRANCH","House rule: NORMAL can branch into same-species special state V"
"pansage",512,"NORMAL","NORMAL",512,"NORMAL","MEGA","SPECIAL_BRANCH","House rule: NORMAL can branch into same-species special state MEGA"
"pansage",512,"NORMAL","V",512,"NORMAL","VMAX","SPECIAL_CHAIN","House rule: V can continue into same-species state VMAX"
"pansage",512,"NORMAL","V",512,"NORMAL","VSTAR","SPECIAL_CHAIN","House rule: V can continue into same-species state VSTAR"
"pansear",513,"NORMAL","NORMAL",513,"NORMAL","EX","SPECIAL_BRANCH","House rule: NORMAL can branch into same-species special state EX"
"pansear",513,"NORMAL","NORMAL",513,"NORMAL","GX","SPECIAL_BRANCH","House rule: NORMAL can branch into same-species special state GX"
"pansear",513,"NORMAL","NORMAL",513,"NORMAL","V","SPECIAL_BRANCH","House rule: NORMAL can branch into same-species special state V"
"pansear",513,"NORMAL","NORMAL",513,"NORMAL","MEGA","SPECIAL_BRANCH","House rule: NORMAL can branch into same-species special state MEGA"
"pansear",513,"NORMAL","NORMAL",514,"NORMAL","NORMAL","STANDARD","Standard evolution from species tree"
"pansear",513,"NORMAL","V",513,"NORMAL","VMAX","SPECIAL_CHAIN","House rule: V can continue into same-species state VMAX"
"pansear",513,"NORMAL","V",513,"NORMAL","VSTAR","SPECIAL_CHAIN","House rule: V can continue into same-species state VSTAR"
"pansear",514,"NORMAL","NORMAL",514,"NORMAL","EX","SPECIAL_BRANCH","House rule: NORMAL can branch into same-species special state EX"
"pansear",514,"NORMAL","NORMAL",514,"NORMAL","GX","SPECIAL_BRANCH","House rule: NORMAL can branch into same-species special state GX"
"pansear",514,"NORMAL","NORMAL",514,"NORMAL","V","SPECIAL_BRANCH","House rule: NORMAL can branch into same-species special state V"
"pansear",514,"NORMAL","NORMAL",514,"NORMAL","MEGA","SPECIAL_BRANCH","House rule: NORMAL can branch into same-species special state MEGA"
"pansear",514,"NORMAL","V",514,"NORMAL","VMAX","SPECIAL_CHAIN","House rule: V can continue into same-species state VMAX"
"pansear",514,"NORMAL","V",514,"NORMAL","VSTAR","SPECIAL_CHAIN","House rule: V can continue into same-species state VSTAR"
"paras",46,"NORMAL","NORMAL",46,"NORMAL","EX","SPECIAL_BRANCH","House rule: NORMAL can branch into same-species special state EX"
"paras",46,"NORMAL","NORMAL",46,"NORMAL","GX","SPECIAL_BRANCH","House rule: NORMAL can branch into same-species special state GX"
"paras",46,"NORMAL","NORMAL",46,"NORMAL","V","SPECIAL_BRANCH","House rule: NORMAL can branch into same-species special state V"
"paras",46,"NORMAL","NORMAL",46,"NORMAL","MEGA","SPECIAL_BRANCH","House rule: NORMAL can branch into same-species special state MEGA"
"paras",46,"NORMAL","NORMAL",47,"NORMAL","NORMAL","STANDARD","Standard evolution from species tree"
"paras",46,"NORMAL","V",46,"NORMAL","VMAX","SPECIAL_CHAIN","House rule: V can continue into same-species state VMAX"
"paras",46,"NORMAL","V",46,"NORMAL","VSTAR","SPECIAL_CHAIN","House rule: V can continue into same-species state VSTAR"
"paras",47,"NORMAL","NORMAL",47,"NORMAL","EX","SPECIAL_BRANCH","House rule: NORMAL can branch into same-species special state EX"
"paras",47,"NORMAL","NORMAL",47,"NORMAL","GX","SPECIAL_BRANCH","House rule: NORMAL can branch into same-species special state GX"
"paras",47,"NORMAL","NORMAL",47,"NORMAL","V","SPECIAL_BRANCH","House rule: NORMAL can branch into same-species special state V"
"paras",47,"NORMAL","NORMAL",47,"NORMAL","MEGA","SPECIAL_BRANCH","House rule: NORMAL can branch into same-species special state MEGA"
"paras",47,"NORMAL","V",47,"NORMAL","VMAX","SPECIAL_CHAIN","House rule: V can continue into same-species state VMAX"
"paras",47,"NORMAL","V",47,"NORMAL","VSTAR","SPECIAL_CHAIN","House rule: V can continue into same-species state VSTAR"
"passimian",766,"NORMAL","NORMAL",766,"NORMAL","EX","SPECIAL_BRANCH","House rule: NORMAL can branch into same-species special state EX"
"passimian",766,"NORMAL","NORMAL",766,"NORMAL","GX","SPECIAL_BRANCH","House rule: NORMAL can branch into same-species special state GX"
"passimian",766,"NORMAL","NORMAL",766,"NORMAL","V","SPECIAL_BRANCH","House rule: NORMAL can branch into same-species special state V"
"passimian",766,"NORMAL","NORMAL",766,"NORMAL","MEGA","SPECIAL_BRANCH","House rule: NORMAL can branch into same-species special state MEGA"
"passimian",766,"NORMAL","V",766,"NORMAL","VMAX","SPECIAL_CHAIN","House rule: V can continue into same-species state VMAX"
"passimian",766,"NORMAL","V",766,"NORMAL","VSTAR","SPECIAL_CHAIN","House rule: V can continue into same-species state VSTAR"
"patrat",504,"NORMAL","NORMAL",504,"NORMAL","EX","SPECIAL_BRANCH","House rule: NORMAL can branch into same-species special state EX"
"patrat",504,"NORMAL","NORMAL",504,"NORMAL","GX","SPECIAL_BRANCH","House rule: NORMAL can branch into same-species special state GX"
"patrat",504,"NORMAL","NORMAL",504,"NORMAL","V","SPECIAL_BRANCH","House rule: NORMAL can branch into same-species special state V"
"patrat",504,"NORMAL","NORMAL",504,"NORMAL","MEGA","SPECIAL_BRANCH","House rule: NORMAL can branch into same-species special state MEGA"
"patrat",504,"NORMAL","NORMAL",505,"NORMAL","NORMAL","STANDARD","Standard evolution from species tree"
"patrat",504,"NORMAL","V",504,"NORMAL","VMAX","SPECIAL_CHAIN","House rule: V can continue into same-species state VMAX"
"patrat",504,"NORMAL","V",504,"NORMAL","VSTAR","SPECIAL_CHAIN","House rule: V can continue into same-species state VSTAR"
"patrat",505,"NORMAL","NORMAL",505,"NORMAL","EX","SPECIAL_BRANCH","House rule: NORMAL can branch into same-species special state EX"
"patrat",505,"NORMAL","NORMAL",505,"NORMAL","GX","SPECIAL_BRANCH","House rule: NORMAL can branch into same-species special state GX"
"patrat",505,"NORMAL","NORMAL",505,"NORMAL","V","SPECIAL_BRANCH","House rule: NORMAL can branch into same-species special state V"
"patrat",505,"NORMAL","NORMAL",505,"NORMAL","MEGA","SPECIAL_BRANCH","House rule: NORMAL can branch into same-species special state MEGA"
"patrat",505,"NORMAL","V",505,"NORMAL","VMAX","SPECIAL_CHAIN","House rule: V can continue into same-species state VMAX"
"patrat",505,"NORMAL","V",505,"NORMAL","VSTAR","SPECIAL_CHAIN","House rule: V can continue into same-species state VSTAR"
"pawmi",921,"NORMAL","NORMAL",921,"NORMAL","EX","SPECIAL_BRANCH","House rule: NORMAL can branch into same-species special state EX"
"pawmi",921,"NORMAL","NORMAL",921,"NORMAL","GX","SPECIAL_BRANCH","House rule: NORMAL can branch into same-species special state GX"
"pawmi",921,"NORMAL","NORMAL",921,"NORMAL","V","SPECIAL_BRANCH","House rule: NORMAL can branch into same-species special state V"
"pawmi",921,"NORMAL","NORMAL",921,"NORMAL","MEGA","SPECIAL_BRANCH","House rule: NORMAL can branch into same-species special state MEGA"
"pawmi",921,"NORMAL","NORMAL",922,"NORMAL","NORMAL","STANDARD","Standard evolution from species tree"
"pawmi",921,"NORMAL","V",921,"NORMAL","VMAX","SPECIAL_CHAIN","House rule: V can continue into same-species state VMAX"
"pawmi",921,"NORMAL","V",921,"NORMAL","VSTAR","SPECIAL_CHAIN","House rule: V can continue into same-species state VSTAR"
"pawmi",922,"NORMAL","NORMAL",922,"NORMAL","EX","SPECIAL_BRANCH","House rule: NORMAL can branch into same-species special state EX"
"pawmi",922,"NORMAL","NORMAL",922,"NORMAL","GX","SPECIAL_BRANCH","House rule: NORMAL can branch into same-species special state GX"
"pawmi",922,"NORMAL","NORMAL",922,"NORMAL","V","SPECIAL_BRANCH","House rule: NORMAL can branch into same-species special state V"
"pawmi",922,"NORMAL","NORMAL",922,"NORMAL","MEGA","SPECIAL_BRANCH","House rule: NORMAL can branch into same-species special state MEGA"
"pawmi",922,"NORMAL","NORMAL",923,"NORMAL","NORMAL","STANDARD","Standard evolution from species tree"
"pawmi",922,"NORMAL","V",922,"NORMAL","VMAX","SPECIAL_CHAIN","House rule: V can continue into same-species state VMAX"
"pawmi",922,"NORMAL","V",922,"NORMAL","VSTAR","SPECIAL_CHAIN","House rule: V can continue into same-species state VSTAR"
"pawmi",923,"NORMAL","NORMAL",923,"NORMAL","EX","SPECIAL_BRANCH","House rule: NORMAL can branch into same-species special state EX"
"pawmi",923,"NORMAL","NORMAL",923,"NORMAL","GX","SPECIAL_BRANCH","House rule: NORMAL can branch into same-species special state GX"
"pawmi",923,"NORMAL","NORMAL",923,"NORMAL","V","SPECIAL_BRANCH","House rule: NORMAL can branch into same-species special state V"
"pawmi",923,"NORMAL","NORMAL",923,"NORMAL","MEGA","SPECIAL_BRANCH","House rule: NORMAL can branch into same-species special state MEGA"
"pawmi",923,"NORMAL","V",923,"NORMAL","VMAX","SPECIAL_CHAIN","House rule: V can continue into same-species state VMAX"
"pawmi",923,"NORMAL","V",923,"NORMAL","VSTAR","SPECIAL_CHAIN","House rule: V can continue into same-species state VSTAR"
"pawniard",624,"NORMAL","NORMAL",624,"NORMAL","EX","SPECIAL_BRANCH","House rule: NORMAL can branch into same-species special state EX"
"pawniard",624,"NORMAL","NORMAL",624,"NORMAL","GX","SPECIAL_BRANCH","House rule: NORMAL can branch into same-species special state GX"
"pawniard",624,"NORMAL","NORMAL",624,"NORMAL","V","SPECIAL_BRANCH","House rule: NORMAL can branch into same-species special state V"
"pawniard",624,"NORMAL","NORMAL",624,"NORMAL","MEGA","SPECIAL_BRANCH","House rule: NORMAL can branch into same-species special state MEGA"
"pawniard",624,"NORMAL","NORMAL",625,"NORMAL","NORMAL","STANDARD","Standard evolution from species tree"
"pawniard",624,"NORMAL","V",624,"NORMAL","VMAX","SPECIAL_CHAIN","House rule: V can continue into same-species state VMAX"
"pawniard",624,"NORMAL","V",624,"NORMAL","VSTAR","SPECIAL_CHAIN","House rule: V can continue into same-species state VSTAR"
"pawniard",625,"NORMAL","NORMAL",625,"NORMAL","EX","SPECIAL_BRANCH","House rule: NORMAL can branch into same-species special state EX"
"pawniard",625,"NORMAL","NORMAL",625,"NORMAL","GX","SPECIAL_BRANCH","House rule: NORMAL can branch into same-species special state GX"
"pawniard",625,"NORMAL","NORMAL",625,"NORMAL","V","SPECIAL_BRANCH","House rule: NORMAL can branch into same-species special state V"
"pawniard",625,"NORMAL","NORMAL",625,"NORMAL","MEGA","SPECIAL_BRANCH","House rule: NORMAL can branch into same-species special state MEGA"
"pawniard",625,"NORMAL","NORMAL",983,"NORMAL","NORMAL","STANDARD","Standard evolution from species tree"
"pawniard",625,"NORMAL","V",625,"NORMAL","VMAX","SPECIAL_CHAIN","House rule: V can continue into same-species state VMAX"
"pawniard",625,"NORMAL","V",625,"NORMAL","VSTAR","SPECIAL_CHAIN","House rule: V can continue into same-species state VSTAR"
"pawniard",983,"NORMAL","NORMAL",983,"NORMAL","EX","SPECIAL_BRANCH","House rule: NORMAL can branch into same-species special state EX"
"pawniard",983,"NORMAL","NORMAL",983,"NORMAL","GX","SPECIAL_BRANCH","House rule: NORMAL can branch into same-species special state GX"
"pawniard",983,"NORMAL","NORMAL",983,"NORMAL","V","SPECIAL_BRANCH","House rule: NORMAL can branch into same-species special state V"
"pawniard",983,"NORMAL","NORMAL",983,"NORMAL","MEGA","SPECIAL_BRANCH","House rule: NORMAL can branch into same-species special state MEGA"
"pawniard",983,"NORMAL","V",983,"NORMAL","VMAX","SPECIAL_CHAIN","House rule: V can continue into same-species state VMAX"
"pawniard",983,"NORMAL","V",983,"NORMAL","VSTAR","SPECIAL_CHAIN","House rule: V can continue into same-species state VSTAR"
"pecharunt",1025,"NORMAL","NORMAL",1025,"NORMAL","EX","SPECIAL_BRANCH","House rule: NORMAL can branch into same-species special state EX"
"pecharunt",1025,"NORMAL","NORMAL",1025,"NORMAL","GX","SPECIAL_BRANCH","House rule: NORMAL can branch into same-species special state GX"
"pecharunt",1025,"NORMAL","NORMAL",1025,"NORMAL","V","SPECIAL_BRANCH","House rule: NORMAL can branch into same-species special state V"
"pecharunt",1025,"NORMAL","NORMAL",1025,"NORMAL","MEGA","SPECIAL_BRANCH","House rule: NORMAL can branch into same-species special state MEGA"
"pecharunt",1025,"NORMAL","V",1025,"NORMAL","VMAX","SPECIAL_CHAIN","House rule: V can continue into same-species state VMAX"
"pecharunt",1025,"NORMAL","V",1025,"NORMAL","VSTAR","SPECIAL_CHAIN","House rule: V can continue into same-species state VSTAR"
"petilil",548,"NORMAL","NORMAL",548,"NORMAL","EX","SPECIAL_BRANCH","House rule: NORMAL can branch into same-species special state EX"
"petilil",548,"NORMAL","NORMAL",548,"NORMAL","GX","SPECIAL_BRANCH","House rule: NORMAL can branch into same-species special state GX"
"petilil",548,"NORMAL","NORMAL",548,"NORMAL","V","SPECIAL_BRANCH","House rule: NORMAL can branch into same-species special state V"
"petilil",548,"NORMAL","NORMAL",548,"NORMAL","MEGA","SPECIAL_BRANCH","House rule: NORMAL can branch into same-species special state MEGA"
"petilil",548,"NORMAL","NORMAL",549,"NORMAL","NORMAL","STANDARD","Standard evolution from species tree"
"petilil",548,"NORMAL","V",548,"NORMAL","VMAX","SPECIAL_CHAIN","House rule: V can continue into same-species state VMAX"
"petilil",548,"NORMAL","V",548,"NORMAL","VSTAR","SPECIAL_CHAIN","House rule: V can continue into same-species state VSTAR"
"petilil",549,"NORMAL","NORMAL",549,"NORMAL","EX","SPECIAL_BRANCH","House rule: NORMAL can branch into same-species special state EX"
"petilil",549,"NORMAL","NORMAL",549,"NORMAL","GX","SPECIAL_BRANCH","House rule: NORMAL can branch into same-species special state GX"
"petilil",549,"NORMAL","NORMAL",549,"NORMAL","V","SPECIAL_BRANCH","House rule: NORMAL can branch into same-species special state V"
"petilil",549,"NORMAL","NORMAL",549,"NORMAL","MEGA","SPECIAL_BRANCH","House rule: NORMAL can branch into same-species special state MEGA"
"petilil",549,"NORMAL","V",549,"NORMAL","VMAX","SPECIAL_CHAIN","House rule: V can continue into same-species state VMAX"
"petilil",549,"NORMAL","V",549,"NORMAL","VSTAR","SPECIAL_CHAIN","House rule: V can continue into same-species state VSTAR"
"phanpy",231,"NORMAL","NORMAL",231,"NORMAL","EX","SPECIAL_BRANCH","House rule: NORMAL can branch into same-species special state EX"
"phanpy",231,"NORMAL","NORMAL",231,"NORMAL","GX","SPECIAL_BRANCH","House rule: NORMAL can branch into same-species special state GX"
"phanpy",231,"NORMAL","NORMAL",231,"NORMAL","V","SPECIAL_BRANCH","House rule: NORMAL can branch into same-species special state V"
"phanpy",231,"NORMAL","NORMAL",231,"NORMAL","MEGA","SPECIAL_BRANCH","House rule: NORMAL can branch into same-species special state MEGA"
"phanpy",231,"NORMAL","NORMAL",232,"NORMAL","NORMAL","STANDARD","Standard evolution from species tree"
"phanpy",231,"NORMAL","V",231,"NORMAL","VMAX","SPECIAL_CHAIN","House rule: V can continue into same-species state VMAX"
"phanpy",231,"NORMAL","V",231,"NORMAL","VSTAR","SPECIAL_CHAIN","House rule: V can continue into same-species state VSTAR"
"phanpy",232,"NORMAL","NORMAL",232,"NORMAL","EX","SPECIAL_BRANCH","House rule: NORMAL can branch into same-species special state EX"
"phanpy",232,"NORMAL","NORMAL",232,"NORMAL","GX","SPECIAL_BRANCH","House rule: NORMAL can branch into same-species special state GX"
"phanpy",232,"NORMAL","NORMAL",232,"NORMAL","V","SPECIAL_BRANCH","House rule: NORMAL can branch into same-species special state V"
"phanpy",232,"NORMAL","NORMAL",232,"NORMAL","MEGA","SPECIAL_BRANCH","House rule: NORMAL can branch into same-species special state MEGA"
"phanpy",232,"NORMAL","V",232,"NORMAL","VMAX","SPECIAL_CHAIN","House rule: V can continue into same-species state VMAX"
"phanpy",232,"NORMAL","V",232,"NORMAL","VSTAR","SPECIAL_CHAIN","House rule: V can continue into same-species state VSTAR"
"phantump",708,"NORMAL","NORMAL",708,"NORMAL","EX","SPECIAL_BRANCH","House rule: NORMAL can branch into same-species special state EX"
"phantump",708,"NORMAL","NORMAL",708,"NORMAL","GX","SPECIAL_BRANCH","House rule: NORMAL can branch into same-species special state GX"
"phantump",708,"NORMAL","NORMAL",708,"NORMAL","V","SPECIAL_BRANCH","House rule: NORMAL can branch into same-species special state V"
"phantump",708,"NORMAL","NORMAL",708,"NORMAL","MEGA","SPECIAL_BRANCH","House rule: NORMAL can branch into same-species special state MEGA"
"phantump",708,"NORMAL","NORMAL",709,"NORMAL","NORMAL","STANDARD","Standard evolution from species tree"
"phantump",708,"NORMAL","V",708,"NORMAL","VMAX","SPECIAL_CHAIN","House rule: V can continue into same-species state VMAX"
"phantump",708,"NORMAL","V",708,"NORMAL","VSTAR","SPECIAL_CHAIN","House rule: V can continue into same-species state VSTAR"
"phantump",709,"NORMAL","NORMAL",709,"NORMAL","EX","SPECIAL_BRANCH","House rule: NORMAL can branch into same-species special state EX"
"phantump",709,"NORMAL","NORMAL",709,"NORMAL","GX","SPECIAL_BRANCH","House rule: NORMAL can branch into same-species special state GX"
"phantump",709,"NORMAL","NORMAL",709,"NORMAL","V","SPECIAL_BRANCH","House rule: NORMAL can branch into same-species special state V"
"phantump",709,"NORMAL","NORMAL",709,"NORMAL","MEGA","SPECIAL_BRANCH","House rule: NORMAL can branch into same-species special state MEGA"
"phantump",709,"NORMAL","V",709,"NORMAL","VMAX","SPECIAL_CHAIN","House rule: V can continue into same-species state VMAX"
"phantump",709,"NORMAL","V",709,"NORMAL","VSTAR","SPECIAL_CHAIN","House rule: V can continue into same-species state VSTAR"
"pheromosa",795,"NORMAL","NORMAL",795,"NORMAL","EX","SPECIAL_BRANCH","House rule: NORMAL can branch into same-species special state EX"
"pheromosa",795,"NORMAL","NORMAL",795,"NORMAL","GX","SPECIAL_BRANCH","House rule: NORMAL can branch into same-species special state GX"
"pheromosa",795,"NORMAL","NORMAL",795,"NORMAL","V","SPECIAL_BRANCH","House rule: NORMAL can branch into same-species special state V"
"pheromosa",795,"NORMAL","NORMAL",795,"NORMAL","MEGA","SPECIAL_BRANCH","House rule: NORMAL can branch into same-species special state MEGA"
"pheromosa",795,"NORMAL","V",795,"NORMAL","VMAX","SPECIAL_CHAIN","House rule: V can continue into same-species state VMAX"
"pheromosa",795,"NORMAL","V",795,"NORMAL","VSTAR","SPECIAL_CHAIN","House rule: V can continue into same-species state VSTAR"
"phione",489,"NORMAL","NORMAL",489,"NORMAL","EX","SPECIAL_BRANCH","House rule: NORMAL can branch into same-species special state EX"
"phione",489,"NORMAL","NORMAL",489,"NORMAL","GX","SPECIAL_BRANCH","House rule: NORMAL can branch into same-species special state GX"
"phione",489,"NORMAL","NORMAL",489,"NORMAL","V","SPECIAL_BRANCH","House rule: NORMAL can branch into same-species special state V"
"phione",489,"NORMAL","NORMAL",489,"NORMAL","MEGA","SPECIAL_BRANCH","House rule: NORMAL can branch into same-species special state MEGA"
"phione",489,"NORMAL","NORMAL",490,"NORMAL","NORMAL","STANDARD","Standard evolution from species tree"
"phione",489,"NORMAL","V",489,"NORMAL","VMAX","SPECIAL_CHAIN","House rule: V can continue into same-species state VMAX"
"phione",489,"NORMAL","V",489,"NORMAL","VSTAR","SPECIAL_CHAIN","House rule: V can continue into same-species state VSTAR"
"phione",490,"NORMAL","NORMAL",490,"NORMAL","EX","SPECIAL_BRANCH","House rule: NORMAL can branch into same-species special state EX"
"phione",490,"NORMAL","NORMAL",490,"NORMAL","GX","SPECIAL_BRANCH","House rule: NORMAL can branch into same-species special state GX"
"phione",490,"NORMAL","NORMAL",490,"NORMAL","V","SPECIAL_BRANCH","House rule: NORMAL can branch into same-species special state V"
"phione",490,"NORMAL","NORMAL",490,"NORMAL","MEGA","SPECIAL_BRANCH","House rule: NORMAL can branch into same-species special state MEGA"
"phione",490,"NORMAL","V",490,"NORMAL","VMAX","SPECIAL_CHAIN","House rule: V can continue into same-species state VMAX"
"phione",490,"NORMAL","V",490,"NORMAL","VSTAR","SPECIAL_CHAIN","House rule: V can continue into same-species state VSTAR"
"pichu",25,"NORMAL","NORMAL",25,"NORMAL","EX","SPECIAL_BRANCH","House rule: NORMAL can branch into same-species special state EX"
"pichu",25,"NORMAL","NORMAL",25,"NORMAL","GX","SPECIAL_BRANCH","House rule: NORMAL can branch into same-species special state GX"
"pichu",25,"NORMAL","NORMAL",25,"NORMAL","V","SPECIAL_BRANCH","House rule: NORMAL can branch into same-species special state V"
"pichu",25,"NORMAL","NORMAL",25,"NORMAL","MEGA","SPECIAL_BRANCH","House rule: NORMAL can branch into same-species special state MEGA"
"pichu",25,"NORMAL","NORMAL",26,"NORMAL","NORMAL","STANDARD","Standard evolution from species tree"
"pichu",25,"NORMAL","V",25,"NORMAL","VMAX","SPECIAL_CHAIN","House rule: V can continue into same-species state VMAX"
"pichu",25,"NORMAL","V",25,"NORMAL","VSTAR","SPECIAL_CHAIN","House rule: V can continue into same-species state VSTAR"
"pichu",26,"NORMAL","NORMAL",26,"NORMAL","EX","SPECIAL_BRANCH","House rule: NORMAL can branch into same-species special state EX"
"pichu",26,"NORMAL","NORMAL",26,"NORMAL","GX","SPECIAL_BRANCH","House rule: NORMAL can branch into same-species special state GX"
"pichu",26,"NORMAL","NORMAL",26,"NORMAL","V","SPECIAL_BRANCH","House rule: NORMAL can branch into same-species special state V"
"pichu",26,"NORMAL","NORMAL",26,"NORMAL","MEGA","SPECIAL_BRANCH","House rule: NORMAL can branch into same-species special state MEGA"
"pichu",26,"NORMAL","V",26,"NORMAL","VMAX","SPECIAL_CHAIN","House rule: V can continue into same-species state VMAX"
"pichu",26,"NORMAL","V",26,"NORMAL","VSTAR","SPECIAL_CHAIN","House rule: V can continue into same-species state VSTAR"
"pichu",172,"NORMAL","NORMAL",25,"NORMAL","NORMAL","STANDARD","Standard evolution from species tree"
"pidgey",16,"NORMAL","NORMAL",16,"NORMAL","EX","SPECIAL_BRANCH","House rule: NORMAL can branch into same-species special state EX"
"pidgey",16,"NORMAL","NORMAL",16,"NORMAL","GX","SPECIAL_BRANCH","House rule: NORMAL can branch into same-species special state GX"
"pidgey",16,"NORMAL","NORMAL",16,"NORMAL","V","SPECIAL_BRANCH","House rule: NORMAL can branch into same-species special state V"
"pidgey",16,"NORMAL","NORMAL",16,"NORMAL","MEGA","SPECIAL_BRANCH","House rule: NORMAL can branch into same-species special state MEGA"
"pidgey",16,"NORMAL","NORMAL",17,"NORMAL","NORMAL","STANDARD","Standard evolution from species tree"
"pidgey",16,"NORMAL","V",16,"NORMAL","VMAX","SPECIAL_CHAIN","House rule: V can continue into same-species state VMAX"
"pidgey",16,"NORMAL","V",16,"NORMAL","VSTAR","SPECIAL_CHAIN","House rule: V can continue into same-species state VSTAR"
"pidgey",17,"NORMAL","NORMAL",17,"NORMAL","EX","SPECIAL_BRANCH","House rule: NORMAL can branch into same-species special state EX"
"pidgey",17,"NORMAL","NORMAL",17,"NORMAL","GX","SPECIAL_BRANCH","House rule: NORMAL can branch into same-species special state GX"
"pidgey",17,"NORMAL","NORMAL",17,"NORMAL","V","SPECIAL_BRANCH","House rule: NORMAL can branch into same-species special state V"
"pidgey",17,"NORMAL","NORMAL",17,"NORMAL","MEGA","SPECIAL_BRANCH","House rule: NORMAL can branch into same-species special state MEGA"
"pidgey",17,"NORMAL","NORMAL",18,"NORMAL","NORMAL","STANDARD","Standard evolution from species tree"
"pidgey",17,"NORMAL","V",17,"NORMAL","VMAX","SPECIAL_CHAIN","House rule: V can continue into same-species state VMAX"
"pidgey",17,"NORMAL","V",17,"NORMAL","VSTAR","SPECIAL_CHAIN","House rule: V can continue into same-species state VSTAR"
"pidgey",18,"NORMAL","NORMAL",18,"NORMAL","EX","SPECIAL_BRANCH","House rule: NORMAL can branch into same-species special state EX"
"pidgey",18,"NORMAL","NORMAL",18,"NORMAL","GX","SPECIAL_BRANCH","House rule: NORMAL can branch into same-species special state GX"
"pidgey",18,"NORMAL","NORMAL",18,"NORMAL","V","SPECIAL_BRANCH","House rule: NORMAL can branch into same-species special state V"
"pidgey",18,"NORMAL","NORMAL",18,"NORMAL","MEGA","SPECIAL_BRANCH","House rule: NORMAL can branch into same-species special state MEGA"
"pidgey",18,"NORMAL","V",18,"NORMAL","VMAX","SPECIAL_CHAIN","House rule: V can continue into same-species state VMAX"
"pidgey",18,"NORMAL","V",18,"NORMAL","VSTAR","SPECIAL_CHAIN","House rule: V can continue into same-species state VSTAR"
"pidove",519,"NORMAL","NORMAL",519,"NORMAL","EX","SPECIAL_BRANCH","House rule: NORMAL can branch into same-species special state EX"
"pidove",519,"NORMAL","NORMAL",519,"NORMAL","GX","SPECIAL_BRANCH","House rule: NORMAL can branch into same-species special state GX"
"pidove",519,"NORMAL","NORMAL",519,"NORMAL","V","SPECIAL_BRANCH","House rule: NORMAL can branch into same-species special state V"
"pidove",519,"NORMAL","NORMAL",519,"NORMAL","MEGA","SPECIAL_BRANCH","House rule: NORMAL can branch into same-species special state MEGA"
"pidove",519,"NORMAL","NORMAL",520,"NORMAL","NORMAL","STANDARD","Standard evolution from species tree"
"pidove",519,"NORMAL","V",519,"NORMAL","VMAX","SPECIAL_CHAIN","House rule: V can continue into same-species state VMAX"
"pidove",519,"NORMAL","V",519,"NORMAL","VSTAR","SPECIAL_CHAIN","House rule: V can continue into same-species state VSTAR"
"pidove",520,"NORMAL","NORMAL",520,"NORMAL","EX","SPECIAL_BRANCH","House rule: NORMAL can branch into same-species special state EX"
"pidove",520,"NORMAL","NORMAL",520,"NORMAL","GX","SPECIAL_BRANCH","House rule: NORMAL can branch into same-species special state GX"
"pidove",520,"NORMAL","NORMAL",520,"NORMAL","V","SPECIAL_BRANCH","House rule: NORMAL can branch into same-species special state V"
"pidove",520,"NORMAL","NORMAL",520,"NORMAL","MEGA","SPECIAL_BRANCH","House rule: NORMAL can branch into same-species special state MEGA"
"pidove",520,"NORMAL","NORMAL",521,"NORMAL","NORMAL","STANDARD","Standard evolution from species tree"
"pidove",520,"NORMAL","V",520,"NORMAL","VMAX","SPECIAL_CHAIN","House rule: V can continue into same-species state VMAX"
"pidove",520,"NORMAL","V",520,"NORMAL","VSTAR","SPECIAL_CHAIN","House rule: V can continue into same-species state VSTAR"
"pidove",521,"NORMAL","NORMAL",521,"NORMAL","EX","SPECIAL_BRANCH","House rule: NORMAL can branch into same-species special state EX"
"pidove",521,"NORMAL","NORMAL",521,"NORMAL","GX","SPECIAL_BRANCH","House rule: NORMAL can branch into same-species special state GX"
"pidove",521,"NORMAL","NORMAL",521,"NORMAL","V","SPECIAL_BRANCH","House rule: NORMAL can branch into same-species special state V"
"pidove",521,"NORMAL","NORMAL",521,"NORMAL","MEGA","SPECIAL_BRANCH","House rule: NORMAL can branch into same-species special state MEGA"
"pidove",521,"NORMAL","V",521,"NORMAL","VMAX","SPECIAL_CHAIN","House rule: V can continue into same-species state VMAX"
"pidove",521,"NORMAL","V",521,"NORMAL","VSTAR","SPECIAL_CHAIN","House rule: V can continue into same-species state VSTAR"
"pikipek",731,"NORMAL","NORMAL",731,"NORMAL","EX","SPECIAL_BRANCH","House rule: NORMAL can branch into same-species special state EX"
"pikipek",731,"NORMAL","NORMAL",731,"NORMAL","GX","SPECIAL_BRANCH","House rule: NORMAL can branch into same-species special state GX"
"pikipek",731,"NORMAL","NORMAL",731,"NORMAL","V","SPECIAL_BRANCH","House rule: NORMAL can branch into same-species special state V"
"pikipek",731,"NORMAL","NORMAL",731,"NORMAL","MEGA","SPECIAL_BRANCH","House rule: NORMAL can branch into same-species special state MEGA"
"pikipek",731,"NORMAL","NORMAL",732,"NORMAL","NORMAL","STANDARD","Standard evolution from species tree"
"pikipek",731,"NORMAL","V",731,"NORMAL","VMAX","SPECIAL_CHAIN","House rule: V can continue into same-species state VMAX"
"pikipek",731,"NORMAL","V",731,"NORMAL","VSTAR","SPECIAL_CHAIN","House rule: V can continue into same-species state VSTAR"
"pikipek",732,"NORMAL","NORMAL",732,"NORMAL","EX","SPECIAL_BRANCH","House rule: NORMAL can branch into same-species special state EX"
"pikipek",732,"NORMAL","NORMAL",732,"NORMAL","GX","SPECIAL_BRANCH","House rule: NORMAL can branch into same-species special state GX"
"pikipek",732,"NORMAL","NORMAL",732,"NORMAL","V","SPECIAL_BRANCH","House rule: NORMAL can branch into same-species special state V"
"pikipek",732,"NORMAL","NORMAL",732,"NORMAL","MEGA","SPECIAL_BRANCH","House rule: NORMAL can branch into same-species special state MEGA"
"pikipek",732,"NORMAL","NORMAL",733,"NORMAL","NORMAL","STANDARD","Standard evolution from species tree"
"pikipek",732,"NORMAL","V",732,"NORMAL","VMAX","SPECIAL_CHAIN","House rule: V can continue into same-species state VMAX"
"pikipek",732,"NORMAL","V",732,"NORMAL","VSTAR","SPECIAL_CHAIN","House rule: V can continue into same-species state VSTAR"
"pikipek",733,"NORMAL","NORMAL",733,"NORMAL","EX","SPECIAL_BRANCH","House rule: NORMAL can branch into same-species special state EX"
"pikipek",733,"NORMAL","NORMAL",733,"NORMAL","GX","SPECIAL_BRANCH","House rule: NORMAL can branch into same-species special state GX"
"pikipek",733,"NORMAL","NORMAL",733,"NORMAL","V","SPECIAL_BRANCH","House rule: NORMAL can branch into same-species special state V"
"pikipek",733,"NORMAL","NORMAL",733,"NORMAL","MEGA","SPECIAL_BRANCH","House rule: NORMAL can branch into same-species special state MEGA"
"pikipek",733,"NORMAL","V",733,"NORMAL","VMAX","SPECIAL_CHAIN","House rule: V can continue into same-species state VMAX"
"pikipek",733,"NORMAL","V",733,"NORMAL","VSTAR","SPECIAL_CHAIN","House rule: V can continue into same-species state VSTAR"
"pincurchin",871,"NORMAL","NORMAL",871,"NORMAL","EX","SPECIAL_BRANCH","House rule: NORMAL can branch into same-species special state EX"
"pincurchin",871,"NORMAL","NORMAL",871,"NORMAL","GX","SPECIAL_BRANCH","House rule: NORMAL can branch into same-species special state GX"
"pincurchin",871,"NORMAL","NORMAL",871,"NORMAL","V","SPECIAL_BRANCH","House rule: NORMAL can branch into same-species special state V"
"pincurchin",871,"NORMAL","NORMAL",871,"NORMAL","MEGA","SPECIAL_BRANCH","House rule: NORMAL can branch into same-species special state MEGA"
"pincurchin",871,"NORMAL","V",871,"NORMAL","VMAX","SPECIAL_CHAIN","House rule: V can continue into same-species state VMAX"
"pincurchin",871,"NORMAL","V",871,"NORMAL","VSTAR","SPECIAL_CHAIN","House rule: V can continue into same-species state VSTAR"
"pineco",204,"NORMAL","NORMAL",204,"NORMAL","EX","SPECIAL_BRANCH","House rule: NORMAL can branch into same-species special state EX"
"pineco",204,"NORMAL","NORMAL",204,"NORMAL","GX","SPECIAL_BRANCH","House rule: NORMAL can branch into same-species special state GX"
"pineco",204,"NORMAL","NORMAL",204,"NORMAL","V","SPECIAL_BRANCH","House rule: NORMAL can branch into same-species special state V"
"pineco",204,"NORMAL","NORMAL",204,"NORMAL","MEGA","SPECIAL_BRANCH","House rule: NORMAL can branch into same-species special state MEGA"
"pineco",204,"NORMAL","NORMAL",205,"NORMAL","NORMAL","STANDARD","Standard evolution from species tree"
"pineco",204,"NORMAL","V",204,"NORMAL","VMAX","SPECIAL_CHAIN","House rule: V can continue into same-species state VMAX"
"pineco",204,"NORMAL","V",204,"NORMAL","VSTAR","SPECIAL_CHAIN","House rule: V can continue into same-species state VSTAR"
"pineco",205,"NORMAL","NORMAL",205,"NORMAL","EX","SPECIAL_BRANCH","House rule: NORMAL can branch into same-species special state EX"
"pineco",205,"NORMAL","NORMAL",205,"NORMAL","GX","SPECIAL_BRANCH","House rule: NORMAL can branch into same-species special state GX"
"pineco",205,"NORMAL","NORMAL",205,"NORMAL","V","SPECIAL_BRANCH","House rule: NORMAL can branch into same-species special state V"
"pineco",205,"NORMAL","NORMAL",205,"NORMAL","MEGA","SPECIAL_BRANCH","House rule: NORMAL can branch into same-species special state MEGA"
"pineco",205,"NORMAL","V",205,"NORMAL","VMAX","SPECIAL_CHAIN","House rule: V can continue into same-species state VMAX"
"pineco",205,"NORMAL","V",205,"NORMAL","VSTAR","SPECIAL_CHAIN","House rule: V can continue into same-species state VSTAR"
"pinsir",127,"NORMAL","NORMAL",127,"NORMAL","EX","SPECIAL_BRANCH","House rule: NORMAL can branch into same-species special state EX"
"pinsir",127,"NORMAL","NORMAL",127,"NORMAL","GX","SPECIAL_BRANCH","House rule: NORMAL can branch into same-species special state GX"
"pinsir",127,"NORMAL","NORMAL",127,"NORMAL","V","SPECIAL_BRANCH","House rule: NORMAL can branch into same-species special state V"
"pinsir",127,"NORMAL","NORMAL",127,"NORMAL","MEGA","SPECIAL_BRANCH","House rule: NORMAL can branch into same-species special state MEGA"
"pinsir",127,"NORMAL","V",127,"NORMAL","VMAX","SPECIAL_CHAIN","House rule: V can continue into same-species state VMAX"
"pinsir",127,"NORMAL","V",127,"NORMAL","VSTAR","SPECIAL_CHAIN","House rule: V can continue into same-species state VSTAR"
"piplup",393,"NORMAL","NORMAL",393,"NORMAL","EX","SPECIAL_BRANCH","House rule: NORMAL can branch into same-species special state EX"
"piplup",393,"NORMAL","NORMAL",393,"NORMAL","GX","SPECIAL_BRANCH","House rule: NORMAL can branch into same-species special state GX"
"piplup",393,"NORMAL","NORMAL",393,"NORMAL","V","SPECIAL_BRANCH","House rule: NORMAL can branch into same-species special state V"
"piplup",393,"NORMAL","NORMAL",393,"NORMAL","MEGA","SPECIAL_BRANCH","House rule: NORMAL can branch into same-species special state MEGA"
"piplup",393,"NORMAL","NORMAL",394,"NORMAL","NORMAL","STANDARD","Standard evolution from species tree"
"piplup",393,"NORMAL","V",393,"NORMAL","VMAX","SPECIAL_CHAIN","House rule: V can continue into same-species state VMAX"
"piplup",393,"NORMAL","V",393,"NORMAL","VSTAR","SPECIAL_CHAIN","House rule: V can continue into same-species state VSTAR"
"piplup",394,"NORMAL","NORMAL",394,"NORMAL","EX","SPECIAL_BRANCH","House rule: NORMAL can branch into same-species special state EX"
"piplup",394,"NORMAL","NORMAL",394,"NORMAL","GX","SPECIAL_BRANCH","House rule: NORMAL can branch into same-species special state GX"
"piplup",394,"NORMAL","NORMAL",394,"NORMAL","V","SPECIAL_BRANCH","House rule: NORMAL can branch into same-species special state V"
"piplup",394,"NORMAL","NORMAL",394,"NORMAL","MEGA","SPECIAL_BRANCH","House rule: NORMAL can branch into same-species special state MEGA"
"piplup",394,"NORMAL","NORMAL",395,"NORMAL","NORMAL","STANDARD","Standard evolution from species tree"
"piplup",394,"NORMAL","V",394,"NORMAL","VMAX","SPECIAL_CHAIN","House rule: V can continue into same-species state VMAX"
"piplup",394,"NORMAL","V",394,"NORMAL","VSTAR","SPECIAL_CHAIN","House rule: V can continue into same-species state VSTAR"
"piplup",395,"NORMAL","NORMAL",395,"NORMAL","EX","SPECIAL_BRANCH","House rule: NORMAL can branch into same-species special state EX"
"piplup",395,"NORMAL","NORMAL",395,"NORMAL","GX","SPECIAL_BRANCH","House rule: NORMAL can branch into same-species special state GX"
"piplup",395,"NORMAL","NORMAL",395,"NORMAL","V","SPECIAL_BRANCH","House rule: NORMAL can branch into same-species special state V"
"piplup",395,"NORMAL","NORMAL",395,"NORMAL","MEGA","SPECIAL_BRANCH","House rule: NORMAL can branch into same-species special state MEGA"
"piplup",395,"NORMAL","V",395,"NORMAL","VMAX","SPECIAL_CHAIN","House rule: V can continue into same-species state VMAX"
"piplup",395,"NORMAL","V",395,"NORMAL","VSTAR","SPECIAL_CHAIN","House rule: V can continue into same-species state VSTAR"
"plusle",311,"NORMAL","NORMAL",311,"NORMAL","EX","SPECIAL_BRANCH","House rule: NORMAL can branch into same-species special state EX"
"plusle",311,"NORMAL","NORMAL",311,"NORMAL","GX","SPECIAL_BRANCH","House rule: NORMAL can branch into same-species special state GX"
"plusle",311,"NORMAL","NORMAL",311,"NORMAL","V","SPECIAL_BRANCH","House rule: NORMAL can branch into same-species special state V"
"plusle",311,"NORMAL","NORMAL",311,"NORMAL","MEGA","SPECIAL_BRANCH","House rule: NORMAL can branch into same-species special state MEGA"
"plusle",311,"NORMAL","V",311,"NORMAL","VMAX","SPECIAL_CHAIN","House rule: V can continue into same-species state VMAX"
"plusle",311,"NORMAL","V",311,"NORMAL","VSTAR","SPECIAL_CHAIN","House rule: V can continue into same-species state VSTAR"
"poipole",803,"NORMAL","NORMAL",803,"NORMAL","EX","SPECIAL_BRANCH","House rule: NORMAL can branch into same-species special state EX"
"poipole",803,"NORMAL","NORMAL",803,"NORMAL","GX","SPECIAL_BRANCH","House rule: NORMAL can branch into same-species special state GX"
"poipole",803,"NORMAL","NORMAL",803,"NORMAL","V","SPECIAL_BRANCH","House rule: NORMAL can branch into same-species special state V"
"poipole",803,"NORMAL","NORMAL",803,"NORMAL","MEGA","SPECIAL_BRANCH","House rule: NORMAL can branch into same-species special state MEGA"
"poipole",803,"NORMAL","NORMAL",804,"NORMAL","NORMAL","STANDARD","Standard evolution from species tree"
"poipole",803,"NORMAL","V",803,"NORMAL","VMAX","SPECIAL_CHAIN","House rule: V can continue into same-species state VMAX"
"poipole",803,"NORMAL","V",803,"NORMAL","VSTAR","SPECIAL_CHAIN","House rule: V can continue into same-species state VSTAR"
"poipole",804,"NORMAL","NORMAL",804,"NORMAL","EX","SPECIAL_BRANCH","House rule: NORMAL can branch into same-species special state EX"
"poipole",804,"NORMAL","NORMAL",804,"NORMAL","GX","SPECIAL_BRANCH","House rule: NORMAL can branch into same-species special state GX"
"poipole",804,"NORMAL","NORMAL",804,"NORMAL","V","SPECIAL_BRANCH","House rule: NORMAL can branch into same-species special state V"
"poipole",804,"NORMAL","NORMAL",804,"NORMAL","MEGA","SPECIAL_BRANCH","House rule: NORMAL can branch into same-species special state MEGA"
"poipole",804,"NORMAL","V",804,"NORMAL","VMAX","SPECIAL_CHAIN","House rule: V can continue into same-species state VMAX"
"poipole",804,"NORMAL","V",804,"NORMAL","VSTAR","SPECIAL_CHAIN","House rule: V can continue into same-species state VSTAR"
"poliwag",60,"NORMAL","NORMAL",60,"NORMAL","EX","SPECIAL_BRANCH","House rule: NORMAL can branch into same-species special state EX"
"poliwag",60,"NORMAL","NORMAL",60,"NORMAL","GX","SPECIAL_BRANCH","House rule: NORMAL can branch into same-species special state GX"
"poliwag",60,"NORMAL","NORMAL",60,"NORMAL","V","SPECIAL_BRANCH","House rule: NORMAL can branch into same-species special state V"
"poliwag",60,"NORMAL","NORMAL",60,"NORMAL","MEGA","SPECIAL_BRANCH","House rule: NORMAL can branch into same-species special state MEGA"
"poliwag",60,"NORMAL","NORMAL",61,"NORMAL","NORMAL","STANDARD","Standard evolution from species tree"
"poliwag",60,"NORMAL","V",60,"NORMAL","VMAX","SPECIAL_CHAIN","House rule: V can continue into same-species state VMAX"
"poliwag",60,"NORMAL","V",60,"NORMAL","VSTAR","SPECIAL_CHAIN","House rule: V can continue into same-species state VSTAR"
"poliwag",61,"NORMAL","NORMAL",61,"NORMAL","EX","SPECIAL_BRANCH","House rule: NORMAL can branch into same-species special state EX"
"poliwag",61,"NORMAL","NORMAL",61,"NORMAL","GX","SPECIAL_BRANCH","House rule: NORMAL can branch into same-species special state GX"
"poliwag",61,"NORMAL","NORMAL",61,"NORMAL","V","SPECIAL_BRANCH","House rule: NORMAL can branch into same-species special state V"
"poliwag",61,"NORMAL","NORMAL",61,"NORMAL","MEGA","SPECIAL_BRANCH","House rule: NORMAL can branch into same-species special state MEGA"
"poliwag",61,"NORMAL","NORMAL",62,"NORMAL","NORMAL","STANDARD","Standard evolution from species tree"
"poliwag",61,"NORMAL","NORMAL",186,"NORMAL","NORMAL","STANDARD","Standard evolution from species tree"
"poliwag",61,"NORMAL","V",61,"NORMAL","VMAX","SPECIAL_CHAIN","House rule: V can continue into same-species state VMAX"
"poliwag",61,"NORMAL","V",61,"NORMAL","VSTAR","SPECIAL_CHAIN","House rule: V can continue into same-species state VSTAR"
"poliwag",62,"NORMAL","NORMAL",62,"NORMAL","EX","SPECIAL_BRANCH","House rule: NORMAL can branch into same-species special state EX"
"poliwag",62,"NORMAL","NORMAL",62,"NORMAL","GX","SPECIAL_BRANCH","House rule: NORMAL can branch into same-species special state GX"
"poliwag",62,"NORMAL","NORMAL",62,"NORMAL","V","SPECIAL_BRANCH","House rule: NORMAL can branch into same-species special state V"
"poliwag",62,"NORMAL","NORMAL",62,"NORMAL","MEGA","SPECIAL_BRANCH","House rule: NORMAL can branch into same-species special state MEGA"
"poliwag",62,"NORMAL","V",62,"NORMAL","VMAX","SPECIAL_CHAIN","House rule: V can continue into same-species state VMAX"
"poliwag",62,"NORMAL","V",62,"NORMAL","VSTAR","SPECIAL_CHAIN","House rule: V can continue into same-species state VSTAR"
"poliwag",186,"NORMAL","NORMAL",186,"NORMAL","EX","SPECIAL_BRANCH","House rule: NORMAL can branch into same-species special state EX"
"poliwag",186,"NORMAL","NORMAL",186,"NORMAL","GX","SPECIAL_BRANCH","House rule: NORMAL can branch into same-species special state GX"
"poliwag",186,"NORMAL","NORMAL",186,"NORMAL","V","SPECIAL_BRANCH","House rule: NORMAL can branch into same-species special state V"
"poliwag",186,"NORMAL","NORMAL",186,"NORMAL","MEGA","SPECIAL_BRANCH","House rule: NORMAL can branch into same-species special state MEGA"
"poliwag",186,"NORMAL","V",186,"NORMAL","VMAX","SPECIAL_CHAIN","House rule: V can continue into same-species state VMAX"
"poliwag",186,"NORMAL","V",186,"NORMAL","VSTAR","SPECIAL_CHAIN","House rule: V can continue into same-species state VSTAR"
"poltchageist",1012,"NORMAL","NORMAL",1012,"NORMAL","EX","SPECIAL_BRANCH","House rule: NORMAL can branch into same-species special state EX"
"poltchageist",1012,"NORMAL","NORMAL",1012,"NORMAL","GX","SPECIAL_BRANCH","House rule: NORMAL can branch into same-species special state GX"
"poltchageist",1012,"NORMAL","NORMAL",1012,"NORMAL","V","SPECIAL_BRANCH","House rule: NORMAL can branch into same-species special state V"
"poltchageist",1012,"NORMAL","NORMAL",1012,"NORMAL","MEGA","SPECIAL_BRANCH","House rule: NORMAL can branch into same-species special state MEGA"
"poltchageist",1012,"NORMAL","NORMAL",1013,"NORMAL","NORMAL","STANDARD","Standard evolution from species tree"
"poltchageist",1012,"NORMAL","V",1012,"NORMAL","VMAX","SPECIAL_CHAIN","House rule: V can continue into same-species state VMAX"
"poltchageist",1012,"NORMAL","V",1012,"NORMAL","VSTAR","SPECIAL_CHAIN","House rule: V can continue into same-species state VSTAR"
"poltchageist",1013,"NORMAL","NORMAL",1013,"NORMAL","EX","SPECIAL_BRANCH","House rule: NORMAL can branch into same-species special state EX"
"poltchageist",1013,"NORMAL","NORMAL",1013,"NORMAL","GX","SPECIAL_BRANCH","House rule: NORMAL can branch into same-species special state GX"
"poltchageist",1013,"NORMAL","NORMAL",1013,"NORMAL","V","SPECIAL_BRANCH","House rule: NORMAL can branch into same-species special state V"
"poltchageist",1013,"NORMAL","NORMAL",1013,"NORMAL","MEGA","SPECIAL_BRANCH","House rule: NORMAL can branch into same-species special state MEGA"
"poltchageist",1013,"NORMAL","V",1013,"NORMAL","VMAX","SPECIAL_CHAIN","House rule: V can continue into same-species state VMAX"
"poltchageist",1013,"NORMAL","V",1013,"NORMAL","VSTAR","SPECIAL_CHAIN","House rule: V can continue into same-species state VSTAR"
"ponyta",77,"NORMAL","NORMAL",77,"NORMAL","EX","SPECIAL_BRANCH","House rule: NORMAL can branch into same-species special state EX"
"ponyta",77,"NORMAL","NORMAL",77,"NORMAL","GX","SPECIAL_BRANCH","House rule: NORMAL can branch into same-species special state GX"
"ponyta",77,"NORMAL","NORMAL",77,"NORMAL","V","SPECIAL_BRANCH","House rule: NORMAL can branch into same-species special state V"
"ponyta",77,"NORMAL","NORMAL",77,"NORMAL","MEGA","SPECIAL_BRANCH","House rule: NORMAL can branch into same-species special state MEGA"
"ponyta",77,"NORMAL","NORMAL",78,"NORMAL","NORMAL","STANDARD","Standard evolution from species tree"
"ponyta",77,"NORMAL","V",77,"NORMAL","VMAX","SPECIAL_CHAIN","House rule: V can continue into same-species state VMAX"
"ponyta",77,"NORMAL","V",77,"NORMAL","VSTAR","SPECIAL_CHAIN","House rule: V can continue into same-species state VSTAR"
"ponyta",78,"NORMAL","NORMAL",78,"NORMAL","EX","SPECIAL_BRANCH","House rule: NORMAL can branch into same-species special state EX"
"ponyta",78,"NORMAL","NORMAL",78,"NORMAL","GX","SPECIAL_BRANCH","House rule: NORMAL can branch into same-species special state GX"
"ponyta",78,"NORMAL","NORMAL",78,"NORMAL","V","SPECIAL_BRANCH","House rule: NORMAL can branch into same-species special state V"
"ponyta",78,"NORMAL","NORMAL",78,"NORMAL","MEGA","SPECIAL_BRANCH","House rule: NORMAL can branch into same-species special state MEGA"
"ponyta",78,"NORMAL","V",78,"NORMAL","VMAX","SPECIAL_CHAIN","House rule: V can continue into same-species state VMAX"
"ponyta",78,"NORMAL","V",78,"NORMAL","VSTAR","SPECIAL_CHAIN","House rule: V can continue into same-species state VSTAR"
"poochyena",261,"NORMAL","NORMAL",261,"NORMAL","EX","SPECIAL_BRANCH","House rule: NORMAL can branch into same-species special state EX"
"poochyena",261,"NORMAL","NORMAL",261,"NORMAL","GX","SPECIAL_BRANCH","House rule: NORMAL can branch into same-species special state GX"
"poochyena",261,"NORMAL","NORMAL",261,"NORMAL","V","SPECIAL_BRANCH","House rule: NORMAL can branch into same-species special state V"
"poochyena",261,"NORMAL","NORMAL",261,"NORMAL","MEGA","SPECIAL_BRANCH","House rule: NORMAL can branch into same-species special state MEGA"
"poochyena",261,"NORMAL","NORMAL",262,"NORMAL","NORMAL","STANDARD","Standard evolution from species tree"
"poochyena",261,"NORMAL","V",261,"NORMAL","VMAX","SPECIAL_CHAIN","House rule: V can continue into same-species state VMAX"
"poochyena",261,"NORMAL","V",261,"NORMAL","VSTAR","SPECIAL_CHAIN","House rule: V can continue into same-species state VSTAR"
"poochyena",262,"NORMAL","NORMAL",262,"NORMAL","EX","SPECIAL_BRANCH","House rule: NORMAL can branch into same-species special state EX"
"poochyena",262,"NORMAL","NORMAL",262,"NORMAL","GX","SPECIAL_BRANCH","House rule: NORMAL can branch into same-species special state GX"
"poochyena",262,"NORMAL","NORMAL",262,"NORMAL","V","SPECIAL_BRANCH","House rule: NORMAL can branch into same-species special state V"
"poochyena",262,"NORMAL","NORMAL",262,"NORMAL","MEGA","SPECIAL_BRANCH","House rule: NORMAL can branch into same-species special state MEGA"
"poochyena",262,"NORMAL","V",262,"NORMAL","VMAX","SPECIAL_CHAIN","House rule: V can continue into same-species state VMAX"
"poochyena",262,"NORMAL","V",262,"NORMAL","VSTAR","SPECIAL_CHAIN","House rule: V can continue into same-species state VSTAR"
"popplio",728,"NORMAL","NORMAL",728,"NORMAL","EX","SPECIAL_BRANCH","House rule: NORMAL can branch into same-species special state EX"
"popplio",728,"NORMAL","NORMAL",728,"NORMAL","GX","SPECIAL_BRANCH","House rule: NORMAL can branch into same-species special state GX"
"popplio",728,"NORMAL","NORMAL",728,"NORMAL","V","SPECIAL_BRANCH","House rule: NORMAL can branch into same-species special state V"
"popplio",728,"NORMAL","NORMAL",728,"NORMAL","MEGA","SPECIAL_BRANCH","House rule: NORMAL can branch into same-species special state MEGA"
"popplio",728,"NORMAL","NORMAL",729,"NORMAL","NORMAL","STANDARD","Standard evolution from species tree"
"popplio",728,"NORMAL","V",728,"NORMAL","VMAX","SPECIAL_CHAIN","House rule: V can continue into same-species state VMAX"
"popplio",728,"NORMAL","V",728,"NORMAL","VSTAR","SPECIAL_CHAIN","House rule: V can continue into same-species state VSTAR"
"popplio",729,"NORMAL","NORMAL",729,"NORMAL","EX","SPECIAL_BRANCH","House rule: NORMAL can branch into same-species special state EX"
"popplio",729,"NORMAL","NORMAL",729,"NORMAL","GX","SPECIAL_BRANCH","House rule: NORMAL can branch into same-species special state GX"
"popplio",729,"NORMAL","NORMAL",729,"NORMAL","V","SPECIAL_BRANCH","House rule: NORMAL can branch into same-species special state V"
"popplio",729,"NORMAL","NORMAL",729,"NORMAL","MEGA","SPECIAL_BRANCH","House rule: NORMAL can branch into same-species special state MEGA"
"popplio",729,"NORMAL","NORMAL",730,"NORMAL","NORMAL","STANDARD","Standard evolution from species tree"
"popplio",729,"NORMAL","V",729,"NORMAL","VMAX","SPECIAL_CHAIN","House rule: V can continue into same-species state VMAX"
"popplio",729,"NORMAL","V",729,"NORMAL","VSTAR","SPECIAL_CHAIN","House rule: V can continue into same-species state VSTAR"
"popplio",730,"NORMAL","NORMAL",730,"NORMAL","EX","SPECIAL_BRANCH","House rule: NORMAL can branch into same-species special state EX"
"popplio",730,"NORMAL","NORMAL",730,"NORMAL","GX","SPECIAL_BRANCH","House rule: NORMAL can branch into same-species special state GX"
"popplio",730,"NORMAL","NORMAL",730,"NORMAL","V","SPECIAL_BRANCH","House rule: NORMAL can branch into same-species special state V"
"popplio",730,"NORMAL","NORMAL",730,"NORMAL","MEGA","SPECIAL_BRANCH","House rule: NORMAL can branch into same-species special state MEGA"
"popplio",730,"NORMAL","V",730,"NORMAL","VMAX","SPECIAL_CHAIN","House rule: V can continue into same-species state VMAX"
"popplio",730,"NORMAL","V",730,"NORMAL","VSTAR","SPECIAL_CHAIN","House rule: V can continue into same-species state VSTAR"
"porygon",137,"NORMAL","NORMAL",137,"NORMAL","EX","SPECIAL_BRANCH","House rule: NORMAL can branch into same-species special state EX"
"porygon",137,"NORMAL","NORMAL",137,"NORMAL","GX","SPECIAL_BRANCH","House rule: NORMAL can branch into same-species special state GX"
"porygon",137,"NORMAL","NORMAL",137,"NORMAL","V","SPECIAL_BRANCH","House rule: NORMAL can branch into same-species special state V"
"porygon",137,"NORMAL","NORMAL",137,"NORMAL","MEGA","SPECIAL_BRANCH","House rule: NORMAL can branch into same-species special state MEGA"
"porygon",137,"NORMAL","NORMAL",233,"NORMAL","NORMAL","STANDARD","Standard evolution from species tree"
"porygon",137,"NORMAL","V",137,"NORMAL","VMAX","SPECIAL_CHAIN","House rule: V can continue into same-species state VMAX"
"porygon",137,"NORMAL","V",137,"NORMAL","VSTAR","SPECIAL_CHAIN","House rule: V can continue into same-species state VSTAR"
"porygon",233,"NORMAL","NORMAL",233,"NORMAL","EX","SPECIAL_BRANCH","House rule: NORMAL can branch into same-species special state EX"
"porygon",233,"NORMAL","NORMAL",233,"NORMAL","GX","SPECIAL_BRANCH","House rule: NORMAL can branch into same-species special state GX"
"porygon",233,"NORMAL","NORMAL",233,"NORMAL","V","SPECIAL_BRANCH","House rule: NORMAL can branch into same-species special state V"
"porygon",233,"NORMAL","NORMAL",233,"NORMAL","MEGA","SPECIAL_BRANCH","House rule: NORMAL can branch into same-species special state MEGA"
"porygon",233,"NORMAL","NORMAL",474,"NORMAL","NORMAL","STANDARD","Standard evolution from species tree"
"porygon",233,"NORMAL","V",233,"NORMAL","VMAX","SPECIAL_CHAIN","House rule: V can continue into same-species state VMAX"
"porygon",233,"NORMAL","V",233,"NORMAL","VSTAR","SPECIAL_CHAIN","House rule: V can continue into same-species state VSTAR"
"porygon",474,"NORMAL","NORMAL",474,"NORMAL","EX","SPECIAL_BRANCH","House rule: NORMAL can branch into same-species special state EX"
"porygon",474,"NORMAL","NORMAL",474,"NORMAL","GX","SPECIAL_BRANCH","House rule: NORMAL can branch into same-species special state GX"
"porygon",474,"NORMAL","NORMAL",474,"NORMAL","V","SPECIAL_BRANCH","House rule: NORMAL can branch into same-species special state V"
"porygon",474,"NORMAL","NORMAL",474,"NORMAL","MEGA","SPECIAL_BRANCH","House rule: NORMAL can branch into same-species special state MEGA"
"porygon",474,"NORMAL","V",474,"NORMAL","VMAX","SPECIAL_CHAIN","House rule: V can continue into same-species state VMAX"
"porygon",474,"NORMAL","V",474,"NORMAL","VSTAR","SPECIAL_CHAIN","House rule: V can continue into same-species state VSTAR"
"psyduck",54,"NORMAL","NORMAL",54,"NORMAL","EX","SPECIAL_BRANCH","House rule: NORMAL can branch into same-species special state EX"
"psyduck",54,"NORMAL","NORMAL",54,"NORMAL","GX","SPECIAL_BRANCH","House rule: NORMAL can branch into same-species special state GX"
"psyduck",54,"NORMAL","NORMAL",54,"NORMAL","V","SPECIAL_BRANCH","House rule: NORMAL can branch into same-species special state V"
"psyduck",54,"NORMAL","NORMAL",54,"NORMAL","MEGA","SPECIAL_BRANCH","House rule: NORMAL can branch into same-species special state MEGA"
"psyduck",54,"NORMAL","NORMAL",55,"NORMAL","NORMAL","STANDARD","Standard evolution from species tree"
"psyduck",54,"NORMAL","V",54,"NORMAL","VMAX","SPECIAL_CHAIN","House rule: V can continue into same-species state VMAX"
"psyduck",54,"NORMAL","V",54,"NORMAL","VSTAR","SPECIAL_CHAIN","House rule: V can continue into same-species state VSTAR"
"psyduck",55,"NORMAL","NORMAL",55,"NORMAL","EX","SPECIAL_BRANCH","House rule: NORMAL can branch into same-species special state EX"
"psyduck",55,"NORMAL","NORMAL",55,"NORMAL","GX","SPECIAL_BRANCH","House rule: NORMAL can branch into same-species special state GX"
"psyduck",55,"NORMAL","NORMAL",55,"NORMAL","V","SPECIAL_BRANCH","House rule: NORMAL can branch into same-species special state V"
"psyduck",55,"NORMAL","NORMAL",55,"NORMAL","MEGA","SPECIAL_BRANCH","House rule: NORMAL can branch into same-species special state MEGA"
"psyduck",55,"NORMAL","V",55,"NORMAL","VMAX","SPECIAL_CHAIN","House rule: V can continue into same-species state VMAX"
"psyduck",55,"NORMAL","V",55,"NORMAL","VSTAR","SPECIAL_CHAIN","House rule: V can continue into same-species state VSTAR"
"pumpkaboo",710,"NORMAL","NORMAL",710,"NORMAL","EX","SPECIAL_BRANCH","House rule: NORMAL can branch into same-species special state EX"
"pumpkaboo",710,"NORMAL","NORMAL",710,"NORMAL","GX","SPECIAL_BRANCH","House rule: NORMAL can branch into same-species special state GX"
"pumpkaboo",710,"NORMAL","NORMAL",710,"NORMAL","V","SPECIAL_BRANCH","House rule: NORMAL can branch into same-species special state V"
"pumpkaboo",710,"NORMAL","NORMAL",710,"NORMAL","MEGA","SPECIAL_BRANCH","House rule: NORMAL can branch into same-species special state MEGA"
"pumpkaboo",710,"NORMAL","NORMAL",711,"NORMAL","NORMAL","STANDARD","Standard evolution from species tree"
"pumpkaboo",710,"NORMAL","V",710,"NORMAL","VMAX","SPECIAL_CHAIN","House rule: V can continue into same-species state VMAX"
"pumpkaboo",710,"NORMAL","V",710,"NORMAL","VSTAR","SPECIAL_CHAIN","House rule: V can continue into same-species state VSTAR"
"pumpkaboo",711,"NORMAL","NORMAL",711,"NORMAL","EX","SPECIAL_BRANCH","House rule: NORMAL can branch into same-species special state EX"
"pumpkaboo",711,"NORMAL","NORMAL",711,"NORMAL","GX","SPECIAL_BRANCH","House rule: NORMAL can branch into same-species special state GX"
"pumpkaboo",711,"NORMAL","NORMAL",711,"NORMAL","V","SPECIAL_BRANCH","House rule: NORMAL can branch into same-species special state V"
"pumpkaboo",711,"NORMAL","NORMAL",711,"NORMAL","MEGA","SPECIAL_BRANCH","House rule: NORMAL can branch into same-species special state MEGA"
"pumpkaboo",711,"NORMAL","V",711,"NORMAL","VMAX","SPECIAL_CHAIN","House rule: V can continue into same-species state VMAX"
"pumpkaboo",711,"NORMAL","V",711,"NORMAL","VSTAR","SPECIAL_CHAIN","House rule: V can continue into same-species state VSTAR"
"purrloin",509,"NORMAL","NORMAL",509,"NORMAL","EX","SPECIAL_BRANCH","House rule: NORMAL can branch into same-species special state EX"
"purrloin",509,"NORMAL","NORMAL",509,"NORMAL","GX","SPECIAL_BRANCH","House rule: NORMAL can branch into same-species special state GX"
"purrloin",509,"NORMAL","NORMAL",509,"NORMAL","V","SPECIAL_BRANCH","House rule: NORMAL can branch into same-species special state V"
"purrloin",509,"NORMAL","NORMAL",509,"NORMAL","MEGA","SPECIAL_BRANCH","House rule: NORMAL can branch into same-species special state MEGA"
"purrloin",509,"NORMAL","NORMAL",510,"NORMAL","NORMAL","STANDARD","Standard evolution from species tree"
"purrloin",509,"NORMAL","V",509,"NORMAL","VMAX","SPECIAL_CHAIN","House rule: V can continue into same-species state VMAX"
"purrloin",509,"NORMAL","V",509,"NORMAL","VSTAR","SPECIAL_CHAIN","House rule: V can continue into same-species state VSTAR"
"purrloin",510,"NORMAL","NORMAL",510,"NORMAL","EX","SPECIAL_BRANCH","House rule: NORMAL can branch into same-species special state EX"
"purrloin",510,"NORMAL","NORMAL",510,"NORMAL","GX","SPECIAL_BRANCH","House rule: NORMAL can branch into same-species special state GX"
"purrloin",510,"NORMAL","NORMAL",510,"NORMAL","V","SPECIAL_BRANCH","House rule: NORMAL can branch into same-species special state V"
"purrloin",510,"NORMAL","NORMAL",510,"NORMAL","MEGA","SPECIAL_BRANCH","House rule: NORMAL can branch into same-species special state MEGA"
"purrloin",510,"NORMAL","V",510,"NORMAL","VMAX","SPECIAL_CHAIN","House rule: V can continue into same-species state VMAX"
"purrloin",510,"NORMAL","V",510,"NORMAL","VSTAR","SPECIAL_CHAIN","House rule: V can continue into same-species state VSTAR"
"pyukumuku",771,"NORMAL","NORMAL",771,"NORMAL","EX","SPECIAL_BRANCH","House rule: NORMAL can branch into same-species special state EX"
"pyukumuku",771,"NORMAL","NORMAL",771,"NORMAL","GX","SPECIAL_BRANCH","House rule: NORMAL can branch into same-species special state GX"
"pyukumuku",771,"NORMAL","NORMAL",771,"NORMAL","V","SPECIAL_BRANCH","House rule: NORMAL can branch into same-species special state V"
"pyukumuku",771,"NORMAL","NORMAL",771,"NORMAL","MEGA","SPECIAL_BRANCH","House rule: NORMAL can branch into same-species special state MEGA"
"pyukumuku",771,"NORMAL","V",771,"NORMAL","VMAX","SPECIAL_CHAIN","House rule: V can continue into same-species state VMAX"
"pyukumuku",771,"NORMAL","V",771,"NORMAL","VSTAR","SPECIAL_CHAIN","House rule: V can continue into same-species state VSTAR"
"quaxly",912,"NORMAL","NORMAL",912,"NORMAL","EX","SPECIAL_BRANCH","House rule: NORMAL can branch into same-species special state EX"
"quaxly",912,"NORMAL","NORMAL",912,"NORMAL","GX","SPECIAL_BRANCH","House rule: NORMAL can branch into same-species special state GX"
"quaxly",912,"NORMAL","NORMAL",912,"NORMAL","V","SPECIAL_BRANCH","House rule: NORMAL can branch into same-species special state V"
"quaxly",912,"NORMAL","NORMAL",912,"NORMAL","MEGA","SPECIAL_BRANCH","House rule: NORMAL can branch into same-species special state MEGA"
"quaxly",912,"NORMAL","NORMAL",913,"NORMAL","NORMAL","STANDARD","Standard evolution from species tree"
"quaxly",912,"NORMAL","V",912,"NORMAL","VMAX","SPECIAL_CHAIN","House rule: V can continue into same-species state VMAX"
"quaxly",912,"NORMAL","V",912,"NORMAL","VSTAR","SPECIAL_CHAIN","House rule: V can continue into same-species state VSTAR"
"quaxly",913,"NORMAL","NORMAL",913,"NORMAL","EX","SPECIAL_BRANCH","House rule: NORMAL can branch into same-species special state EX"
"quaxly",913,"NORMAL","NORMAL",913,"NORMAL","GX","SPECIAL_BRANCH","House rule: NORMAL can branch into same-species special state GX"
"quaxly",913,"NORMAL","NORMAL",913,"NORMAL","V","SPECIAL_BRANCH","House rule: NORMAL can branch into same-species special state V"
"quaxly",913,"NORMAL","NORMAL",913,"NORMAL","MEGA","SPECIAL_BRANCH","House rule: NORMAL can branch into same-species special state MEGA"
"quaxly",913,"NORMAL","NORMAL",914,"NORMAL","NORMAL","STANDARD","Standard evolution from species tree"
"quaxly",913,"NORMAL","V",913,"NORMAL","VMAX","SPECIAL_CHAIN","House rule: V can continue into same-species state VMAX"
"quaxly",913,"NORMAL","V",913,"NORMAL","VSTAR","SPECIAL_CHAIN","House rule: V can continue into same-species state VSTAR"
"quaxly",914,"NORMAL","NORMAL",914,"NORMAL","EX","SPECIAL_BRANCH","House rule: NORMAL can branch into same-species special state EX"
"quaxly",914,"NORMAL","NORMAL",914,"NORMAL","GX","SPECIAL_BRANCH","House rule: NORMAL can branch into same-species special state GX"
"quaxly",914,"NORMAL","NORMAL",914,"NORMAL","V","SPECIAL_BRANCH","House rule: NORMAL can branch into same-species special state V"
"quaxly",914,"NORMAL","NORMAL",914,"NORMAL","MEGA","SPECIAL_BRANCH","House rule: NORMAL can branch into same-species special state MEGA"
"quaxly",914,"NORMAL","V",914,"NORMAL","VMAX","SPECIAL_CHAIN","House rule: V can continue into same-species state VMAX"
"quaxly",914,"NORMAL","V",914,"NORMAL","VSTAR","SPECIAL_CHAIN","House rule: V can continue into same-species state VSTAR"
"qwilfish",211,"NORMAL","NORMAL",211,"NORMAL","EX","SPECIAL_BRANCH","House rule: NORMAL can branch into same-species special state EX"
"qwilfish",211,"NORMAL","NORMAL",211,"NORMAL","GX","SPECIAL_BRANCH","House rule: NORMAL can branch into same-species special state GX"
"qwilfish",211,"NORMAL","NORMAL",211,"NORMAL","V","SPECIAL_BRANCH","House rule: NORMAL can branch into same-species special state V"
"qwilfish",211,"NORMAL","NORMAL",211,"NORMAL","MEGA","SPECIAL_BRANCH","House rule: NORMAL can branch into same-species special state MEGA"
"qwilfish",211,"NORMAL","NORMAL",904,"NORMAL","NORMAL","STANDARD","Standard evolution from species tree"
"qwilfish",211,"NORMAL","V",211,"NORMAL","VMAX","SPECIAL_CHAIN","House rule: V can continue into same-species state VMAX"
"qwilfish",211,"NORMAL","V",211,"NORMAL","VSTAR","SPECIAL_CHAIN","House rule: V can continue into same-species state VSTAR"
"qwilfish",904,"NORMAL","NORMAL",904,"NORMAL","EX","SPECIAL_BRANCH","House rule: NORMAL can branch into same-species special state EX"
"qwilfish",904,"NORMAL","NORMAL",904,"NORMAL","GX","SPECIAL_BRANCH","House rule: NORMAL can branch into same-species special state GX"
"qwilfish",904,"NORMAL","NORMAL",904,"NORMAL","V","SPECIAL_BRANCH","House rule: NORMAL can branch into same-species special state V"
"qwilfish",904,"NORMAL","NORMAL",904,"NORMAL","MEGA","SPECIAL_BRANCH","House rule: NORMAL can branch into same-species special state MEGA"
"qwilfish",904,"NORMAL","V",904,"NORMAL","VMAX","SPECIAL_CHAIN","House rule: V can continue into same-species state VMAX"
"qwilfish",904,"NORMAL","V",904,"NORMAL","VSTAR","SPECIAL_CHAIN","House rule: V can continue into same-species state VSTAR"
"raging-bolt",1021,"NORMAL","NORMAL",1021,"NORMAL","EX","SPECIAL_BRANCH","House rule: NORMAL can branch into same-species special state EX"
"raging-bolt",1021,"NORMAL","NORMAL",1021,"NORMAL","GX","SPECIAL_BRANCH","House rule: NORMAL can branch into same-species special state GX"
"raging-bolt",1021,"NORMAL","NORMAL",1021,"NORMAL","V","SPECIAL_BRANCH","House rule: NORMAL can branch into same-species special state V"
"raging-bolt",1021,"NORMAL","NORMAL",1021,"NORMAL","MEGA","SPECIAL_BRANCH","House rule: NORMAL can branch into same-species special state MEGA"
"raging-bolt",1021,"NORMAL","V",1021,"NORMAL","VMAX","SPECIAL_CHAIN","House rule: V can continue into same-species state VMAX"
"raging-bolt",1021,"NORMAL","V",1021,"NORMAL","VSTAR","SPECIAL_CHAIN","House rule: V can continue into same-species state VSTAR"
"raikou",243,"NORMAL","NORMAL",243,"NORMAL","EX","SPECIAL_BRANCH","House rule: NORMAL can branch into same-species special state EX"
"raikou",243,"NORMAL","NORMAL",243,"NORMAL","GX","SPECIAL_BRANCH","House rule: NORMAL can branch into same-species special state GX"
"raikou",243,"NORMAL","NORMAL",243,"NORMAL","V","SPECIAL_BRANCH","House rule: NORMAL can branch into same-species special state V"
"raikou",243,"NORMAL","NORMAL",243,"NORMAL","MEGA","SPECIAL_BRANCH","House rule: NORMAL can branch into same-species special state MEGA"
"raikou",243,"NORMAL","V",243,"NORMAL","VMAX","SPECIAL_CHAIN","House rule: V can continue into same-species state VMAX"
"raikou",243,"NORMAL","V",243,"NORMAL","VSTAR","SPECIAL_CHAIN","House rule: V can continue into same-species state VSTAR"
"ralts",280,"NORMAL","NORMAL",280,"NORMAL","EX","SPECIAL_BRANCH","House rule: NORMAL can branch into same-species special state EX"
"ralts",280,"NORMAL","NORMAL",280,"NORMAL","GX","SPECIAL_BRANCH","House rule: NORMAL can branch into same-species special state GX"
"ralts",280,"NORMAL","NORMAL",280,"NORMAL","V","SPECIAL_BRANCH","House rule: NORMAL can branch into same-species special state V"
"ralts",280,"NORMAL","NORMAL",280,"NORMAL","MEGA","SPECIAL_BRANCH","House rule: NORMAL can branch into same-species special state MEGA"
"ralts",280,"NORMAL","NORMAL",281,"NORMAL","NORMAL","STANDARD","Standard evolution from species tree"
"ralts",280,"NORMAL","V",280,"NORMAL","VMAX","SPECIAL_CHAIN","House rule: V can continue into same-species state VMAX"
"ralts",280,"NORMAL","V",280,"NORMAL","VSTAR","SPECIAL_CHAIN","House rule: V can continue into same-species state VSTAR"
"ralts",281,"NORMAL","NORMAL",281,"NORMAL","EX","SPECIAL_BRANCH","House rule: NORMAL can branch into same-species special state EX"
"ralts",281,"NORMAL","NORMAL",281,"NORMAL","GX","SPECIAL_BRANCH","House rule: NORMAL can branch into same-species special state GX"
"ralts",281,"NORMAL","NORMAL",281,"NORMAL","V","SPECIAL_BRANCH","House rule: NORMAL can branch into same-species special state V"
"ralts",281,"NORMAL","NORMAL",281,"NORMAL","MEGA","SPECIAL_BRANCH","House rule: NORMAL can branch into same-species special state MEGA"
"ralts",281,"NORMAL","NORMAL",282,"NORMAL","NORMAL","STANDARD","Standard evolution from species tree"
"ralts",281,"NORMAL","NORMAL",475,"NORMAL","NORMAL","STANDARD","Standard evolution from species tree"
"ralts",281,"NORMAL","V",281,"NORMAL","VMAX","SPECIAL_CHAIN","House rule: V can continue into same-species state VMAX"
"ralts",281,"NORMAL","V",281,"NORMAL","VSTAR","SPECIAL_CHAIN","House rule: V can continue into same-species state VSTAR"
"ralts",282,"NORMAL","NORMAL",282,"NORMAL","EX","SPECIAL_BRANCH","House rule: NORMAL can branch into same-species special state EX"
"ralts",282,"NORMAL","NORMAL",282,"NORMAL","GX","SPECIAL_BRANCH","House rule: NORMAL can branch into same-species special state GX"
"ralts",282,"NORMAL","NORMAL",282,"NORMAL","V","SPECIAL_BRANCH","House rule: NORMAL can branch into same-species special state V"
"ralts",282,"NORMAL","NORMAL",282,"NORMAL","MEGA","SPECIAL_BRANCH","House rule: NORMAL can branch into same-species special state MEGA"
"ralts",282,"NORMAL","V",282,"NORMAL","VMAX","SPECIAL_CHAIN","House rule: V can continue into same-species state VMAX"
"ralts",282,"NORMAL","V",282,"NORMAL","VSTAR","SPECIAL_CHAIN","House rule: V can continue into same-species state VSTAR"
"ralts",475,"NORMAL","NORMAL",475,"NORMAL","EX","SPECIAL_BRANCH","House rule: NORMAL can branch into same-species special state EX"
"ralts",475,"NORMAL","NORMAL",475,"NORMAL","GX","SPECIAL_BRANCH","House rule: NORMAL can branch into same-species special state GX"
"ralts",475,"NORMAL","NORMAL",475,"NORMAL","V","SPECIAL_BRANCH","House rule: NORMAL can branch into same-species special state V"
"ralts",475,"NORMAL","NORMAL",475,"NORMAL","MEGA","SPECIAL_BRANCH","House rule: NORMAL can branch into same-species special state MEGA"
"ralts",475,"NORMAL","V",475,"NORMAL","VMAX","SPECIAL_CHAIN","House rule: V can continue into same-species state VMAX"
"ralts",475,"NORMAL","V",475,"NORMAL","VSTAR","SPECIAL_CHAIN","House rule: V can continue into same-species state VSTAR"
"rattata",19,"NORMAL","NORMAL",19,"NORMAL","EX","SPECIAL_BRANCH","House rule: NORMAL can branch into same-species special state EX"
"rattata",19,"NORMAL","NORMAL",19,"NORMAL","GX","SPECIAL_BRANCH","House rule: NORMAL can branch into same-species special state GX"
"rattata",19,"NORMAL","NORMAL",19,"NORMAL","V","SPECIAL_BRANCH","House rule: NORMAL can branch into same-species special state V"
"rattata",19,"NORMAL","NORMAL",19,"NORMAL","MEGA","SPECIAL_BRANCH","House rule: NORMAL can branch into same-species special state MEGA"
"rattata",19,"NORMAL","NORMAL",20,"NORMAL","NORMAL","STANDARD","Standard evolution from species tree"
"rattata",19,"NORMAL","V",19,"NORMAL","VMAX","SPECIAL_CHAIN","House rule: V can continue into same-species state VMAX"
"rattata",19,"NORMAL","V",19,"NORMAL","VSTAR","SPECIAL_CHAIN","House rule: V can continue into same-species state VSTAR"
"rattata",20,"NORMAL","NORMAL",20,"NORMAL","EX","SPECIAL_BRANCH","House rule: NORMAL can branch into same-species special state EX"
"rattata",20,"NORMAL","NORMAL",20,"NORMAL","GX","SPECIAL_BRANCH","House rule: NORMAL can branch into same-species special state GX"
"rattata",20,"NORMAL","NORMAL",20,"NORMAL","V","SPECIAL_BRANCH","House rule: NORMAL can branch into same-species special state V"
"rattata",20,"NORMAL","NORMAL",20,"NORMAL","MEGA","SPECIAL_BRANCH","House rule: NORMAL can branch into same-species special state MEGA"
"rattata",20,"NORMAL","V",20,"NORMAL","VMAX","SPECIAL_CHAIN","House rule: V can continue into same-species state VMAX"
"rattata",20,"NORMAL","V",20,"NORMAL","VSTAR","SPECIAL_CHAIN","House rule: V can continue into same-species state VSTAR"
"rayquaza",384,"NORMAL","NORMAL",384,"NORMAL","EX","SPECIAL_BRANCH","House rule: NORMAL can branch into same-species special state EX"
"rayquaza",384,"NORMAL","NORMAL",384,"NORMAL","GX","SPECIAL_BRANCH","House rule: NORMAL can branch into same-species special state GX"
"rayquaza",384,"NORMAL","NORMAL",384,"NORMAL","V","SPECIAL_BRANCH","House rule: NORMAL can branch into same-species special state V"
"rayquaza",384,"NORMAL","NORMAL",384,"NORMAL","MEGA","SPECIAL_BRANCH","House rule: NORMAL can branch into same-species special state MEGA"
"rayquaza",384,"NORMAL","V",384,"NORMAL","VMAX","SPECIAL_CHAIN","House rule: V can continue into same-species state VMAX"
"rayquaza",384,"NORMAL","V",384,"NORMAL","VSTAR","SPECIAL_CHAIN","House rule: V can continue into same-species state VSTAR"
"regice",378,"NORMAL","NORMAL",378,"NORMAL","EX","SPECIAL_BRANCH","House rule: NORMAL can branch into same-species special state EX"
"regice",378,"NORMAL","NORMAL",378,"NORMAL","GX","SPECIAL_BRANCH","House rule: NORMAL can branch into same-species special state GX"
"regice",378,"NORMAL","NORMAL",378,"NORMAL","V","SPECIAL_BRANCH","House rule: NORMAL can branch into same-species special state V"
"regice",378,"NORMAL","NORMAL",378,"NORMAL","MEGA","SPECIAL_BRANCH","House rule: NORMAL can branch into same-species special state MEGA"
"regice",378,"NORMAL","V",378,"NORMAL","VMAX","SPECIAL_CHAIN","House rule: V can continue into same-species state VMAX"
"regice",378,"NORMAL","V",378,"NORMAL","VSTAR","SPECIAL_CHAIN","House rule: V can continue into same-species state VSTAR"
"regidrago",895,"NORMAL","NORMAL",895,"NORMAL","EX","SPECIAL_BRANCH","House rule: NORMAL can branch into same-species special state EX"
"regidrago",895,"NORMAL","NORMAL",895,"NORMAL","GX","SPECIAL_BRANCH","House rule: NORMAL can branch into same-species special state GX"
"regidrago",895,"NORMAL","NORMAL",895,"NORMAL","V","SPECIAL_BRANCH","House rule: NORMAL can branch into same-species special state V"
"regidrago",895,"NORMAL","NORMAL",895,"NORMAL","MEGA","SPECIAL_BRANCH","House rule: NORMAL can branch into same-species special state MEGA"
"regidrago",895,"NORMAL","V",895,"NORMAL","VMAX","SPECIAL_CHAIN","House rule: V can continue into same-species state VMAX"
"regidrago",895,"NORMAL","V",895,"NORMAL","VSTAR","SPECIAL_CHAIN","House rule: V can continue into same-species state VSTAR"
"regieleki",894,"NORMAL","NORMAL",894,"NORMAL","EX","SPECIAL_BRANCH","House rule: NORMAL can branch into same-species special state EX"
"regieleki",894,"NORMAL","NORMAL",894,"NORMAL","GX","SPECIAL_BRANCH","House rule: NORMAL can branch into same-species special state GX"
"regieleki",894,"NORMAL","NORMAL",894,"NORMAL","V","SPECIAL_BRANCH","House rule: NORMAL can branch into same-species special state V"
"regieleki",894,"NORMAL","NORMAL",894,"NORMAL","MEGA","SPECIAL_BRANCH","House rule: NORMAL can branch into same-species special state MEGA"
"regieleki",894,"NORMAL","V",894,"NORMAL","VMAX","SPECIAL_CHAIN","House rule: V can continue into same-species state VMAX"
"regieleki",894,"NORMAL","V",894,"NORMAL","VSTAR","SPECIAL_CHAIN","House rule: V can continue into same-species state VSTAR"
"regigigas",486,"NORMAL","NORMAL",486,"NORMAL","EX","SPECIAL_BRANCH","House rule: NORMAL can branch into same-species special state EX"
"regigigas",486,"NORMAL","NORMAL",486,"NORMAL","GX","SPECIAL_BRANCH","House rule: NORMAL can branch into same-species special state GX"
"regigigas",486,"NORMAL","NORMAL",486,"NORMAL","V","SPECIAL_BRANCH","House rule: NORMAL can branch into same-species special state V"
"regigigas",486,"NORMAL","NORMAL",486,"NORMAL","MEGA","SPECIAL_BRANCH","House rule: NORMAL can branch into same-species special state MEGA"
"regigigas",486,"NORMAL","V",486,"NORMAL","VMAX","SPECIAL_CHAIN","House rule: V can continue into same-species state VMAX"
"regigigas",486,"NORMAL","V",486,"NORMAL","VSTAR","SPECIAL_CHAIN","House rule: V can continue into same-species state VSTAR"
"regirock",377,"NORMAL","NORMAL",377,"NORMAL","EX","SPECIAL_BRANCH","House rule: NORMAL can branch into same-species special state EX"
"regirock",377,"NORMAL","NORMAL",377,"NORMAL","GX","SPECIAL_BRANCH","House rule: NORMAL can branch into same-species special state GX"
"regirock",377,"NORMAL","NORMAL",377,"NORMAL","V","SPECIAL_BRANCH","House rule: NORMAL can branch into same-species special state V"
"regirock",377,"NORMAL","NORMAL",377,"NORMAL","MEGA","SPECIAL_BRANCH","House rule: NORMAL can branch into same-species special state MEGA"
"regirock",377,"NORMAL","V",377,"NORMAL","VMAX","SPECIAL_CHAIN","House rule: V can continue into same-species state VMAX"
"regirock",377,"NORMAL","V",377,"NORMAL","VSTAR","SPECIAL_CHAIN","House rule: V can continue into same-species state VSTAR"
"registeel",379,"NORMAL","NORMAL",379,"NORMAL","EX","SPECIAL_BRANCH","House rule: NORMAL can branch into same-species special state EX"
"registeel",379,"NORMAL","NORMAL",379,"NORMAL","GX","SPECIAL_BRANCH","House rule: NORMAL can branch into same-species special state GX"
"registeel",379,"NORMAL","NORMAL",379,"NORMAL","V","SPECIAL_BRANCH","House rule: NORMAL can branch into same-species special state V"
"registeel",379,"NORMAL","NORMAL",379,"NORMAL","MEGA","SPECIAL_BRANCH","House rule: NORMAL can branch into same-species special state MEGA"
"registeel",379,"NORMAL","V",379,"NORMAL","VMAX","SPECIAL_CHAIN","House rule: V can continue into same-species state VMAX"
"registeel",379,"NORMAL","V",379,"NORMAL","VSTAR","SPECIAL_CHAIN","House rule: V can continue into same-species state VSTAR"
"relicanth",369,"NORMAL","NORMAL",369,"NORMAL","EX","SPECIAL_BRANCH","House rule: NORMAL can branch into same-species special state EX"
"relicanth",369,"NORMAL","NORMAL",369,"NORMAL","GX","SPECIAL_BRANCH","House rule: NORMAL can branch into same-species special state GX"
"relicanth",369,"NORMAL","NORMAL",369,"NORMAL","V","SPECIAL_BRANCH","House rule: NORMAL can branch into same-species special state V"
"relicanth",369,"NORMAL","NORMAL",369,"NORMAL","MEGA","SPECIAL_BRANCH","House rule: NORMAL can branch into same-species special state MEGA"
"relicanth",369,"NORMAL","V",369,"NORMAL","VMAX","SPECIAL_CHAIN","House rule: V can continue into same-species state VMAX"
"relicanth",369,"NORMAL","V",369,"NORMAL","VSTAR","SPECIAL_CHAIN","House rule: V can continue into same-species state VSTAR"
"rellor",953,"NORMAL","NORMAL",953,"NORMAL","EX","SPECIAL_BRANCH","House rule: NORMAL can branch into same-species special state EX"
"rellor",953,"NORMAL","NORMAL",953,"NORMAL","GX","SPECIAL_BRANCH","House rule: NORMAL can branch into same-species special state GX"
"rellor",953,"NORMAL","NORMAL",953,"NORMAL","V","SPECIAL_BRANCH","House rule: NORMAL can branch into same-species special state V"
"rellor",953,"NORMAL","NORMAL",953,"NORMAL","MEGA","SPECIAL_BRANCH","House rule: NORMAL can branch into same-species special state MEGA"
"rellor",953,"NORMAL","NORMAL",954,"NORMAL","NORMAL","STANDARD","Standard evolution from species tree"
"rellor",953,"NORMAL","V",953,"NORMAL","VMAX","SPECIAL_CHAIN","House rule: V can continue into same-species state VMAX"
"rellor",953,"NORMAL","V",953,"NORMAL","VSTAR","SPECIAL_CHAIN","House rule: V can continue into same-species state VSTAR"
"rellor",954,"NORMAL","NORMAL",954,"NORMAL","EX","SPECIAL_BRANCH","House rule: NORMAL can branch into same-species special state EX"
"rellor",954,"NORMAL","NORMAL",954,"NORMAL","GX","SPECIAL_BRANCH","House rule: NORMAL can branch into same-species special state GX"
"rellor",954,"NORMAL","NORMAL",954,"NORMAL","V","SPECIAL_BRANCH","House rule: NORMAL can branch into same-species special state V"
"rellor",954,"NORMAL","NORMAL",954,"NORMAL","MEGA","SPECIAL_BRANCH","House rule: NORMAL can branch into same-species special state MEGA"
"rellor",954,"NORMAL","V",954,"NORMAL","VMAX","SPECIAL_CHAIN","House rule: V can continue into same-species state VMAX"
"rellor",954,"NORMAL","V",954,"NORMAL","VSTAR","SPECIAL_CHAIN","House rule: V can continue into same-species state VSTAR"
"remoraid",223,"NORMAL","NORMAL",223,"NORMAL","EX","SPECIAL_BRANCH","House rule: NORMAL can branch into same-species special state EX"
"remoraid",223,"NORMAL","NORMAL",223,"NORMAL","GX","SPECIAL_BRANCH","House rule: NORMAL can branch into same-species special state GX"
"remoraid",223,"NORMAL","NORMAL",223,"NORMAL","V","SPECIAL_BRANCH","House rule: NORMAL can branch into same-species special state V"
"remoraid",223,"NORMAL","NORMAL",223,"NORMAL","MEGA","SPECIAL_BRANCH","House rule: NORMAL can branch into same-species special state MEGA"
"remoraid",223,"NORMAL","NORMAL",224,"NORMAL","NORMAL","STANDARD","Standard evolution from species tree"
"remoraid",223,"NORMAL","V",223,"NORMAL","VMAX","SPECIAL_CHAIN","House rule: V can continue into same-species state VMAX"
"remoraid",223,"NORMAL","V",223,"NORMAL","VSTAR","SPECIAL_CHAIN","House rule: V can continue into same-species state VSTAR"
"remoraid",224,"NORMAL","NORMAL",224,"NORMAL","EX","SPECIAL_BRANCH","House rule: NORMAL can branch into same-species special state EX"
"remoraid",224,"NORMAL","NORMAL",224,"NORMAL","GX","SPECIAL_BRANCH","House rule: NORMAL can branch into same-species special state GX"
"remoraid",224,"NORMAL","NORMAL",224,"NORMAL","V","SPECIAL_BRANCH","House rule: NORMAL can branch into same-species special state V"
"remoraid",224,"NORMAL","NORMAL",224,"NORMAL","MEGA","SPECIAL_BRANCH","House rule: NORMAL can branch into same-species special state MEGA"
"remoraid",224,"NORMAL","V",224,"NORMAL","VMAX","SPECIAL_CHAIN","House rule: V can continue into same-species state VMAX"
"remoraid",224,"NORMAL","V",224,"NORMAL","VSTAR","SPECIAL_CHAIN","House rule: V can continue into same-species state VSTAR"
"reshiram",643,"NORMAL","NORMAL",643,"NORMAL","EX","SPECIAL_BRANCH","House rule: NORMAL can branch into same-species special state EX"
"reshiram",643,"NORMAL","NORMAL",643,"NORMAL","GX","SPECIAL_BRANCH","House rule: NORMAL can branch into same-species special state GX"
"reshiram",643,"NORMAL","NORMAL",643,"NORMAL","V","SPECIAL_BRANCH","House rule: NORMAL can branch into same-species special state V"
"reshiram",643,"NORMAL","NORMAL",643,"NORMAL","MEGA","SPECIAL_BRANCH","House rule: NORMAL can branch into same-species special state MEGA"
"reshiram",643,"NORMAL","V",643,"NORMAL","VMAX","SPECIAL_CHAIN","House rule: V can continue into same-species state VMAX"
"reshiram",643,"NORMAL","V",643,"NORMAL","VSTAR","SPECIAL_CHAIN","House rule: V can continue into same-species state VSTAR"
"rhyhorn",111,"NORMAL","NORMAL",111,"NORMAL","EX","SPECIAL_BRANCH","House rule: NORMAL can branch into same-species special state EX"
"rhyhorn",111,"NORMAL","NORMAL",111,"NORMAL","GX","SPECIAL_BRANCH","House rule: NORMAL can branch into same-species special state GX"
"rhyhorn",111,"NORMAL","NORMAL",111,"NORMAL","V","SPECIAL_BRANCH","House rule: NORMAL can branch into same-species special state V"
"rhyhorn",111,"NORMAL","NORMAL",111,"NORMAL","MEGA","SPECIAL_BRANCH","House rule: NORMAL can branch into same-species special state MEGA"
"rhyhorn",111,"NORMAL","NORMAL",112,"NORMAL","NORMAL","STANDARD","Standard evolution from species tree"
"rhyhorn",111,"NORMAL","V",111,"NORMAL","VMAX","SPECIAL_CHAIN","House rule: V can continue into same-species state VMAX"
"rhyhorn",111,"NORMAL","V",111,"NORMAL","VSTAR","SPECIAL_CHAIN","House rule: V can continue into same-species state VSTAR"
"rhyhorn",112,"NORMAL","NORMAL",112,"NORMAL","EX","SPECIAL_BRANCH","House rule: NORMAL can branch into same-species special state EX"
"rhyhorn",112,"NORMAL","NORMAL",112,"NORMAL","GX","SPECIAL_BRANCH","House rule: NORMAL can branch into same-species special state GX"
"rhyhorn",112,"NORMAL","NORMAL",112,"NORMAL","V","SPECIAL_BRANCH","House rule: NORMAL can branch into same-species special state V"
"rhyhorn",112,"NORMAL","NORMAL",112,"NORMAL","MEGA","SPECIAL_BRANCH","House rule: NORMAL can branch into same-species special state MEGA"
"rhyhorn",112,"NORMAL","NORMAL",464,"NORMAL","NORMAL","STANDARD","Standard evolution from species tree"
"rhyhorn",112,"NORMAL","V",112,"NORMAL","VMAX","SPECIAL_CHAIN","House rule: V can continue into same-species state VMAX"
"rhyhorn",112,"NORMAL","V",112,"NORMAL","VSTAR","SPECIAL_CHAIN","House rule: V can continue into same-species state VSTAR"
"rhyhorn",464,"NORMAL","NORMAL",464,"NORMAL","EX","SPECIAL_BRANCH","House rule: NORMAL can branch into same-species special state EX"
"rhyhorn",464,"NORMAL","NORMAL",464,"NORMAL","GX","SPECIAL_BRANCH","House rule: NORMAL can branch into same-species special state GX"
"rhyhorn",464,"NORMAL","NORMAL",464,"NORMAL","V","SPECIAL_BRANCH","House rule: NORMAL can branch into same-species special state V"
"rhyhorn",464,"NORMAL","NORMAL",464,"NORMAL","MEGA","SPECIAL_BRANCH","House rule: NORMAL can branch into same-species special state MEGA"
"rhyhorn",464,"NORMAL","V",464,"NORMAL","VMAX","SPECIAL_CHAIN","House rule: V can continue into same-species state VMAX"
"rhyhorn",464,"NORMAL","V",464,"NORMAL","VSTAR","SPECIAL_CHAIN","House rule: V can continue into same-species state VSTAR"
"riolu",447,"NORMAL","NORMAL",448,"NORMAL","NORMAL","STANDARD","Standard evolution from species tree"
"riolu",448,"NORMAL","NORMAL",448,"NORMAL","EX","SPECIAL_BRANCH","House rule: NORMAL can branch into same-species special state EX"
"riolu",448,"NORMAL","NORMAL",448,"NORMAL","GX","SPECIAL_BRANCH","House rule: NORMAL can branch into same-species special state GX"
"riolu",448,"NORMAL","NORMAL",448,"NORMAL","V","SPECIAL_BRANCH","House rule: NORMAL can branch into same-species special state V"
"riolu",448,"NORMAL","NORMAL",448,"NORMAL","MEGA","SPECIAL_BRANCH","House rule: NORMAL can branch into same-species special state MEGA"
"riolu",448,"NORMAL","V",448,"NORMAL","VMAX","SPECIAL_CHAIN","House rule: V can continue into same-species state VMAX"
"riolu",448,"NORMAL","V",448,"NORMAL","VSTAR","SPECIAL_CHAIN","House rule: V can continue into same-species state VSTAR"
"roaring-moon",1005,"NORMAL","NORMAL",1005,"NORMAL","EX","SPECIAL_BRANCH","House rule: NORMAL can branch into same-species special state EX"
"roaring-moon",1005,"NORMAL","NORMAL",1005,"NORMAL","GX","SPECIAL_BRANCH","House rule: NORMAL can branch into same-species special state GX"
"roaring-moon",1005,"NORMAL","NORMAL",1005,"NORMAL","V","SPECIAL_BRANCH","House rule: NORMAL can branch into same-species special state V"
"roaring-moon",1005,"NORMAL","NORMAL",1005,"NORMAL","MEGA","SPECIAL_BRANCH","House rule: NORMAL can branch into same-species special state MEGA"
"roaring-moon",1005,"NORMAL","V",1005,"NORMAL","VMAX","SPECIAL_CHAIN","House rule: V can continue into same-species state VMAX"
"roaring-moon",1005,"NORMAL","V",1005,"NORMAL","VSTAR","SPECIAL_CHAIN","House rule: V can continue into same-species state VSTAR"
"rockruff",744,"NORMAL","NORMAL",744,"NORMAL","EX","SPECIAL_BRANCH","House rule: NORMAL can branch into same-species special state EX"
"rockruff",744,"NORMAL","NORMAL",744,"NORMAL","GX","SPECIAL_BRANCH","House rule: NORMAL can branch into same-species special state GX"
"rockruff",744,"NORMAL","NORMAL",744,"NORMAL","V","SPECIAL_BRANCH","House rule: NORMAL can branch into same-species special state V"
"rockruff",744,"NORMAL","NORMAL",744,"NORMAL","MEGA","SPECIAL_BRANCH","House rule: NORMAL can branch into same-species special state MEGA"
"rockruff",744,"NORMAL","NORMAL",745,"NORMAL","NORMAL","STANDARD","Standard evolution from species tree"
"rockruff",744,"NORMAL","V",744,"NORMAL","VMAX","SPECIAL_CHAIN","House rule: V can continue into same-species state VMAX"
"rockruff",744,"NORMAL","V",744,"NORMAL","VSTAR","SPECIAL_CHAIN","House rule: V can continue into same-species state VSTAR"
"rockruff",745,"NORMAL","NORMAL",745,"NORMAL","EX","SPECIAL_BRANCH","House rule: NORMAL can branch into same-species special state EX"
"rockruff",745,"NORMAL","NORMAL",745,"NORMAL","GX","SPECIAL_BRANCH","House rule: NORMAL can branch into same-species special state GX"
"rockruff",745,"NORMAL","NORMAL",745,"NORMAL","V","SPECIAL_BRANCH","House rule: NORMAL can branch into same-species special state V"
"rockruff",745,"NORMAL","NORMAL",745,"NORMAL","MEGA","SPECIAL_BRANCH","House rule: NORMAL can branch into same-species special state MEGA"
"rockruff",745,"NORMAL","V",745,"NORMAL","VMAX","SPECIAL_CHAIN","House rule: V can continue into same-species state VMAX"
"rockruff",745,"NORMAL","V",745,"NORMAL","VSTAR","SPECIAL_CHAIN","House rule: V can continue into same-species state VSTAR"
"roggenrola",524,"NORMAL","NORMAL",524,"NORMAL","EX","SPECIAL_BRANCH","House rule: NORMAL can branch into same-species special state EX"
"roggenrola",524,"NORMAL","NORMAL",524,"NORMAL","GX","SPECIAL_BRANCH","House rule: NORMAL can branch into same-species special state GX"
"roggenrola",524,"NORMAL","NORMAL",524,"NORMAL","V","SPECIAL_BRANCH","House rule: NORMAL can branch into same-species special state V"
"roggenrola",524,"NORMAL","NORMAL",524,"NORMAL","MEGA","SPECIAL_BRANCH","House rule: NORMAL can branch into same-species special state MEGA"
"roggenrola",524,"NORMAL","NORMAL",525,"NORMAL","NORMAL","STANDARD","Standard evolution from species tree"
"roggenrola",524,"NORMAL","V",524,"NORMAL","VMAX","SPECIAL_CHAIN","House rule: V can continue into same-species state VMAX"
"roggenrola",524,"NORMAL","V",524,"NORMAL","VSTAR","SPECIAL_CHAIN","House rule: V can continue into same-species state VSTAR"
"roggenrola",525,"NORMAL","NORMAL",525,"NORMAL","EX","SPECIAL_BRANCH","House rule: NORMAL can branch into same-species special state EX"
"roggenrola",525,"NORMAL","NORMAL",525,"NORMAL","GX","SPECIAL_BRANCH","House rule: NORMAL can branch into same-species special state GX"
"roggenrola",525,"NORMAL","NORMAL",525,"NORMAL","V","SPECIAL_BRANCH","House rule: NORMAL can branch into same-species special state V"
"roggenrola",525,"NORMAL","NORMAL",525,"NORMAL","MEGA","SPECIAL_BRANCH","House rule: NORMAL can branch into same-species special state MEGA"
"roggenrola",525,"NORMAL","NORMAL",526,"NORMAL","NORMAL","STANDARD","Standard evolution from species tree"
"roggenrola",525,"NORMAL","V",525,"NORMAL","VMAX","SPECIAL_CHAIN","House rule: V can continue into same-species state VMAX"
"roggenrola",525,"NORMAL","V",525,"NORMAL","VSTAR","SPECIAL_CHAIN","House rule: V can continue into same-species state VSTAR"
"roggenrola",526,"NORMAL","NORMAL",526,"NORMAL","EX","SPECIAL_BRANCH","House rule: NORMAL can branch into same-species special state EX"
"roggenrola",526,"NORMAL","NORMAL",526,"NORMAL","GX","SPECIAL_BRANCH","House rule: NORMAL can branch into same-species special state GX"
"roggenrola",526,"NORMAL","NORMAL",526,"NORMAL","V","SPECIAL_BRANCH","House rule: NORMAL can branch into same-species special state V"
"roggenrola",526,"NORMAL","NORMAL",526,"NORMAL","MEGA","SPECIAL_BRANCH","House rule: NORMAL can branch into same-species special state MEGA"
"roggenrola",526,"NORMAL","V",526,"NORMAL","VMAX","SPECIAL_CHAIN","House rule: V can continue into same-species state VMAX"
"roggenrola",526,"NORMAL","V",526,"NORMAL","VSTAR","SPECIAL_CHAIN","House rule: V can continue into same-species state VSTAR"
"rolycoly",837,"NORMAL","NORMAL",837,"NORMAL","EX","SPECIAL_BRANCH","House rule: NORMAL can branch into same-species special state EX"
"rolycoly",837,"NORMAL","NORMAL",837,"NORMAL","GX","SPECIAL_BRANCH","House rule: NORMAL can branch into same-species special state GX"
"rolycoly",837,"NORMAL","NORMAL",837,"NORMAL","V","SPECIAL_BRANCH","House rule: NORMAL can branch into same-species special state V"
"rolycoly",837,"NORMAL","NORMAL",837,"NORMAL","MEGA","SPECIAL_BRANCH","House rule: NORMAL can branch into same-species special state MEGA"
"rolycoly",837,"NORMAL","NORMAL",838,"NORMAL","NORMAL","STANDARD","Standard evolution from species tree"
"rolycoly",837,"NORMAL","V",837,"NORMAL","VMAX","SPECIAL_CHAIN","House rule: V can continue into same-species state VMAX"
"rolycoly",837,"NORMAL","V",837,"NORMAL","VSTAR","SPECIAL_CHAIN","House rule: V can continue into same-species state VSTAR"
"rolycoly",838,"NORMAL","NORMAL",838,"NORMAL","EX","SPECIAL_BRANCH","House rule: NORMAL can branch into same-species special state EX"
"rolycoly",838,"NORMAL","NORMAL",838,"NORMAL","GX","SPECIAL_BRANCH","House rule: NORMAL can branch into same-species special state GX"
"rolycoly",838,"NORMAL","NORMAL",838,"NORMAL","V","SPECIAL_BRANCH","House rule: NORMAL can branch into same-species special state V"
"rolycoly",838,"NORMAL","NORMAL",838,"NORMAL","MEGA","SPECIAL_BRANCH","House rule: NORMAL can branch into same-species special state MEGA"
"rolycoly",838,"NORMAL","NORMAL",839,"NORMAL","NORMAL","STANDARD","Standard evolution from species tree"
"rolycoly",838,"NORMAL","V",838,"NORMAL","VMAX","SPECIAL_CHAIN","House rule: V can continue into same-species state VMAX"
"rolycoly",838,"NORMAL","V",838,"NORMAL","VSTAR","SPECIAL_CHAIN","House rule: V can continue into same-species state VSTAR"
"rolycoly",839,"NORMAL","NORMAL",839,"NORMAL","EX","SPECIAL_BRANCH","House rule: NORMAL can branch into same-species special state EX"
"rolycoly",839,"NORMAL","NORMAL",839,"NORMAL","GX","SPECIAL_BRANCH","House rule: NORMAL can branch into same-species special state GX"
"rolycoly",839,"NORMAL","NORMAL",839,"NORMAL","V","SPECIAL_BRANCH","House rule: NORMAL can branch into same-species special state V"
"rolycoly",839,"NORMAL","NORMAL",839,"NORMAL","MEGA","SPECIAL_BRANCH","House rule: NORMAL can branch into same-species special state MEGA"
"rolycoly",839,"NORMAL","V",839,"NORMAL","VMAX","SPECIAL_CHAIN","House rule: V can continue into same-species state VMAX"
"rolycoly",839,"NORMAL","V",839,"NORMAL","VSTAR","SPECIAL_CHAIN","House rule: V can continue into same-species state VSTAR"
"rookidee",821,"NORMAL","NORMAL",821,"NORMAL","EX","SPECIAL_BRANCH","House rule: NORMAL can branch into same-species special state EX"
"rookidee",821,"NORMAL","NORMAL",821,"NORMAL","GX","SPECIAL_BRANCH","House rule: NORMAL can branch into same-species special state GX"
"rookidee",821,"NORMAL","NORMAL",821,"NORMAL","V","SPECIAL_BRANCH","House rule: NORMAL can branch into same-species special state V"
"rookidee",821,"NORMAL","NORMAL",821,"NORMAL","MEGA","SPECIAL_BRANCH","House rule: NORMAL can branch into same-species special state MEGA"
"rookidee",821,"NORMAL","NORMAL",822,"NORMAL","NORMAL","STANDARD","Standard evolution from species tree"
"rookidee",821,"NORMAL","V",821,"NORMAL","VMAX","SPECIAL_CHAIN","House rule: V can continue into same-species state VMAX"
"rookidee",821,"NORMAL","V",821,"NORMAL","VSTAR","SPECIAL_CHAIN","House rule: V can continue into same-species state VSTAR"
"rookidee",822,"NORMAL","NORMAL",822,"NORMAL","EX","SPECIAL_BRANCH","House rule: NORMAL can branch into same-species special state EX"
"rookidee",822,"NORMAL","NORMAL",822,"NORMAL","GX","SPECIAL_BRANCH","House rule: NORMAL can branch into same-species special state GX"
"rookidee",822,"NORMAL","NORMAL",822,"NORMAL","V","SPECIAL_BRANCH","House rule: NORMAL can branch into same-species special state V"
"rookidee",822,"NORMAL","NORMAL",822,"NORMAL","MEGA","SPECIAL_BRANCH","House rule: NORMAL can branch into same-species special state MEGA"
"rookidee",822,"NORMAL","NORMAL",823,"NORMAL","NORMAL","STANDARD","Standard evolution from species tree"
"rookidee",822,"NORMAL","V",822,"NORMAL","VMAX","SPECIAL_CHAIN","House rule: V can continue into same-species state VMAX"
"rookidee",822,"NORMAL","V",822,"NORMAL","VSTAR","SPECIAL_CHAIN","House rule: V can continue into same-species state VSTAR"
"rookidee",823,"NORMAL","NORMAL",823,"NORMAL","EX","SPECIAL_BRANCH","House rule: NORMAL can branch into same-species special state EX"
"rookidee",823,"NORMAL","NORMAL",823,"NORMAL","GX","SPECIAL_BRANCH","House rule: NORMAL can branch into same-species special state GX"
"rookidee",823,"NORMAL","NORMAL",823,"NORMAL","V","SPECIAL_BRANCH","House rule: NORMAL can branch into same-species special state V"
"rookidee",823,"NORMAL","NORMAL",823,"NORMAL","MEGA","SPECIAL_BRANCH","House rule: NORMAL can branch into same-species special state MEGA"
"rookidee",823,"NORMAL","V",823,"NORMAL","VMAX","SPECIAL_CHAIN","House rule: V can continue into same-species state VMAX"
"rookidee",823,"NORMAL","V",823,"NORMAL","VSTAR","SPECIAL_CHAIN","House rule: V can continue into same-species state VSTAR"
"rotom",479,"NORMAL","NORMAL",479,"NORMAL","EX","SPECIAL_BRANCH","House rule: NORMAL can branch into same-species special state EX"
"rotom",479,"NORMAL","NORMAL",479,"NORMAL","GX","SPECIAL_BRANCH","House rule: NORMAL can branch into same-species special state GX"
"rotom",479,"NORMAL","NORMAL",479,"NORMAL","V","SPECIAL_BRANCH","House rule: NORMAL can branch into same-species special state V"
"rotom",479,"NORMAL","NORMAL",479,"NORMAL","MEGA","SPECIAL_BRANCH","House rule: NORMAL can branch into same-species special state MEGA"
"rotom",479,"NORMAL","V",479,"NORMAL","VMAX","SPECIAL_CHAIN","House rule: V can continue into same-species state VMAX"
"rotom",479,"NORMAL","V",479,"NORMAL","VSTAR","SPECIAL_CHAIN","House rule: V can continue into same-species state VSTAR"
"rowlet",722,"NORMAL","NORMAL",722,"NORMAL","EX","SPECIAL_BRANCH","House rule: NORMAL can branch into same-species special state EX"
"rowlet",722,"NORMAL","NORMAL",722,"NORMAL","GX","SPECIAL_BRANCH","House rule: NORMAL can branch into same-species special state GX"
"rowlet",722,"NORMAL","NORMAL",722,"NORMAL","V","SPECIAL_BRANCH","House rule: NORMAL can branch into same-species special state V"
"rowlet",722,"NORMAL","NORMAL",722,"NORMAL","MEGA","SPECIAL_BRANCH","House rule: NORMAL can branch into same-species special state MEGA"
"rowlet",722,"NORMAL","NORMAL",723,"NORMAL","NORMAL","STANDARD","Standard evolution from species tree"
"rowlet",722,"NORMAL","V",722,"NORMAL","VMAX","SPECIAL_CHAIN","House rule: V can continue into same-species state VMAX"
"rowlet",722,"NORMAL","V",722,"NORMAL","VSTAR","SPECIAL_CHAIN","House rule: V can continue into same-species state VSTAR"
"rowlet",723,"NORMAL","NORMAL",723,"NORMAL","EX","SPECIAL_BRANCH","House rule: NORMAL can branch into same-species special state EX"
"rowlet",723,"NORMAL","NORMAL",723,"NORMAL","GX","SPECIAL_BRANCH","House rule: NORMAL can branch into same-species special state GX"
"rowlet",723,"NORMAL","NORMAL",723,"NORMAL","V","SPECIAL_BRANCH","House rule: NORMAL can branch into same-species special state V"
"rowlet",723,"NORMAL","NORMAL",723,"NORMAL","MEGA","SPECIAL_BRANCH","House rule: NORMAL can branch into same-species special state MEGA"
"rowlet",723,"NORMAL","NORMAL",724,"NORMAL","NORMAL","STANDARD","Standard evolution from species tree"
"rowlet",723,"NORMAL","V",723,"NORMAL","VMAX","SPECIAL_CHAIN","House rule: V can continue into same-species state VMAX"
"rowlet",723,"NORMAL","V",723,"NORMAL","VSTAR","SPECIAL_CHAIN","House rule: V can continue into same-species state VSTAR"
"rowlet",724,"NORMAL","NORMAL",724,"NORMAL","EX","SPECIAL_BRANCH","House rule: NORMAL can branch into same-species special state EX"
"rowlet",724,"NORMAL","NORMAL",724,"NORMAL","GX","SPECIAL_BRANCH","House rule: NORMAL can branch into same-species special state GX"
"rowlet",724,"NORMAL","NORMAL",724,"NORMAL","V","SPECIAL_BRANCH","House rule: NORMAL can branch into same-species special state V"
"rowlet",724,"NORMAL","NORMAL",724,"NORMAL","MEGA","SPECIAL_BRANCH","House rule: NORMAL can branch into same-species special state MEGA"
"rowlet",724,"NORMAL","V",724,"NORMAL","VMAX","SPECIAL_CHAIN","House rule: V can continue into same-species state VMAX"
"rowlet",724,"NORMAL","V",724,"NORMAL","VSTAR","SPECIAL_CHAIN","House rule: V can continue into same-species state VSTAR"
"rufflet",627,"NORMAL","NORMAL",627,"NORMAL","EX","SPECIAL_BRANCH","House rule: NORMAL can branch into same-species special state EX"
"rufflet",627,"NORMAL","NORMAL",627,"NORMAL","GX","SPECIAL_BRANCH","House rule: NORMAL can branch into same-species special state GX"
"rufflet",627,"NORMAL","NORMAL",627,"NORMAL","V","SPECIAL_BRANCH","House rule: NORMAL can branch into same-species special state V"
"rufflet",627,"NORMAL","NORMAL",627,"NORMAL","MEGA","SPECIAL_BRANCH","House rule: NORMAL can branch into same-species special state MEGA"
"rufflet",627,"NORMAL","NORMAL",628,"NORMAL","NORMAL","STANDARD","Standard evolution from species tree"
"rufflet",627,"NORMAL","V",627,"NORMAL","VMAX","SPECIAL_CHAIN","House rule: V can continue into same-species state VMAX"
"rufflet",627,"NORMAL","V",627,"NORMAL","VSTAR","SPECIAL_CHAIN","House rule: V can continue into same-species state VSTAR"
"rufflet",628,"NORMAL","NORMAL",628,"NORMAL","EX","SPECIAL_BRANCH","House rule: NORMAL can branch into same-species special state EX"
"rufflet",628,"NORMAL","NORMAL",628,"NORMAL","GX","SPECIAL_BRANCH","House rule: NORMAL can branch into same-species special state GX"
"rufflet",628,"NORMAL","NORMAL",628,"NORMAL","V","SPECIAL_BRANCH","House rule: NORMAL can branch into same-species special state V"
"rufflet",628,"NORMAL","NORMAL",628,"NORMAL","MEGA","SPECIAL_BRANCH","House rule: NORMAL can branch into same-species special state MEGA"
"rufflet",628,"NORMAL","V",628,"NORMAL","VMAX","SPECIAL_CHAIN","House rule: V can continue into same-species state VMAX"
"rufflet",628,"NORMAL","V",628,"NORMAL","VSTAR","SPECIAL_CHAIN","House rule: V can continue into same-species state VSTAR"
"sableye",302,"NORMAL","NORMAL",302,"NORMAL","EX","SPECIAL_BRANCH","House rule: NORMAL can branch into same-species special state EX"
"sableye",302,"NORMAL","NORMAL",302,"NORMAL","GX","SPECIAL_BRANCH","House rule: NORMAL can branch into same-species special state GX"
"sableye",302,"NORMAL","NORMAL",302,"NORMAL","V","SPECIAL_BRANCH","House rule: NORMAL can branch into same-species special state V"
"sableye",302,"NORMAL","NORMAL",302,"NORMAL","MEGA","SPECIAL_BRANCH","House rule: NORMAL can branch into same-species special state MEGA"
"sableye",302,"NORMAL","V",302,"NORMAL","VMAX","SPECIAL_CHAIN","House rule: V can continue into same-species state VMAX"
"sableye",302,"NORMAL","V",302,"NORMAL","VSTAR","SPECIAL_CHAIN","House rule: V can continue into same-species state VSTAR"
"salandit",757,"NORMAL","NORMAL",757,"NORMAL","EX","SPECIAL_BRANCH","House rule: NORMAL can branch into same-species special state EX"
"salandit",757,"NORMAL","NORMAL",757,"NORMAL","GX","SPECIAL_BRANCH","House rule: NORMAL can branch into same-species special state GX"
"salandit",757,"NORMAL","NORMAL",757,"NORMAL","V","SPECIAL_BRANCH","House rule: NORMAL can branch into same-species special state V"
"salandit",757,"NORMAL","NORMAL",757,"NORMAL","MEGA","SPECIAL_BRANCH","House rule: NORMAL can branch into same-species special state MEGA"
"salandit",757,"NORMAL","NORMAL",758,"NORMAL","NORMAL","STANDARD","Standard evolution from species tree"
"salandit",757,"NORMAL","V",757,"NORMAL","VMAX","SPECIAL_CHAIN","House rule: V can continue into same-species state VMAX"
"salandit",757,"NORMAL","V",757,"NORMAL","VSTAR","SPECIAL_CHAIN","House rule: V can continue into same-species state VSTAR"
"salandit",758,"NORMAL","NORMAL",758,"NORMAL","EX","SPECIAL_BRANCH","House rule: NORMAL can branch into same-species special state EX"
"salandit",758,"NORMAL","NORMAL",758,"NORMAL","GX","SPECIAL_BRANCH","House rule: NORMAL can branch into same-species special state GX"
"salandit",758,"NORMAL","NORMAL",758,"NORMAL","V","SPECIAL_BRANCH","House rule: NORMAL can branch into same-species special state V"
"salandit",758,"NORMAL","NORMAL",758,"NORMAL","MEGA","SPECIAL_BRANCH","House rule: NORMAL can branch into same-species special state MEGA"
"salandit",758,"NORMAL","V",758,"NORMAL","VMAX","SPECIAL_CHAIN","House rule: V can continue into same-species state VMAX"
"salandit",758,"NORMAL","V",758,"NORMAL","VSTAR","SPECIAL_CHAIN","House rule: V can continue into same-species state VSTAR"
"sandile",551,"NORMAL","NORMAL",551,"NORMAL","EX","SPECIAL_BRANCH","House rule: NORMAL can branch into same-species special state EX"
"sandile",551,"NORMAL","NORMAL",551,"NORMAL","GX","SPECIAL_BRANCH","House rule: NORMAL can branch into same-species special state GX"
"sandile",551,"NORMAL","NORMAL",551,"NORMAL","V","SPECIAL_BRANCH","House rule: NORMAL can branch into same-species special state V"
"sandile",551,"NORMAL","NORMAL",551,"NORMAL","MEGA","SPECIAL_BRANCH","House rule: NORMAL can branch into same-species special state MEGA"
"sandile",551,"NORMAL","NORMAL",552,"NORMAL","NORMAL","STANDARD","Standard evolution from species tree"
"sandile",551,"NORMAL","V",551,"NORMAL","VMAX","SPECIAL_CHAIN","House rule: V can continue into same-species state VMAX"
"sandile",551,"NORMAL","V",551,"NORMAL","VSTAR","SPECIAL_CHAIN","House rule: V can continue into same-species state VSTAR"
"sandile",552,"NORMAL","NORMAL",552,"NORMAL","EX","SPECIAL_BRANCH","House rule: NORMAL can branch into same-species special state EX"
"sandile",552,"NORMAL","NORMAL",552,"NORMAL","GX","SPECIAL_BRANCH","House rule: NORMAL can branch into same-species special state GX"
"sandile",552,"NORMAL","NORMAL",552,"NORMAL","V","SPECIAL_BRANCH","House rule: NORMAL can branch into same-species special state V"
"sandile",552,"NORMAL","NORMAL",552,"NORMAL","MEGA","SPECIAL_BRANCH","House rule: NORMAL can branch into same-species special state MEGA"
"sandile",552,"NORMAL","NORMAL",553,"NORMAL","NORMAL","STANDARD","Standard evolution from species tree"
"sandile",552,"NORMAL","V",552,"NORMAL","VMAX","SPECIAL_CHAIN","House rule: V can continue into same-species state VMAX"
"sandile",552,"NORMAL","V",552,"NORMAL","VSTAR","SPECIAL_CHAIN","House rule: V can continue into same-species state VSTAR"
"sandile",553,"NORMAL","NORMAL",553,"NORMAL","EX","SPECIAL_BRANCH","House rule: NORMAL can branch into same-species special state EX"
"sandile",553,"NORMAL","NORMAL",553,"NORMAL","GX","SPECIAL_BRANCH","House rule: NORMAL can branch into same-species special state GX"
"sandile",553,"NORMAL","NORMAL",553,"NORMAL","V","SPECIAL_BRANCH","House rule: NORMAL can branch into same-species special state V"
"sandile",553,"NORMAL","NORMAL",553,"NORMAL","MEGA","SPECIAL_BRANCH","House rule: NORMAL can branch into same-species special state MEGA"
"sandile",553,"NORMAL","V",553,"NORMAL","VMAX","SPECIAL_CHAIN","House rule: V can continue into same-species state VMAX"
"sandile",553,"NORMAL","V",553,"NORMAL","VSTAR","SPECIAL_CHAIN","House rule: V can continue into same-species state VSTAR"
"sandshrew",27,"NORMAL","NORMAL",27,"NORMAL","EX","SPECIAL_BRANCH","House rule: NORMAL can branch into same-species special state EX"
"sandshrew",27,"NORMAL","NORMAL",27,"NORMAL","GX","SPECIAL_BRANCH","House rule: NORMAL can branch into same-species special state GX"
"sandshrew",27,"NORMAL","NORMAL",27,"NORMAL","V","SPECIAL_BRANCH","House rule: NORMAL can branch into same-species special state V"
"sandshrew",27,"NORMAL","NORMAL",27,"NORMAL","MEGA","SPECIAL_BRANCH","House rule: NORMAL can branch into same-species special state MEGA"
"sandshrew",27,"NORMAL","NORMAL",28,"NORMAL","NORMAL","STANDARD","Standard evolution from species tree"
"sandshrew",27,"NORMAL","V",27,"NORMAL","VMAX","SPECIAL_CHAIN","House rule: V can continue into same-species state VMAX"
"sandshrew",27,"NORMAL","V",27,"NORMAL","VSTAR","SPECIAL_CHAIN","House rule: V can continue into same-species state VSTAR"
"sandshrew",28,"NORMAL","NORMAL",28,"NORMAL","EX","SPECIAL_BRANCH","House rule: NORMAL can branch into same-species special state EX"
"sandshrew",28,"NORMAL","NORMAL",28,"NORMAL","GX","SPECIAL_BRANCH","House rule: NORMAL can branch into same-species special state GX"
"sandshrew",28,"NORMAL","NORMAL",28,"NORMAL","V","SPECIAL_BRANCH","House rule: NORMAL can branch into same-species special state V"
"sandshrew",28,"NORMAL","NORMAL",28,"NORMAL","MEGA","SPECIAL_BRANCH","House rule: NORMAL can branch into same-species special state MEGA"
"sandshrew",28,"NORMAL","V",28,"NORMAL","VMAX","SPECIAL_CHAIN","House rule: V can continue into same-species state VMAX"
"sandshrew",28,"NORMAL","V",28,"NORMAL","VSTAR","SPECIAL_CHAIN","House rule: V can continue into same-species state VSTAR"
"sandy-shocks",989,"NORMAL","NORMAL",989,"NORMAL","EX","SPECIAL_BRANCH","House rule: NORMAL can branch into same-species special state EX"
"sandy-shocks",989,"NORMAL","NORMAL",989,"NORMAL","GX","SPECIAL_BRANCH","House rule: NORMAL can branch into same-species special state GX"
"sandy-shocks",989,"NORMAL","NORMAL",989,"NORMAL","V","SPECIAL_BRANCH","House rule: NORMAL can branch into same-species special state V"
"sandy-shocks",989,"NORMAL","NORMAL",989,"NORMAL","MEGA","SPECIAL_BRANCH","House rule: NORMAL can branch into same-species special state MEGA"
"sandy-shocks",989,"NORMAL","V",989,"NORMAL","VMAX","SPECIAL_CHAIN","House rule: V can continue into same-species state VMAX"
"sandy-shocks",989,"NORMAL","V",989,"NORMAL","VSTAR","SPECIAL_CHAIN","House rule: V can continue into same-species state VSTAR"
"sandygast",769,"NORMAL","NORMAL",769,"NORMAL","EX","SPECIAL_BRANCH","House rule: NORMAL can branch into same-species special state EX"
"sandygast",769,"NORMAL","NORMAL",769,"NORMAL","GX","SPECIAL_BRANCH","House rule: NORMAL can branch into same-species special state GX"
"sandygast",769,"NORMAL","NORMAL",769,"NORMAL","V","SPECIAL_BRANCH","House rule: NORMAL can branch into same-species special state V"
"sandygast",769,"NORMAL","NORMAL",769,"NORMAL","MEGA","SPECIAL_BRANCH","House rule: NORMAL can branch into same-species special state MEGA"
"sandygast",769,"NORMAL","NORMAL",770,"NORMAL","NORMAL","STANDARD","Standard evolution from species tree"
"sandygast",769,"NORMAL","V",769,"NORMAL","VMAX","SPECIAL_CHAIN","House rule: V can continue into same-species state VMAX"
"sandygast",769,"NORMAL","V",769,"NORMAL","VSTAR","SPECIAL_CHAIN","House rule: V can continue into same-species state VSTAR"
"sandygast",770,"NORMAL","NORMAL",770,"NORMAL","EX","SPECIAL_BRANCH","House rule: NORMAL can branch into same-species special state EX"
"sandygast",770,"NORMAL","NORMAL",770,"NORMAL","GX","SPECIAL_BRANCH","House rule: NORMAL can branch into same-species special state GX"
"sandygast",770,"NORMAL","NORMAL",770,"NORMAL","V","SPECIAL_BRANCH","House rule: NORMAL can branch into same-species special state V"
"sandygast",770,"NORMAL","NORMAL",770,"NORMAL","MEGA","SPECIAL_BRANCH","House rule: NORMAL can branch into same-species special state MEGA"
"sandygast",770,"NORMAL","V",770,"NORMAL","VMAX","SPECIAL_CHAIN","House rule: V can continue into same-species state VMAX"
"sandygast",770,"NORMAL","V",770,"NORMAL","VSTAR","SPECIAL_CHAIN","House rule: V can continue into same-species state VSTAR"
"sawk",539,"NORMAL","NORMAL",539,"NORMAL","EX","SPECIAL_BRANCH","House rule: NORMAL can branch into same-species special state EX"
"sawk",539,"NORMAL","NORMAL",539,"NORMAL","GX","SPECIAL_BRANCH","House rule: NORMAL can branch into same-species special state GX"
"sawk",539,"NORMAL","NORMAL",539,"NORMAL","V","SPECIAL_BRANCH","House rule: NORMAL can branch into same-species special state V"
"sawk",539,"NORMAL","NORMAL",539,"NORMAL","MEGA","SPECIAL_BRANCH","House rule: NORMAL can branch into same-species special state MEGA"
"sawk",539,"NORMAL","V",539,"NORMAL","VMAX","SPECIAL_CHAIN","House rule: V can continue into same-species state VMAX"
"sawk",539,"NORMAL","V",539,"NORMAL","VSTAR","SPECIAL_CHAIN","House rule: V can continue into same-species state VSTAR"
"scatterbug",664,"NORMAL","NORMAL",664,"NORMAL","EX","SPECIAL_BRANCH","House rule: NORMAL can branch into same-species special state EX"
"scatterbug",664,"NORMAL","NORMAL",664,"NORMAL","GX","SPECIAL_BRANCH","House rule: NORMAL can branch into same-species special state GX"
"scatterbug",664,"NORMAL","NORMAL",664,"NORMAL","V","SPECIAL_BRANCH","House rule: NORMAL can branch into same-species special state V"
"scatterbug",664,"NORMAL","NORMAL",664,"NORMAL","MEGA","SPECIAL_BRANCH","House rule: NORMAL can branch into same-species special state MEGA"
"scatterbug",664,"NORMAL","NORMAL",665,"NORMAL","NORMAL","STANDARD","Standard evolution from species tree"
"scatterbug",664,"NORMAL","V",664,"NORMAL","VMAX","SPECIAL_CHAIN","House rule: V can continue into same-species state VMAX"
"scatterbug",664,"NORMAL","V",664,"NORMAL","VSTAR","SPECIAL_CHAIN","House rule: V can continue into same-species state VSTAR"
"scatterbug",665,"NORMAL","NORMAL",665,"NORMAL","EX","SPECIAL_BRANCH","House rule: NORMAL can branch into same-species special state EX"
"scatterbug",665,"NORMAL","NORMAL",665,"NORMAL","GX","SPECIAL_BRANCH","House rule: NORMAL can branch into same-species special state GX"
"scatterbug",665,"NORMAL","NORMAL",665,"NORMAL","V","SPECIAL_BRANCH","House rule: NORMAL can branch into same-species special state V"
"scatterbug",665,"NORMAL","NORMAL",665,"NORMAL","MEGA","SPECIAL_BRANCH","House rule: NORMAL can branch into same-species special state MEGA"
"scatterbug",665,"NORMAL","NORMAL",666,"NORMAL","NORMAL","STANDARD","Standard evolution from species tree"
"scatterbug",665,"NORMAL","V",665,"NORMAL","VMAX","SPECIAL_CHAIN","House rule: V can continue into same-species state VMAX"
"scatterbug",665,"NORMAL","V",665,"NORMAL","VSTAR","SPECIAL_CHAIN","House rule: V can continue into same-species state VSTAR"
"scatterbug",666,"NORMAL","NORMAL",666,"NORMAL","EX","SPECIAL_BRANCH","House rule: NORMAL can branch into same-species special state EX"
"scatterbug",666,"NORMAL","NORMAL",666,"NORMAL","GX","SPECIAL_BRANCH","House rule: NORMAL can branch into same-species special state GX"
"scatterbug",666,"NORMAL","NORMAL",666,"NORMAL","V","SPECIAL_BRANCH","House rule: NORMAL can branch into same-species special state V"
"scatterbug",666,"NORMAL","NORMAL",666,"NORMAL","MEGA","SPECIAL_BRANCH","House rule: NORMAL can branch into same-species special state MEGA"
"scatterbug",666,"NORMAL","V",666,"NORMAL","VMAX","SPECIAL_CHAIN","House rule: V can continue into same-species state VMAX"
"scatterbug",666,"NORMAL","V",666,"NORMAL","VSTAR","SPECIAL_CHAIN","House rule: V can continue into same-species state VSTAR"
"scorbunny",813,"NORMAL","NORMAL",813,"NORMAL","EX","SPECIAL_BRANCH","House rule: NORMAL can branch into same-species special state EX"
"scorbunny",813,"NORMAL","NORMAL",813,"NORMAL","GX","SPECIAL_BRANCH","House rule: NORMAL can branch into same-species special state GX"
"scorbunny",813,"NORMAL","NORMAL",813,"NORMAL","V","SPECIAL_BRANCH","House rule: NORMAL can branch into same-species special state V"
"scorbunny",813,"NORMAL","NORMAL",813,"NORMAL","MEGA","SPECIAL_BRANCH","House rule: NORMAL can branch into same-species special state MEGA"
"scorbunny",813,"NORMAL","NORMAL",814,"NORMAL","NORMAL","STANDARD","Standard evolution from species tree"
"scorbunny",813,"NORMAL","V",813,"NORMAL","VMAX","SPECIAL_CHAIN","House rule: V can continue into same-species state VMAX"
"scorbunny",813,"NORMAL","V",813,"NORMAL","VSTAR","SPECIAL_CHAIN","House rule: V can continue into same-species state VSTAR"
"scorbunny",814,"NORMAL","NORMAL",814,"NORMAL","EX","SPECIAL_BRANCH","House rule: NORMAL can branch into same-species special state EX"
"scorbunny",814,"NORMAL","NORMAL",814,"NORMAL","GX","SPECIAL_BRANCH","House rule: NORMAL can branch into same-species special state GX"
"scorbunny",814,"NORMAL","NORMAL",814,"NORMAL","V","SPECIAL_BRANCH","House rule: NORMAL can branch into same-species special state V"
"scorbunny",814,"NORMAL","NORMAL",814,"NORMAL","MEGA","SPECIAL_BRANCH","House rule: NORMAL can branch into same-species special state MEGA"
"scorbunny",814,"NORMAL","NORMAL",815,"NORMAL","NORMAL","STANDARD","Standard evolution from species tree"
"scorbunny",814,"NORMAL","V",814,"NORMAL","VMAX","SPECIAL_CHAIN","House rule: V can continue into same-species state VMAX"
"scorbunny",814,"NORMAL","V",814,"NORMAL","VSTAR","SPECIAL_CHAIN","House rule: V can continue into same-species state VSTAR"
"scorbunny",815,"NORMAL","NORMAL",815,"NORMAL","EX","SPECIAL_BRANCH","House rule: NORMAL can branch into same-species special state EX"
"scorbunny",815,"NORMAL","NORMAL",815,"NORMAL","GX","SPECIAL_BRANCH","House rule: NORMAL can branch into same-species special state GX"
"scorbunny",815,"NORMAL","NORMAL",815,"NORMAL","V","SPECIAL_BRANCH","House rule: NORMAL can branch into same-species special state V"
"scorbunny",815,"NORMAL","NORMAL",815,"NORMAL","MEGA","SPECIAL_BRANCH","House rule: NORMAL can branch into same-species special state MEGA"
"scorbunny",815,"NORMAL","V",815,"NORMAL","VMAX","SPECIAL_CHAIN","House rule: V can continue into same-species state VMAX"
"scorbunny",815,"NORMAL","V",815,"NORMAL","VSTAR","SPECIAL_CHAIN","House rule: V can continue into same-species state VSTAR"
"scraggy",559,"NORMAL","NORMAL",559,"NORMAL","EX","SPECIAL_BRANCH","House rule: NORMAL can branch into same-species special state EX"
"scraggy",559,"NORMAL","NORMAL",559,"NORMAL","GX","SPECIAL_BRANCH","House rule: NORMAL can branch into same-species special state GX"
"scraggy",559,"NORMAL","NORMAL",559,"NORMAL","V","SPECIAL_BRANCH","House rule: NORMAL can branch into same-species special state V"
"scraggy",559,"NORMAL","NORMAL",559,"NORMAL","MEGA","SPECIAL_BRANCH","House rule: NORMAL can branch into same-species special state MEGA"
"scraggy",559,"NORMAL","NORMAL",560,"NORMAL","NORMAL","STANDARD","Standard evolution from species tree"
"scraggy",559,"NORMAL","V",559,"NORMAL","VMAX","SPECIAL_CHAIN","House rule: V can continue into same-species state VMAX"
"scraggy",559,"NORMAL","V",559,"NORMAL","VSTAR","SPECIAL_CHAIN","House rule: V can continue into same-species state VSTAR"
"scraggy",560,"NORMAL","NORMAL",560,"NORMAL","EX","SPECIAL_BRANCH","House rule: NORMAL can branch into same-species special state EX"
"scraggy",560,"NORMAL","NORMAL",560,"NORMAL","GX","SPECIAL_BRANCH","House rule: NORMAL can branch into same-species special state GX"
"scraggy",560,"NORMAL","NORMAL",560,"NORMAL","V","SPECIAL_BRANCH","House rule: NORMAL can branch into same-species special state V"
"scraggy",560,"NORMAL","NORMAL",560,"NORMAL","MEGA","SPECIAL_BRANCH","House rule: NORMAL can branch into same-species special state MEGA"
"scraggy",560,"NORMAL","V",560,"NORMAL","VMAX","SPECIAL_CHAIN","House rule: V can continue into same-species state VMAX"
"scraggy",560,"NORMAL","V",560,"NORMAL","VSTAR","SPECIAL_CHAIN","House rule: V can continue into same-species state VSTAR"
"scream-tail",985,"NORMAL","NORMAL",985,"NORMAL","EX","SPECIAL_BRANCH","House rule: NORMAL can branch into same-species special state EX"
"scream-tail",985,"NORMAL","NORMAL",985,"NORMAL","GX","SPECIAL_BRANCH","House rule: NORMAL can branch into same-species special state GX"
"scream-tail",985,"NORMAL","NORMAL",985,"NORMAL","V","SPECIAL_BRANCH","House rule: NORMAL can branch into same-species special state V"
"scream-tail",985,"NORMAL","NORMAL",985,"NORMAL","MEGA","SPECIAL_BRANCH","House rule: NORMAL can branch into same-species special state MEGA"
"scream-tail",985,"NORMAL","V",985,"NORMAL","VMAX","SPECIAL_CHAIN","House rule: V can continue into same-species state VMAX"
"scream-tail",985,"NORMAL","V",985,"NORMAL","VSTAR","SPECIAL_CHAIN","House rule: V can continue into same-species state VSTAR"
"scyther",123,"NORMAL","NORMAL",123,"NORMAL","EX","SPECIAL_BRANCH","House rule: NORMAL can branch into same-species special state EX"
"scyther",123,"NORMAL","NORMAL",123,"NORMAL","GX","SPECIAL_BRANCH","House rule: NORMAL can branch into same-species special state GX"
"scyther",123,"NORMAL","NORMAL",123,"NORMAL","V","SPECIAL_BRANCH","House rule: NORMAL can branch into same-species special state V"
"scyther",123,"NORMAL","NORMAL",123,"NORMAL","MEGA","SPECIAL_BRANCH","House rule: NORMAL can branch into same-species special state MEGA"
"scyther",123,"NORMAL","NORMAL",212,"NORMAL","NORMAL","STANDARD","Standard evolution from species tree"
"scyther",123,"NORMAL","NORMAL",900,"NORMAL","NORMAL","STANDARD","Standard evolution from species tree"
"scyther",123,"NORMAL","V",123,"NORMAL","VMAX","SPECIAL_CHAIN","House rule: V can continue into same-species state VMAX"
"scyther",123,"NORMAL","V",123,"NORMAL","VSTAR","SPECIAL_CHAIN","House rule: V can continue into same-species state VSTAR"
"scyther",212,"NORMAL","NORMAL",212,"NORMAL","EX","SPECIAL_BRANCH","House rule: NORMAL can branch into same-species special state EX"
"scyther",212,"NORMAL","NORMAL",212,"NORMAL","GX","SPECIAL_BRANCH","House rule: NORMAL can branch into same-species special state GX"
"scyther",212,"NORMAL","NORMAL",212,"NORMAL","V","SPECIAL_BRANCH","House rule: NORMAL can branch into same-species special state V"
"scyther",212,"NORMAL","NORMAL",212,"NORMAL","MEGA","SPECIAL_BRANCH","House rule: NORMAL can branch into same-species special state MEGA"
"scyther",212,"NORMAL","V",212,"NORMAL","VMAX","SPECIAL_CHAIN","House rule: V can continue into same-species state VMAX"
"scyther",212,"NORMAL","V",212,"NORMAL","VSTAR","SPECIAL_CHAIN","House rule: V can continue into same-species state VSTAR"
"scyther",900,"NORMAL","NORMAL",900,"NORMAL","EX","SPECIAL_BRANCH","House rule: NORMAL can branch into same-species special state EX"
"scyther",900,"NORMAL","NORMAL",900,"NORMAL","GX","SPECIAL_BRANCH","House rule: NORMAL can branch into same-species special state GX"
"scyther",900,"NORMAL","NORMAL",900,"NORMAL","V","SPECIAL_BRANCH","House rule: NORMAL can branch into same-species special state V"
"scyther",900,"NORMAL","NORMAL",900,"NORMAL","MEGA","SPECIAL_BRANCH","House rule: NORMAL can branch into same-species special state MEGA"
"scyther",900,"NORMAL","V",900,"NORMAL","VMAX","SPECIAL_CHAIN","House rule: V can continue into same-species state VMAX"
"scyther",900,"NORMAL","V",900,"NORMAL","VSTAR","SPECIAL_CHAIN","House rule: V can continue into same-species state VSTAR"
"seedot",273,"NORMAL","NORMAL",273,"NORMAL","EX","SPECIAL_BRANCH","House rule: NORMAL can branch into same-species special state EX"
"seedot",273,"NORMAL","NORMAL",273,"NORMAL","GX","SPECIAL_BRANCH","House rule: NORMAL can branch into same-species special state GX"
"seedot",273,"NORMAL","NORMAL",273,"NORMAL","V","SPECIAL_BRANCH","House rule: NORMAL can branch into same-species special state V"
"seedot",273,"NORMAL","NORMAL",273,"NORMAL","MEGA","SPECIAL_BRANCH","House rule: NORMAL can branch into same-species special state MEGA"
"seedot",273,"NORMAL","NORMAL",274,"NORMAL","NORMAL","STANDARD","Standard evolution from species tree"
"seedot",273,"NORMAL","V",273,"NORMAL","VMAX","SPECIAL_CHAIN","House rule: V can continue into same-species state VMAX"
"seedot",273,"NORMAL","V",273,"NORMAL","VSTAR","SPECIAL_CHAIN","House rule: V can continue into same-species state VSTAR"
"seedot",274,"NORMAL","NORMAL",274,"NORMAL","EX","SPECIAL_BRANCH","House rule: NORMAL can branch into same-species special state EX"
"seedot",274,"NORMAL","NORMAL",274,"NORMAL","GX","SPECIAL_BRANCH","House rule: NORMAL can branch into same-species special state GX"
"seedot",274,"NORMAL","NORMAL",274,"NORMAL","V","SPECIAL_BRANCH","House rule: NORMAL can branch into same-species special state V"
"seedot",274,"NORMAL","NORMAL",274,"NORMAL","MEGA","SPECIAL_BRANCH","House rule: NORMAL can branch into same-species special state MEGA"
"seedot",274,"NORMAL","NORMAL",275,"NORMAL","NORMAL","STANDARD","Standard evolution from species tree"
"seedot",274,"NORMAL","V",274,"NORMAL","VMAX","SPECIAL_CHAIN","House rule: V can continue into same-species state VMAX"
"seedot",274,"NORMAL","V",274,"NORMAL","VSTAR","SPECIAL_CHAIN","House rule: V can continue into same-species state VSTAR"
"seedot",275,"NORMAL","NORMAL",275,"NORMAL","EX","SPECIAL_BRANCH","House rule: NORMAL can branch into same-species special state EX"
"seedot",275,"NORMAL","NORMAL",275,"NORMAL","GX","SPECIAL_BRANCH","House rule: NORMAL can branch into same-species special state GX"
"seedot",275,"NORMAL","NORMAL",275,"NORMAL","V","SPECIAL_BRANCH","House rule: NORMAL can branch into same-species special state V"
"seedot",275,"NORMAL","NORMAL",275,"NORMAL","MEGA","SPECIAL_BRANCH","House rule: NORMAL can branch into same-species special state MEGA"
"seedot",275,"NORMAL","V",275,"NORMAL","VMAX","SPECIAL_CHAIN","House rule: V can continue into same-species state VMAX"
"seedot",275,"NORMAL","V",275,"NORMAL","VSTAR","SPECIAL_CHAIN","House rule: V can continue into same-species state VSTAR"
"seel",86,"NORMAL","NORMAL",86,"NORMAL","EX","SPECIAL_BRANCH","House rule: NORMAL can branch into same-species special state EX"
"seel",86,"NORMAL","NORMAL",86,"NORMAL","GX","SPECIAL_BRANCH","House rule: NORMAL can branch into same-species special state GX"
"seel",86,"NORMAL","NORMAL",86,"NORMAL","V","SPECIAL_BRANCH","House rule: NORMAL can branch into same-species special state V"
"seel",86,"NORMAL","NORMAL",86,"NORMAL","MEGA","SPECIAL_BRANCH","House rule: NORMAL can branch into same-species special state MEGA"
"seel",86,"NORMAL","NORMAL",87,"NORMAL","NORMAL","STANDARD","Standard evolution from species tree"
"seel",86,"NORMAL","V",86,"NORMAL","VMAX","SPECIAL_CHAIN","House rule: V can continue into same-species state VMAX"
"seel",86,"NORMAL","V",86,"NORMAL","VSTAR","SPECIAL_CHAIN","House rule: V can continue into same-species state VSTAR"
"seel",87,"NORMAL","NORMAL",87,"NORMAL","EX","SPECIAL_BRANCH","House rule: NORMAL can branch into same-species special state EX"
"seel",87,"NORMAL","NORMAL",87,"NORMAL","GX","SPECIAL_BRANCH","House rule: NORMAL can branch into same-species special state GX"
"seel",87,"NORMAL","NORMAL",87,"NORMAL","V","SPECIAL_BRANCH","House rule: NORMAL can branch into same-species special state V"
"seel",87,"NORMAL","NORMAL",87,"NORMAL","MEGA","SPECIAL_BRANCH","House rule: NORMAL can branch into same-species special state MEGA"
"seel",87,"NORMAL","V",87,"NORMAL","VMAX","SPECIAL_CHAIN","House rule: V can continue into same-species state VMAX"
"seel",87,"NORMAL","V",87,"NORMAL","VSTAR","SPECIAL_CHAIN","House rule: V can continue into same-species state VSTAR"
"sentret",161,"NORMAL","NORMAL",161,"NORMAL","EX","SPECIAL_BRANCH","House rule: NORMAL can branch into same-species special state EX"
"sentret",161,"NORMAL","NORMAL",161,"NORMAL","GX","SPECIAL_BRANCH","House rule: NORMAL can branch into same-species special state GX"
"sentret",161,"NORMAL","NORMAL",161,"NORMAL","V","SPECIAL_BRANCH","House rule: NORMAL can branch into same-species special state V"
"sentret",161,"NORMAL","NORMAL",161,"NORMAL","MEGA","SPECIAL_BRANCH","House rule: NORMAL can branch into same-species special state MEGA"
"sentret",161,"NORMAL","NORMAL",162,"NORMAL","NORMAL","STANDARD","Standard evolution from species tree"
"sentret",161,"NORMAL","V",161,"NORMAL","VMAX","SPECIAL_CHAIN","House rule: V can continue into same-species state VMAX"
"sentret",161,"NORMAL","V",161,"NORMAL","VSTAR","SPECIAL_CHAIN","House rule: V can continue into same-species state VSTAR"
"sentret",162,"NORMAL","NORMAL",162,"NORMAL","EX","SPECIAL_BRANCH","House rule: NORMAL can branch into same-species special state EX"
"sentret",162,"NORMAL","NORMAL",162,"NORMAL","GX","SPECIAL_BRANCH","House rule: NORMAL can branch into same-species special state GX"
"sentret",162,"NORMAL","NORMAL",162,"NORMAL","V","SPECIAL_BRANCH","House rule: NORMAL can branch into same-species special state V"
"sentret",162,"NORMAL","NORMAL",162,"NORMAL","MEGA","SPECIAL_BRANCH","House rule: NORMAL can branch into same-species special state MEGA"
"sentret",162,"NORMAL","V",162,"NORMAL","VMAX","SPECIAL_CHAIN","House rule: V can continue into same-species state VMAX"
"sentret",162,"NORMAL","V",162,"NORMAL","VSTAR","SPECIAL_CHAIN","House rule: V can continue into same-species state VSTAR"
"seviper",336,"NORMAL","NORMAL",336,"NORMAL","EX","SPECIAL_BRANCH","House rule: NORMAL can branch into same-species special state EX"
"seviper",336,"NORMAL","NORMAL",336,"NORMAL","GX","SPECIAL_BRANCH","House rule: NORMAL can branch into same-species special state GX"
"seviper",336,"NORMAL","NORMAL",336,"NORMAL","V","SPECIAL_BRANCH","House rule: NORMAL can branch into same-species special state V"
"seviper",336,"NORMAL","NORMAL",336,"NORMAL","MEGA","SPECIAL_BRANCH","House rule: NORMAL can branch into same-species special state MEGA"
"seviper",336,"NORMAL","V",336,"NORMAL","VMAX","SPECIAL_CHAIN","House rule: V can continue into same-species state VMAX"
"seviper",336,"NORMAL","V",336,"NORMAL","VSTAR","SPECIAL_CHAIN","House rule: V can continue into same-species state VSTAR"
"sewaddle",540,"NORMAL","NORMAL",540,"NORMAL","EX","SPECIAL_BRANCH","House rule: NORMAL can branch into same-species special state EX"
"sewaddle",540,"NORMAL","NORMAL",540,"NORMAL","GX","SPECIAL_BRANCH","House rule: NORMAL can branch into same-species special state GX"
"sewaddle",540,"NORMAL","NORMAL",540,"NORMAL","V","SPECIAL_BRANCH","House rule: NORMAL can branch into same-species special state V"
"sewaddle",540,"NORMAL","NORMAL",540,"NORMAL","MEGA","SPECIAL_BRANCH","House rule: NORMAL can branch into same-species special state MEGA"
"sewaddle",540,"NORMAL","NORMAL",541,"NORMAL","NORMAL","STANDARD","Standard evolution from species tree"
"sewaddle",540,"NORMAL","V",540,"NORMAL","VMAX","SPECIAL_CHAIN","House rule: V can continue into same-species state VMAX"
"sewaddle",540,"NORMAL","V",540,"NORMAL","VSTAR","SPECIAL_CHAIN","House rule: V can continue into same-species state VSTAR"
"sewaddle",541,"NORMAL","NORMAL",541,"NORMAL","EX","SPECIAL_BRANCH","House rule: NORMAL can branch into same-species special state EX"
"sewaddle",541,"NORMAL","NORMAL",541,"NORMAL","GX","SPECIAL_BRANCH","House rule: NORMAL can branch into same-species special state GX"
"sewaddle",541,"NORMAL","NORMAL",541,"NORMAL","V","SPECIAL_BRANCH","House rule: NORMAL can branch into same-species special state V"
"sewaddle",541,"NORMAL","NORMAL",541,"NORMAL","MEGA","SPECIAL_BRANCH","House rule: NORMAL can branch into same-species special state MEGA"
"sewaddle",541,"NORMAL","NORMAL",542,"NORMAL","NORMAL","STANDARD","Standard evolution from species tree"
"sewaddle",541,"NORMAL","V",541,"NORMAL","VMAX","SPECIAL_CHAIN","House rule: V can continue into same-species state VMAX"
"sewaddle",541,"NORMAL","V",541,"NORMAL","VSTAR","SPECIAL_CHAIN","House rule: V can continue into same-species state VSTAR"
"sewaddle",542,"NORMAL","NORMAL",542,"NORMAL","EX","SPECIAL_BRANCH","House rule: NORMAL can branch into same-species special state EX"
"sewaddle",542,"NORMAL","NORMAL",542,"NORMAL","GX","SPECIAL_BRANCH","House rule: NORMAL can branch into same-species special state GX"
"sewaddle",542,"NORMAL","NORMAL",542,"NORMAL","V","SPECIAL_BRANCH","House rule: NORMAL can branch into same-species special state V"
"sewaddle",542,"NORMAL","NORMAL",542,"NORMAL","MEGA","SPECIAL_BRANCH","House rule: NORMAL can branch into same-species special state MEGA"
"sewaddle",542,"NORMAL","V",542,"NORMAL","VMAX","SPECIAL_CHAIN","House rule: V can continue into same-species state VMAX"
"sewaddle",542,"NORMAL","V",542,"NORMAL","VSTAR","SPECIAL_CHAIN","House rule: V can continue into same-species state VSTAR"
"shaymin",492,"NORMAL","NORMAL",492,"NORMAL","EX","SPECIAL_BRANCH","House rule: NORMAL can branch into same-species special state EX"
"shaymin",492,"NORMAL","NORMAL",492,"NORMAL","GX","SPECIAL_BRANCH","House rule: NORMAL can branch into same-species special state GX"
"shaymin",492,"NORMAL","NORMAL",492,"NORMAL","V","SPECIAL_BRANCH","House rule: NORMAL can branch into same-species special state V"
"shaymin",492,"NORMAL","NORMAL",492,"NORMAL","MEGA","SPECIAL_BRANCH","House rule: NORMAL can branch into same-species special state MEGA"
"shaymin",492,"NORMAL","V",492,"NORMAL","VMAX","SPECIAL_CHAIN","House rule: V can continue into same-species state VMAX"
"shaymin",492,"NORMAL","V",492,"NORMAL","VSTAR","SPECIAL_CHAIN","House rule: V can continue into same-species state VSTAR"
"shellder",90,"NORMAL","NORMAL",90,"NORMAL","EX","SPECIAL_BRANCH","House rule: NORMAL can branch into same-species special state EX"
"shellder",90,"NORMAL","NORMAL",90,"NORMAL","GX","SPECIAL_BRANCH","House rule: NORMAL can branch into same-species special state GX"
"shellder",90,"NORMAL","NORMAL",90,"NORMAL","V","SPECIAL_BRANCH","House rule: NORMAL can branch into same-species special state V"
"shellder",90,"NORMAL","NORMAL",90,"NORMAL","MEGA","SPECIAL_BRANCH","House rule: NORMAL can branch into same-species special state MEGA"
"shellder",90,"NORMAL","NORMAL",91,"NORMAL","NORMAL","STANDARD","Standard evolution from species tree"
"shellder",90,"NORMAL","V",90,"NORMAL","VMAX","SPECIAL_CHAIN","House rule: V can continue into same-species state VMAX"
"shellder",90,"NORMAL","V",90,"NORMAL","VSTAR","SPECIAL_CHAIN","House rule: V can continue into same-species state VSTAR"
"shellder",91,"NORMAL","NORMAL",91,"NORMAL","EX","SPECIAL_BRANCH","House rule: NORMAL can branch into same-species special state EX"
"shellder",91,"NORMAL","NORMAL",91,"NORMAL","GX","SPECIAL_BRANCH","House rule: NORMAL can branch into same-species special state GX"
"shellder",91,"NORMAL","NORMAL",91,"NORMAL","V","SPECIAL_BRANCH","House rule: NORMAL can branch into same-species special state V"
"shellder",91,"NORMAL","NORMAL",91,"NORMAL","MEGA","SPECIAL_BRANCH","House rule: NORMAL can branch into same-species special state MEGA"
"shellder",91,"NORMAL","V",91,"NORMAL","VMAX","SPECIAL_CHAIN","House rule: V can continue into same-species state VMAX"
"shellder",91,"NORMAL","V",91,"NORMAL","VSTAR","SPECIAL_CHAIN","House rule: V can continue into same-species state VSTAR"
"shellos",422,"NORMAL","NORMAL",422,"NORMAL","EX","SPECIAL_BRANCH","House rule: NORMAL can branch into same-species special state EX"
"shellos",422,"NORMAL","NORMAL",422,"NORMAL","GX","SPECIAL_BRANCH","House rule: NORMAL can branch into same-species special state GX"
"shellos",422,"NORMAL","NORMAL",422,"NORMAL","V","SPECIAL_BRANCH","House rule: NORMAL can branch into same-species special state V"
"shellos",422,"NORMAL","NORMAL",422,"NORMAL","MEGA","SPECIAL_BRANCH","House rule: NORMAL can branch into same-species special state MEGA"
"shellos",422,"NORMAL","NORMAL",423,"NORMAL","NORMAL","STANDARD","Standard evolution from species tree"
"shellos",422,"NORMAL","V",422,"NORMAL","VMAX","SPECIAL_CHAIN","House rule: V can continue into same-species state VMAX"
"shellos",422,"NORMAL","V",422,"NORMAL","VSTAR","SPECIAL_CHAIN","House rule: V can continue into same-species state VSTAR"
"shellos",423,"NORMAL","NORMAL",423,"NORMAL","EX","SPECIAL_BRANCH","House rule: NORMAL can branch into same-species special state EX"
"shellos",423,"NORMAL","NORMAL",423,"NORMAL","GX","SPECIAL_BRANCH","House rule: NORMAL can branch into same-species special state GX"
"shellos",423,"NORMAL","NORMAL",423,"NORMAL","V","SPECIAL_BRANCH","House rule: NORMAL can branch into same-species special state V"
"shellos",423,"NORMAL","NORMAL",423,"NORMAL","MEGA","SPECIAL_BRANCH","House rule: NORMAL can branch into same-species special state MEGA"
"shellos",423,"NORMAL","V",423,"NORMAL","VMAX","SPECIAL_CHAIN","House rule: V can continue into same-species state VMAX"
"shellos",423,"NORMAL","V",423,"NORMAL","VSTAR","SPECIAL_CHAIN","House rule: V can continue into same-species state VSTAR"
"shelmet",616,"NORMAL","NORMAL",616,"NORMAL","EX","SPECIAL_BRANCH","House rule: NORMAL can branch into same-species special state EX"
"shelmet",616,"NORMAL","NORMAL",616,"NORMAL","GX","SPECIAL_BRANCH","House rule: NORMAL can branch into same-species special state GX"
"shelmet",616,"NORMAL","NORMAL",616,"NORMAL","V","SPECIAL_BRANCH","House rule: NORMAL can branch into same-species special state V"
"shelmet",616,"NORMAL","NORMAL",616,"NORMAL","MEGA","SPECIAL_BRANCH","House rule: NORMAL can branch into same-species special state MEGA"
"shelmet",616,"NORMAL","NORMAL",617,"NORMAL","NORMAL","STANDARD","Standard evolution from species tree"
"shelmet",616,"NORMAL","V",616,"NORMAL","VMAX","SPECIAL_CHAIN","House rule: V can continue into same-species state VMAX"
"shelmet",616,"NORMAL","V",616,"NORMAL","VSTAR","SPECIAL_CHAIN","House rule: V can continue into same-species state VSTAR"
"shelmet",617,"NORMAL","NORMAL",617,"NORMAL","EX","SPECIAL_BRANCH","House rule: NORMAL can branch into same-species special state EX"
"shelmet",617,"NORMAL","NORMAL",617,"NORMAL","GX","SPECIAL_BRANCH","House rule: NORMAL can branch into same-species special state GX"
"shelmet",617,"NORMAL","NORMAL",617,"NORMAL","V","SPECIAL_BRANCH","House rule: NORMAL can branch into same-species special state V"
"shelmet",617,"NORMAL","NORMAL",617,"NORMAL","MEGA","SPECIAL_BRANCH","House rule: NORMAL can branch into same-species special state MEGA"
"shelmet",617,"NORMAL","V",617,"NORMAL","VMAX","SPECIAL_CHAIN","House rule: V can continue into same-species state VMAX"
"shelmet",617,"NORMAL","V",617,"NORMAL","VSTAR","SPECIAL_CHAIN","House rule: V can continue into same-species state VSTAR"
"shieldon",410,"NORMAL","NORMAL",410,"NORMAL","EX","SPECIAL_BRANCH","House rule: NORMAL can branch into same-species special state EX"
"shieldon",410,"NORMAL","NORMAL",410,"NORMAL","GX","SPECIAL_BRANCH","House rule: NORMAL can branch into same-species special state GX"
"shieldon",410,"NORMAL","NORMAL",410,"NORMAL","V","SPECIAL_BRANCH","House rule: NORMAL can branch into same-species special state V"
"shieldon",410,"NORMAL","NORMAL",410,"NORMAL","MEGA","SPECIAL_BRANCH","House rule: NORMAL can branch into same-species special state MEGA"
"shieldon",410,"NORMAL","NORMAL",411,"NORMAL","NORMAL","STANDARD","Standard evolution from species tree"
"shieldon",410,"NORMAL","V",410,"NORMAL","VMAX","SPECIAL_CHAIN","House rule: V can continue into same-species state VMAX"
"shieldon",410,"NORMAL","V",410,"NORMAL","VSTAR","SPECIAL_CHAIN","House rule: V can continue into same-species state VSTAR"
"shieldon",411,"NORMAL","NORMAL",411,"NORMAL","EX","SPECIAL_BRANCH","House rule: NORMAL can branch into same-species special state EX"
"shieldon",411,"NORMAL","NORMAL",411,"NORMAL","GX","SPECIAL_BRANCH","House rule: NORMAL can branch into same-species special state GX"
"shieldon",411,"NORMAL","NORMAL",411,"NORMAL","V","SPECIAL_BRANCH","House rule: NORMAL can branch into same-species special state V"
"shieldon",411,"NORMAL","NORMAL",411,"NORMAL","MEGA","SPECIAL_BRANCH","House rule: NORMAL can branch into same-species special state MEGA"
"shieldon",411,"NORMAL","V",411,"NORMAL","VMAX","SPECIAL_CHAIN","House rule: V can continue into same-species state VMAX"
"shieldon",411,"NORMAL","V",411,"NORMAL","VSTAR","SPECIAL_CHAIN","House rule: V can continue into same-species state VSTAR"
"shinx",403,"NORMAL","NORMAL",403,"NORMAL","EX","SPECIAL_BRANCH","House rule: NORMAL can branch into same-species special state EX"
"shinx",403,"NORMAL","NORMAL",403,"NORMAL","GX","SPECIAL_BRANCH","House rule: NORMAL can branch into same-species special state GX"
"shinx",403,"NORMAL","NORMAL",403,"NORMAL","V","SPECIAL_BRANCH","House rule: NORMAL can branch into same-species special state V"
"shinx",403,"NORMAL","NORMAL",403,"NORMAL","MEGA","SPECIAL_BRANCH","House rule: NORMAL can branch into same-species special state MEGA"
"shinx",403,"NORMAL","NORMAL",404,"NORMAL","NORMAL","STANDARD","Standard evolution from species tree"
"shinx",403,"NORMAL","V",403,"NORMAL","VMAX","SPECIAL_CHAIN","House rule: V can continue into same-species state VMAX"
"shinx",403,"NORMAL","V",403,"NORMAL","VSTAR","SPECIAL_CHAIN","House rule: V can continue into same-species state VSTAR"
"shinx",404,"NORMAL","NORMAL",404,"NORMAL","EX","SPECIAL_BRANCH","House rule: NORMAL can branch into same-species special state EX"
"shinx",404,"NORMAL","NORMAL",404,"NORMAL","GX","SPECIAL_BRANCH","House rule: NORMAL can branch into same-species special state GX"
"shinx",404,"NORMAL","NORMAL",404,"NORMAL","V","SPECIAL_BRANCH","House rule: NORMAL can branch into same-species special state V"
"shinx",404,"NORMAL","NORMAL",404,"NORMAL","MEGA","SPECIAL_BRANCH","House rule: NORMAL can branch into same-species special state MEGA"
"shinx",404,"NORMAL","NORMAL",405,"NORMAL","NORMAL","STANDARD","Standard evolution from species tree"
"shinx",404,"NORMAL","V",404,"NORMAL","VMAX","SPECIAL_CHAIN","House rule: V can continue into same-species state VMAX"
"shinx",404,"NORMAL","V",404,"NORMAL","VSTAR","SPECIAL_CHAIN","House rule: V can continue into same-species state VSTAR"
"shinx",405,"NORMAL","NORMAL",405,"NORMAL","EX","SPECIAL_BRANCH","House rule: NORMAL can branch into same-species special state EX"
"shinx",405,"NORMAL","NORMAL",405,"NORMAL","GX","SPECIAL_BRANCH","House rule: NORMAL can branch into same-species special state GX"
"shinx",405,"NORMAL","NORMAL",405,"NORMAL","V","SPECIAL_BRANCH","House rule: NORMAL can branch into same-species special state V"
"shinx",405,"NORMAL","NORMAL",405,"NORMAL","MEGA","SPECIAL_BRANCH","House rule: NORMAL can branch into same-species special state MEGA"
"shinx",405,"NORMAL","V",405,"NORMAL","VMAX","SPECIAL_CHAIN","House rule: V can continue into same-species state VMAX"
"shinx",405,"NORMAL","V",405,"NORMAL","VSTAR","SPECIAL_CHAIN","House rule: V can continue into same-species state VSTAR"
"shroodle",944,"NORMAL","NORMAL",944,"NORMAL","EX","SPECIAL_BRANCH","House rule: NORMAL can branch into same-species special state EX"
"shroodle",944,"NORMAL","NORMAL",944,"NORMAL","GX","SPECIAL_BRANCH","House rule: NORMAL can branch into same-species special state GX"
"shroodle",944,"NORMAL","NORMAL",944,"NORMAL","V","SPECIAL_BRANCH","House rule: NORMAL can branch into same-species special state V"
"shroodle",944,"NORMAL","NORMAL",944,"NORMAL","MEGA","SPECIAL_BRANCH","House rule: NORMAL can branch into same-species special state MEGA"
"shroodle",944,"NORMAL","NORMAL",945,"NORMAL","NORMAL","STANDARD","Standard evolution from species tree"
"shroodle",944,"NORMAL","V",944,"NORMAL","VMAX","SPECIAL_CHAIN","House rule: V can continue into same-species state VMAX"
"shroodle",944,"NORMAL","V",944,"NORMAL","VSTAR","SPECIAL_CHAIN","House rule: V can continue into same-species state VSTAR"
"shroodle",945,"NORMAL","NORMAL",945,"NORMAL","EX","SPECIAL_BRANCH","House rule: NORMAL can branch into same-species special state EX"
"shroodle",945,"NORMAL","NORMAL",945,"NORMAL","GX","SPECIAL_BRANCH","House rule: NORMAL can branch into same-species special state GX"
"shroodle",945,"NORMAL","NORMAL",945,"NORMAL","V","SPECIAL_BRANCH","House rule: NORMAL can branch into same-species special state V"
"shroodle",945,"NORMAL","NORMAL",945,"NORMAL","MEGA","SPECIAL_BRANCH","House rule: NORMAL can branch into same-species special state MEGA"
"shroodle",945,"NORMAL","V",945,"NORMAL","VMAX","SPECIAL_CHAIN","House rule: V can continue into same-species state VMAX"
"shroodle",945,"NORMAL","V",945,"NORMAL","VSTAR","SPECIAL_CHAIN","House rule: V can continue into same-species state VSTAR"
"shroomish",285,"NORMAL","NORMAL",285,"NORMAL","EX","SPECIAL_BRANCH","House rule: NORMAL can branch into same-species special state EX"
"shroomish",285,"NORMAL","NORMAL",285,"NORMAL","GX","SPECIAL_BRANCH","House rule: NORMAL can branch into same-species special state GX"
"shroomish",285,"NORMAL","NORMAL",285,"NORMAL","V","SPECIAL_BRANCH","House rule: NORMAL can branch into same-species special state V"
"shroomish",285,"NORMAL","NORMAL",285,"NORMAL","MEGA","SPECIAL_BRANCH","House rule: NORMAL can branch into same-species special state MEGA"
"shroomish",285,"NORMAL","NORMAL",286,"NORMAL","NORMAL","STANDARD","Standard evolution from species tree"
"shroomish",285,"NORMAL","V",285,"NORMAL","VMAX","SPECIAL_CHAIN","House rule: V can continue into same-species state VMAX"
"shroomish",285,"NORMAL","V",285,"NORMAL","VSTAR","SPECIAL_CHAIN","House rule: V can continue into same-species state VSTAR"
"shroomish",286,"NORMAL","NORMAL",286,"NORMAL","EX","SPECIAL_BRANCH","House rule: NORMAL can branch into same-species special state EX"
"shroomish",286,"NORMAL","NORMAL",286,"NORMAL","GX","SPECIAL_BRANCH","House rule: NORMAL can branch into same-species special state GX"
"shroomish",286,"NORMAL","NORMAL",286,"NORMAL","V","SPECIAL_BRANCH","House rule: NORMAL can branch into same-species special state V"
"shroomish",286,"NORMAL","NORMAL",286,"NORMAL","MEGA","SPECIAL_BRANCH","House rule: NORMAL can branch into same-species special state MEGA"
"shroomish",286,"NORMAL","V",286,"NORMAL","VMAX","SPECIAL_CHAIN","House rule: V can continue into same-species state VMAX"
"shroomish",286,"NORMAL","V",286,"NORMAL","VSTAR","SPECIAL_CHAIN","House rule: V can continue into same-species state VSTAR"
"shuckle",213,"NORMAL","NORMAL",213,"NORMAL","EX","SPECIAL_BRANCH","House rule: NORMAL can branch into same-species special state EX"
"shuckle",213,"NORMAL","NORMAL",213,"NORMAL","GX","SPECIAL_BRANCH","House rule: NORMAL can branch into same-species special state GX"
"shuckle",213,"NORMAL","NORMAL",213,"NORMAL","V","SPECIAL_BRANCH","House rule: NORMAL can branch into same-species special state V"
"shuckle",213,"NORMAL","NORMAL",213,"NORMAL","MEGA","SPECIAL_BRANCH","House rule: NORMAL can branch into same-species special state MEGA"
"shuckle",213,"NORMAL","V",213,"NORMAL","VMAX","SPECIAL_CHAIN","House rule: V can continue into same-species state VMAX"
"shuckle",213,"NORMAL","V",213,"NORMAL","VSTAR","SPECIAL_CHAIN","House rule: V can continue into same-species state VSTAR"
"shuppet",353,"NORMAL","NORMAL",353,"NORMAL","EX","SPECIAL_BRANCH","House rule: NORMAL can branch into same-species special state EX"
"shuppet",353,"NORMAL","NORMAL",353,"NORMAL","GX","SPECIAL_BRANCH","House rule: NORMAL can branch into same-species special state GX"
"shuppet",353,"NORMAL","NORMAL",353,"NORMAL","V","SPECIAL_BRANCH","House rule: NORMAL can branch into same-species special state V"
"shuppet",353,"NORMAL","NORMAL",353,"NORMAL","MEGA","SPECIAL_BRANCH","House rule: NORMAL can branch into same-species special state MEGA"
"shuppet",353,"NORMAL","NORMAL",354,"NORMAL","NORMAL","STANDARD","Standard evolution from species tree"
"shuppet",353,"NORMAL","V",353,"NORMAL","VMAX","SPECIAL_CHAIN","House rule: V can continue into same-species state VMAX"
"shuppet",353,"NORMAL","V",353,"NORMAL","VSTAR","SPECIAL_CHAIN","House rule: V can continue into same-species state VSTAR"
"shuppet",354,"NORMAL","NORMAL",354,"NORMAL","EX","SPECIAL_BRANCH","House rule: NORMAL can branch into same-species special state EX"
"shuppet",354,"NORMAL","NORMAL",354,"NORMAL","GX","SPECIAL_BRANCH","House rule: NORMAL can branch into same-species special state GX"
"shuppet",354,"NORMAL","NORMAL",354,"NORMAL","V","SPECIAL_BRANCH","House rule: NORMAL can branch into same-species special state V"
"shuppet",354,"NORMAL","NORMAL",354,"NORMAL","MEGA","SPECIAL_BRANCH","House rule: NORMAL can branch into same-species special state MEGA"
"shuppet",354,"NORMAL","V",354,"NORMAL","VMAX","SPECIAL_CHAIN","House rule: V can continue into same-species state VMAX"
"shuppet",354,"NORMAL","V",354,"NORMAL","VSTAR","SPECIAL_CHAIN","House rule: V can continue into same-species state VSTAR"
"sigilyph",561,"NORMAL","NORMAL",561,"NORMAL","EX","SPECIAL_BRANCH","House rule: NORMAL can branch into same-species special state EX"
"sigilyph",561,"NORMAL","NORMAL",561,"NORMAL","GX","SPECIAL_BRANCH","House rule: NORMAL can branch into same-species special state GX"
"sigilyph",561,"NORMAL","NORMAL",561,"NORMAL","V","SPECIAL_BRANCH","House rule: NORMAL can branch into same-species special state V"
"sigilyph",561,"NORMAL","NORMAL",561,"NORMAL","MEGA","SPECIAL_BRANCH","House rule: NORMAL can branch into same-species special state MEGA"
"sigilyph",561,"NORMAL","V",561,"NORMAL","VMAX","SPECIAL_CHAIN","House rule: V can continue into same-species state VMAX"
"sigilyph",561,"NORMAL","V",561,"NORMAL","VSTAR","SPECIAL_CHAIN","House rule: V can continue into same-species state VSTAR"
"silicobra",843,"NORMAL","NORMAL",843,"NORMAL","EX","SPECIAL_BRANCH","House rule: NORMAL can branch into same-species special state EX"
"silicobra",843,"NORMAL","NORMAL",843,"NORMAL","GX","SPECIAL_BRANCH","House rule: NORMAL can branch into same-species special state GX"
"silicobra",843,"NORMAL","NORMAL",843,"NORMAL","V","SPECIAL_BRANCH","House rule: NORMAL can branch into same-species special state V"
"silicobra",843,"NORMAL","NORMAL",843,"NORMAL","MEGA","SPECIAL_BRANCH","House rule: NORMAL can branch into same-species special state MEGA"
"silicobra",843,"NORMAL","NORMAL",844,"NORMAL","NORMAL","STANDARD","Standard evolution from species tree"
"silicobra",843,"NORMAL","V",843,"NORMAL","VMAX","SPECIAL_CHAIN","House rule: V can continue into same-species state VMAX"
"silicobra",843,"NORMAL","V",843,"NORMAL","VSTAR","SPECIAL_CHAIN","House rule: V can continue into same-species state VSTAR"
"silicobra",844,"NORMAL","NORMAL",844,"NORMAL","EX","SPECIAL_BRANCH","House rule: NORMAL can branch into same-species special state EX"
"silicobra",844,"NORMAL","NORMAL",844,"NORMAL","GX","SPECIAL_BRANCH","House rule: NORMAL can branch into same-species special state GX"
"silicobra",844,"NORMAL","NORMAL",844,"NORMAL","V","SPECIAL_BRANCH","House rule: NORMAL can branch into same-species special state V"
"silicobra",844,"NORMAL","NORMAL",844,"NORMAL","MEGA","SPECIAL_BRANCH","House rule: NORMAL can branch into same-species special state MEGA"
"silicobra",844,"NORMAL","V",844,"NORMAL","VMAX","SPECIAL_CHAIN","House rule: V can continue into same-species state VMAX"
"silicobra",844,"NORMAL","V",844,"NORMAL","VSTAR","SPECIAL_CHAIN","House rule: V can continue into same-species state VSTAR"
"sinistea",854,"NORMAL","NORMAL",854,"NORMAL","EX","SPECIAL_BRANCH","House rule: NORMAL can branch into same-species special state EX"
"sinistea",854,"NORMAL","NORMAL",854,"NORMAL","GX","SPECIAL_BRANCH","House rule: NORMAL can branch into same-species special state GX"
"sinistea",854,"NORMAL","NORMAL",854,"NORMAL","V","SPECIAL_BRANCH","House rule: NORMAL can branch into same-species special state V"
"sinistea",854,"NORMAL","NORMAL",854,"NORMAL","MEGA","SPECIAL_BRANCH","House rule: NORMAL can branch into same-species special state MEGA"
"sinistea",854,"NORMAL","NORMAL",855,"NORMAL","NORMAL","STANDARD","Standard evolution from species tree"
"sinistea",854,"NORMAL","V",854,"NORMAL","VMAX","SPECIAL_CHAIN","House rule: V can continue into same-species state VMAX"
"sinistea",854,"NORMAL","V",854,"NORMAL","VSTAR","SPECIAL_CHAIN","House rule: V can continue into same-species state VSTAR"
"sinistea",855,"NORMAL","NORMAL",855,"NORMAL","EX","SPECIAL_BRANCH","House rule: NORMAL can branch into same-species special state EX"
"sinistea",855,"NORMAL","NORMAL",855,"NORMAL","GX","SPECIAL_BRANCH","House rule: NORMAL can branch into same-species special state GX"
"sinistea",855,"NORMAL","NORMAL",855,"NORMAL","V","SPECIAL_BRANCH","House rule: NORMAL can branch into same-species special state V"
"sinistea",855,"NORMAL","NORMAL",855,"NORMAL","MEGA","SPECIAL_BRANCH","House rule: NORMAL can branch into same-species special state MEGA"
"sinistea",855,"NORMAL","V",855,"NORMAL","VMAX","SPECIAL_CHAIN","House rule: V can continue into same-species state VMAX"
"sinistea",855,"NORMAL","V",855,"NORMAL","VSTAR","SPECIAL_CHAIN","House rule: V can continue into same-species state VSTAR"
"sizzlipede",850,"NORMAL","NORMAL",850,"NORMAL","EX","SPECIAL_BRANCH","House rule: NORMAL can branch into same-species special state EX"
"sizzlipede",850,"NORMAL","NORMAL",850,"NORMAL","GX","SPECIAL_BRANCH","House rule: NORMAL can branch into same-species special state GX"
"sizzlipede",850,"NORMAL","NORMAL",850,"NORMAL","V","SPECIAL_BRANCH","House rule: NORMAL can branch into same-species special state V"
"sizzlipede",850,"NORMAL","NORMAL",850,"NORMAL","MEGA","SPECIAL_BRANCH","House rule: NORMAL can branch into same-species special state MEGA"
"sizzlipede",850,"NORMAL","NORMAL",851,"NORMAL","NORMAL","STANDARD","Standard evolution from species tree"
"sizzlipede",850,"NORMAL","V",850,"NORMAL","VMAX","SPECIAL_CHAIN","House rule: V can continue into same-species state VMAX"
"sizzlipede",850,"NORMAL","V",850,"NORMAL","VSTAR","SPECIAL_CHAIN","House rule: V can continue into same-species state VSTAR"
"sizzlipede",851,"NORMAL","NORMAL",851,"NORMAL","EX","SPECIAL_BRANCH","House rule: NORMAL can branch into same-species special state EX"
"sizzlipede",851,"NORMAL","NORMAL",851,"NORMAL","GX","SPECIAL_BRANCH","House rule: NORMAL can branch into same-species special state GX"
"sizzlipede",851,"NORMAL","NORMAL",851,"NORMAL","V","SPECIAL_BRANCH","House rule: NORMAL can branch into same-species special state V"
"sizzlipede",851,"NORMAL","NORMAL",851,"NORMAL","MEGA","SPECIAL_BRANCH","House rule: NORMAL can branch into same-species special state MEGA"
"sizzlipede",851,"NORMAL","V",851,"NORMAL","VMAX","SPECIAL_CHAIN","House rule: V can continue into same-species state VMAX"
"sizzlipede",851,"NORMAL","V",851,"NORMAL","VSTAR","SPECIAL_CHAIN","House rule: V can continue into same-species state VSTAR"
"skarmory",227,"NORMAL","NORMAL",227,"NORMAL","EX","SPECIAL_BRANCH","House rule: NORMAL can branch into same-species special state EX"
"skarmory",227,"NORMAL","NORMAL",227,"NORMAL","GX","SPECIAL_BRANCH","House rule: NORMAL can branch into same-species special state GX"
"skarmory",227,"NORMAL","NORMAL",227,"NORMAL","V","SPECIAL_BRANCH","House rule: NORMAL can branch into same-species special state V"
"skarmory",227,"NORMAL","NORMAL",227,"NORMAL","MEGA","SPECIAL_BRANCH","House rule: NORMAL can branch into same-species special state MEGA"
"skarmory",227,"NORMAL","V",227,"NORMAL","VMAX","SPECIAL_CHAIN","House rule: V can continue into same-species state VMAX"
"skarmory",227,"NORMAL","V",227,"NORMAL","VSTAR","SPECIAL_CHAIN","House rule: V can continue into same-species state VSTAR"
"skiddo",672,"NORMAL","NORMAL",672,"NORMAL","EX","SPECIAL_BRANCH","House rule: NORMAL can branch into same-species special state EX"
"skiddo",672,"NORMAL","NORMAL",672,"NORMAL","GX","SPECIAL_BRANCH","House rule: NORMAL can branch into same-species special state GX"
"skiddo",672,"NORMAL","NORMAL",672,"NORMAL","V","SPECIAL_BRANCH","House rule: NORMAL can branch into same-species special state V"
"skiddo",672,"NORMAL","NORMAL",672,"NORMAL","MEGA","SPECIAL_BRANCH","House rule: NORMAL can branch into same-species special state MEGA"
"skiddo",672,"NORMAL","NORMAL",673,"NORMAL","NORMAL","STANDARD","Standard evolution from species tree"
"skiddo",672,"NORMAL","V",672,"NORMAL","VMAX","SPECIAL_CHAIN","House rule: V can continue into same-species state VMAX"
"skiddo",672,"NORMAL","V",672,"NORMAL","VSTAR","SPECIAL_CHAIN","House rule: V can continue into same-species state VSTAR"
"skiddo",673,"NORMAL","NORMAL",673,"NORMAL","EX","SPECIAL_BRANCH","House rule: NORMAL can branch into same-species special state EX"
"skiddo",673,"NORMAL","NORMAL",673,"NORMAL","GX","SPECIAL_BRANCH","House rule: NORMAL can branch into same-species special state GX"
"skiddo",673,"NORMAL","NORMAL",673,"NORMAL","V","SPECIAL_BRANCH","House rule: NORMAL can branch into same-species special state V"
"skiddo",673,"NORMAL","NORMAL",673,"NORMAL","MEGA","SPECIAL_BRANCH","House rule: NORMAL can branch into same-species special state MEGA"
"skiddo",673,"NORMAL","V",673,"NORMAL","VMAX","SPECIAL_CHAIN","House rule: V can continue into same-species state VMAX"
"skiddo",673,"NORMAL","V",673,"NORMAL","VSTAR","SPECIAL_CHAIN","House rule: V can continue into same-species state VSTAR"
"skitty",300,"NORMAL","NORMAL",300,"NORMAL","EX","SPECIAL_BRANCH","House rule: NORMAL can branch into same-species special state EX"
"skitty",300,"NORMAL","NORMAL",300,"NORMAL","GX","SPECIAL_BRANCH","House rule: NORMAL can branch into same-species special state GX"
"skitty",300,"NORMAL","NORMAL",300,"NORMAL","V","SPECIAL_BRANCH","House rule: NORMAL can branch into same-species special state V"
"skitty",300,"NORMAL","NORMAL",300,"NORMAL","MEGA","SPECIAL_BRANCH","House rule: NORMAL can branch into same-species special state MEGA"
"skitty",300,"NORMAL","NORMAL",301,"NORMAL","NORMAL","STANDARD","Standard evolution from species tree"
"skitty",300,"NORMAL","V",300,"NORMAL","VMAX","SPECIAL_CHAIN","House rule: V can continue into same-species state VMAX"
"skitty",300,"NORMAL","V",300,"NORMAL","VSTAR","SPECIAL_CHAIN","House rule: V can continue into same-species state VSTAR"
"skitty",301,"NORMAL","NORMAL",301,"NORMAL","EX","SPECIAL_BRANCH","House rule: NORMAL can branch into same-species special state EX"
"skitty",301,"NORMAL","NORMAL",301,"NORMAL","GX","SPECIAL_BRANCH","House rule: NORMAL can branch into same-species special state GX"
"skitty",301,"NORMAL","NORMAL",301,"NORMAL","V","SPECIAL_BRANCH","House rule: NORMAL can branch into same-species special state V"
"skitty",301,"NORMAL","NORMAL",301,"NORMAL","MEGA","SPECIAL_BRANCH","House rule: NORMAL can branch into same-species special state MEGA"
"skitty",301,"NORMAL","V",301,"NORMAL","VMAX","SPECIAL_CHAIN","House rule: V can continue into same-species state VMAX"
"skitty",301,"NORMAL","V",301,"NORMAL","VSTAR","SPECIAL_CHAIN","House rule: V can continue into same-species state VSTAR"
"skorupi",451,"NORMAL","NORMAL",451,"NORMAL","EX","SPECIAL_BRANCH","House rule: NORMAL can branch into same-species special state EX"
"skorupi",451,"NORMAL","NORMAL",451,"NORMAL","GX","SPECIAL_BRANCH","House rule: NORMAL can branch into same-species special state GX"
"skorupi",451,"NORMAL","NORMAL",451,"NORMAL","V","SPECIAL_BRANCH","House rule: NORMAL can branch into same-species special state V"
"skorupi",451,"NORMAL","NORMAL",451,"NORMAL","MEGA","SPECIAL_BRANCH","House rule: NORMAL can branch into same-species special state MEGA"
"skorupi",451,"NORMAL","NORMAL",452,"NORMAL","NORMAL","STANDARD","Standard evolution from species tree"
"skorupi",451,"NORMAL","V",451,"NORMAL","VMAX","SPECIAL_CHAIN","House rule: V can continue into same-species state VMAX"
"skorupi",451,"NORMAL","V",451,"NORMAL","VSTAR","SPECIAL_CHAIN","House rule: V can continue into same-species state VSTAR"
"skorupi",452,"NORMAL","NORMAL",452,"NORMAL","EX","SPECIAL_BRANCH","House rule: NORMAL can branch into same-species special state EX"
"skorupi",452,"NORMAL","NORMAL",452,"NORMAL","GX","SPECIAL_BRANCH","House rule: NORMAL can branch into same-species special state GX"
"skorupi",452,"NORMAL","NORMAL",452,"NORMAL","V","SPECIAL_BRANCH","House rule: NORMAL can branch into same-species special state V"
"skorupi",452,"NORMAL","NORMAL",452,"NORMAL","MEGA","SPECIAL_BRANCH","House rule: NORMAL can branch into same-species special state MEGA"
"skorupi",452,"NORMAL","V",452,"NORMAL","VMAX","SPECIAL_CHAIN","House rule: V can continue into same-species state VMAX"
"skorupi",452,"NORMAL","V",452,"NORMAL","VSTAR","SPECIAL_CHAIN","House rule: V can continue into same-species state VSTAR"
"skrelp",690,"NORMAL","NORMAL",690,"NORMAL","EX","SPECIAL_BRANCH","House rule: NORMAL can branch into same-species special state EX"
"skrelp",690,"NORMAL","NORMAL",690,"NORMAL","GX","SPECIAL_BRANCH","House rule: NORMAL can branch into same-species special state GX"
"skrelp",690,"NORMAL","NORMAL",690,"NORMAL","V","SPECIAL_BRANCH","House rule: NORMAL can branch into same-species special state V"
"skrelp",690,"NORMAL","NORMAL",690,"NORMAL","MEGA","SPECIAL_BRANCH","House rule: NORMAL can branch into same-species special state MEGA"
"skrelp",690,"NORMAL","NORMAL",691,"NORMAL","NORMAL","STANDARD","Standard evolution from species tree"
"skrelp",690,"NORMAL","V",690,"NORMAL","VMAX","SPECIAL_CHAIN","House rule: V can continue into same-species state VMAX"
"skrelp",690,"NORMAL","V",690,"NORMAL","VSTAR","SPECIAL_CHAIN","House rule: V can continue into same-species state VSTAR"
"skrelp",691,"NORMAL","NORMAL",691,"NORMAL","EX","SPECIAL_BRANCH","House rule: NORMAL can branch into same-species special state EX"
"skrelp",691,"NORMAL","NORMAL",691,"NORMAL","GX","SPECIAL_BRANCH","House rule: NORMAL can branch into same-species special state GX"
"skrelp",691,"NORMAL","NORMAL",691,"NORMAL","V","SPECIAL_BRANCH","House rule: NORMAL can branch into same-species special state V"
"skrelp",691,"NORMAL","NORMAL",691,"NORMAL","MEGA","SPECIAL_BRANCH","House rule: NORMAL can branch into same-species special state MEGA"
"skrelp",691,"NORMAL","V",691,"NORMAL","VMAX","SPECIAL_CHAIN","House rule: V can continue into same-species state VMAX"
"skrelp",691,"NORMAL","V",691,"NORMAL","VSTAR","SPECIAL_CHAIN","House rule: V can continue into same-species state VSTAR"
"skwovet",819,"NORMAL","NORMAL",819,"NORMAL","EX","SPECIAL_BRANCH","House rule: NORMAL can branch into same-species special state EX"
"skwovet",819,"NORMAL","NORMAL",819,"NORMAL","GX","SPECIAL_BRANCH","House rule: NORMAL can branch into same-species special state GX"
"skwovet",819,"NORMAL","NORMAL",819,"NORMAL","V","SPECIAL_BRANCH","House rule: NORMAL can branch into same-species special state V"
"skwovet",819,"NORMAL","NORMAL",819,"NORMAL","MEGA","SPECIAL_BRANCH","House rule: NORMAL can branch into same-species special state MEGA"
"skwovet",819,"NORMAL","NORMAL",820,"NORMAL","NORMAL","STANDARD","Standard evolution from species tree"
"skwovet",819,"NORMAL","V",819,"NORMAL","VMAX","SPECIAL_CHAIN","House rule: V can continue into same-species state VMAX"
"skwovet",819,"NORMAL","V",819,"NORMAL","VSTAR","SPECIAL_CHAIN","House rule: V can continue into same-species state VSTAR"
"skwovet",820,"NORMAL","NORMAL",820,"NORMAL","EX","SPECIAL_BRANCH","House rule: NORMAL can branch into same-species special state EX"
"skwovet",820,"NORMAL","NORMAL",820,"NORMAL","GX","SPECIAL_BRANCH","House rule: NORMAL can branch into same-species special state GX"
"skwovet",820,"NORMAL","NORMAL",820,"NORMAL","V","SPECIAL_BRANCH","House rule: NORMAL can branch into same-species special state V"
"skwovet",820,"NORMAL","NORMAL",820,"NORMAL","MEGA","SPECIAL_BRANCH","House rule: NORMAL can branch into same-species special state MEGA"
"skwovet",820,"NORMAL","V",820,"NORMAL","VMAX","SPECIAL_CHAIN","House rule: V can continue into same-species state VMAX"
"skwovet",820,"NORMAL","V",820,"NORMAL","VSTAR","SPECIAL_CHAIN","House rule: V can continue into same-species state VSTAR"
"slakoth",287,"NORMAL","NORMAL",287,"NORMAL","EX","SPECIAL_BRANCH","House rule: NORMAL can branch into same-species special state EX"
"slakoth",287,"NORMAL","NORMAL",287,"NORMAL","GX","SPECIAL_BRANCH","House rule: NORMAL can branch into same-species special state GX"
"slakoth",287,"NORMAL","NORMAL",287,"NORMAL","V","SPECIAL_BRANCH","House rule: NORMAL can branch into same-species special state V"
"slakoth",287,"NORMAL","NORMAL",287,"NORMAL","MEGA","SPECIAL_BRANCH","House rule: NORMAL can branch into same-species special state MEGA"
"slakoth",287,"NORMAL","NORMAL",288,"NORMAL","NORMAL","STANDARD","Standard evolution from species tree"
"slakoth",287,"NORMAL","V",287,"NORMAL","VMAX","SPECIAL_CHAIN","House rule: V can continue into same-species state VMAX"
"slakoth",287,"NORMAL","V",287,"NORMAL","VSTAR","SPECIAL_CHAIN","House rule: V can continue into same-species state VSTAR"
"slakoth",288,"NORMAL","NORMAL",288,"NORMAL","EX","SPECIAL_BRANCH","House rule: NORMAL can branch into same-species special state EX"
"slakoth",288,"NORMAL","NORMAL",288,"NORMAL","GX","SPECIAL_BRANCH","House rule: NORMAL can branch into same-species special state GX"
"slakoth",288,"NORMAL","NORMAL",288,"NORMAL","V","SPECIAL_BRANCH","House rule: NORMAL can branch into same-species special state V"
"slakoth",288,"NORMAL","NORMAL",288,"NORMAL","MEGA","SPECIAL_BRANCH","House rule: NORMAL can branch into same-species special state MEGA"
"slakoth",288,"NORMAL","NORMAL",289,"NORMAL","NORMAL","STANDARD","Standard evolution from species tree"
"slakoth",288,"NORMAL","V",288,"NORMAL","VMAX","SPECIAL_CHAIN","House rule: V can continue into same-species state VMAX"
"slakoth",288,"NORMAL","V",288,"NORMAL","VSTAR","SPECIAL_CHAIN","House rule: V can continue into same-species state VSTAR"
"slakoth",289,"NORMAL","NORMAL",289,"NORMAL","EX","SPECIAL_BRANCH","House rule: NORMAL can branch into same-species special state EX"
"slakoth",289,"NORMAL","NORMAL",289,"NORMAL","GX","SPECIAL_BRANCH","House rule: NORMAL can branch into same-species special state GX"
"slakoth",289,"NORMAL","NORMAL",289,"NORMAL","V","SPECIAL_BRANCH","House rule: NORMAL can branch into same-species special state V"
"slakoth",289,"NORMAL","NORMAL",289,"NORMAL","MEGA","SPECIAL_BRANCH","House rule: NORMAL can branch into same-species special state MEGA"
"slakoth",289,"NORMAL","V",289,"NORMAL","VMAX","SPECIAL_CHAIN","House rule: V can continue into same-species state VMAX"
"slakoth",289,"NORMAL","V",289,"NORMAL","VSTAR","SPECIAL_CHAIN","House rule: V can continue into same-species state VSTAR"
"slither-wing",988,"NORMAL","NORMAL",988,"NORMAL","EX","SPECIAL_BRANCH","House rule: NORMAL can branch into same-species special state EX"
"slither-wing",988,"NORMAL","NORMAL",988,"NORMAL","GX","SPECIAL_BRANCH","House rule: NORMAL can branch into same-species special state GX"
"slither-wing",988,"NORMAL","NORMAL",988,"NORMAL","V","SPECIAL_BRANCH","House rule: NORMAL can branch into same-species special state V"
"slither-wing",988,"NORMAL","NORMAL",988,"NORMAL","MEGA","SPECIAL_BRANCH","House rule: NORMAL can branch into same-species special state MEGA"
"slither-wing",988,"NORMAL","V",988,"NORMAL","VMAX","SPECIAL_CHAIN","House rule: V can continue into same-species state VMAX"
"slither-wing",988,"NORMAL","V",988,"NORMAL","VSTAR","SPECIAL_CHAIN","House rule: V can continue into same-species state VSTAR"
"slowpoke",79,"NORMAL","NORMAL",79,"NORMAL","EX","SPECIAL_BRANCH","House rule: NORMAL can branch into same-species special state EX"
"slowpoke",79,"NORMAL","NORMAL",79,"NORMAL","GX","SPECIAL_BRANCH","House rule: NORMAL can branch into same-species special state GX"
"slowpoke",79,"NORMAL","NORMAL",79,"NORMAL","V","SPECIAL_BRANCH","House rule: NORMAL can branch into same-species special state V"
"slowpoke",79,"NORMAL","NORMAL",79,"NORMAL","MEGA","SPECIAL_BRANCH","House rule: NORMAL can branch into same-species special state MEGA"
"slowpoke",79,"NORMAL","NORMAL",80,"NORMAL","NORMAL","STANDARD","Standard evolution from species tree"
"slowpoke",79,"NORMAL","NORMAL",199,"NORMAL","NORMAL","STANDARD","Standard evolution from species tree"
"slowpoke",79,"NORMAL","V",79,"NORMAL","VMAX","SPECIAL_CHAIN","House rule: V can continue into same-species state VMAX"
"slowpoke",79,"NORMAL","V",79,"NORMAL","VSTAR","SPECIAL_CHAIN","House rule: V can continue into same-species state VSTAR"
"slowpoke",80,"NORMAL","NORMAL",80,"NORMAL","EX","SPECIAL_BRANCH","House rule: NORMAL can branch into same-species special state EX"
"slowpoke",80,"NORMAL","NORMAL",80,"NORMAL","GX","SPECIAL_BRANCH","House rule: NORMAL can branch into same-species special state GX"
"slowpoke",80,"NORMAL","NORMAL",80,"NORMAL","V","SPECIAL_BRANCH","House rule: NORMAL can branch into same-species special state V"
"slowpoke",80,"NORMAL","NORMAL",80,"NORMAL","MEGA","SPECIAL_BRANCH","House rule: NORMAL can branch into same-species special state MEGA"
"slowpoke",80,"NORMAL","V",80,"NORMAL","VMAX","SPECIAL_CHAIN","House rule: V can continue into same-species state VMAX"
"slowpoke",80,"NORMAL","V",80,"NORMAL","VSTAR","SPECIAL_CHAIN","House rule: V can continue into same-species state VSTAR"
"slowpoke",199,"NORMAL","NORMAL",199,"NORMAL","EX","SPECIAL_BRANCH","House rule: NORMAL can branch into same-species special state EX"
"slowpoke",199,"NORMAL","NORMAL",199,"NORMAL","GX","SPECIAL_BRANCH","House rule: NORMAL can branch into same-species special state GX"
"slowpoke",199,"NORMAL","NORMAL",199,"NORMAL","V","SPECIAL_BRANCH","House rule: NORMAL can branch into same-species special state V"
"slowpoke",199,"NORMAL","NORMAL",199,"NORMAL","MEGA","SPECIAL_BRANCH","House rule: NORMAL can branch into same-species special state MEGA"
"slowpoke",199,"NORMAL","V",199,"NORMAL","VMAX","SPECIAL_CHAIN","House rule: V can continue into same-species state VMAX"
"slowpoke",199,"NORMAL","V",199,"NORMAL","VSTAR","SPECIAL_CHAIN","House rule: V can continue into same-species state VSTAR"
"slugma",218,"NORMAL","NORMAL",218,"NORMAL","EX","SPECIAL_BRANCH","House rule: NORMAL can branch into same-species special state EX"
"slugma",218,"NORMAL","NORMAL",218,"NORMAL","GX","SPECIAL_BRANCH","House rule: NORMAL can branch into same-species special state GX"
"slugma",218,"NORMAL","NORMAL",218,"NORMAL","V","SPECIAL_BRANCH","House rule: NORMAL can branch into same-species special state V"
"slugma",218,"NORMAL","NORMAL",218,"NORMAL","MEGA","SPECIAL_BRANCH","House rule: NORMAL can branch into same-species special state MEGA"
"slugma",218,"NORMAL","NORMAL",219,"NORMAL","NORMAL","STANDARD","Standard evolution from species tree"
"slugma",218,"NORMAL","V",218,"NORMAL","VMAX","SPECIAL_CHAIN","House rule: V can continue into same-species state VMAX"
"slugma",218,"NORMAL","V",218,"NORMAL","VSTAR","SPECIAL_CHAIN","House rule: V can continue into same-species state VSTAR"
"slugma",219,"NORMAL","NORMAL",219,"NORMAL","EX","SPECIAL_BRANCH","House rule: NORMAL can branch into same-species special state EX"
"slugma",219,"NORMAL","NORMAL",219,"NORMAL","GX","SPECIAL_BRANCH","House rule: NORMAL can branch into same-species special state GX"
"slugma",219,"NORMAL","NORMAL",219,"NORMAL","V","SPECIAL_BRANCH","House rule: NORMAL can branch into same-species special state V"
"slugma",219,"NORMAL","NORMAL",219,"NORMAL","MEGA","SPECIAL_BRANCH","House rule: NORMAL can branch into same-species special state MEGA"
"slugma",219,"NORMAL","V",219,"NORMAL","VMAX","SPECIAL_CHAIN","House rule: V can continue into same-species state VMAX"
"slugma",219,"NORMAL","V",219,"NORMAL","VSTAR","SPECIAL_CHAIN","House rule: V can continue into same-species state VSTAR"
"smeargle",235,"NORMAL","NORMAL",235,"NORMAL","EX","SPECIAL_BRANCH","House rule: NORMAL can branch into same-species special state EX"
"smeargle",235,"NORMAL","NORMAL",235,"NORMAL","GX","SPECIAL_BRANCH","House rule: NORMAL can branch into same-species special state GX"
"smeargle",235,"NORMAL","NORMAL",235,"NORMAL","V","SPECIAL_BRANCH","House rule: NORMAL can branch into same-species special state V"
"smeargle",235,"NORMAL","NORMAL",235,"NORMAL","MEGA","SPECIAL_BRANCH","House rule: NORMAL can branch into same-species special state MEGA"
"smeargle",235,"NORMAL","V",235,"NORMAL","VMAX","SPECIAL_CHAIN","House rule: V can continue into same-species state VMAX"
"smeargle",235,"NORMAL","V",235,"NORMAL","VSTAR","SPECIAL_CHAIN","House rule: V can continue into same-species state VSTAR"
"smoliv",928,"NORMAL","NORMAL",928,"NORMAL","EX","SPECIAL_BRANCH","House rule: NORMAL can branch into same-species special state EX"
"smoliv",928,"NORMAL","NORMAL",928,"NORMAL","GX","SPECIAL_BRANCH","House rule: NORMAL can branch into same-species special state GX"
"smoliv",928,"NORMAL","NORMAL",928,"NORMAL","V","SPECIAL_BRANCH","House rule: NORMAL can branch into same-species special state V"
"smoliv",928,"NORMAL","NORMAL",928,"NORMAL","MEGA","SPECIAL_BRANCH","House rule: NORMAL can branch into same-species special state MEGA"
"smoliv",928,"NORMAL","NORMAL",929,"NORMAL","NORMAL","STANDARD","Standard evolution from species tree"
"smoliv",928,"NORMAL","V",928,"NORMAL","VMAX","SPECIAL_CHAIN","House rule: V can continue into same-species state VMAX"
"smoliv",928,"NORMAL","V",928,"NORMAL","VSTAR","SPECIAL_CHAIN","House rule: V can continue into same-species state VSTAR"
"smoliv",929,"NORMAL","NORMAL",929,"NORMAL","EX","SPECIAL_BRANCH","House rule: NORMAL can branch into same-species special state EX"
"smoliv",929,"NORMAL","NORMAL",929,"NORMAL","GX","SPECIAL_BRANCH","House rule: NORMAL can branch into same-species special state GX"
"smoliv",929,"NORMAL","NORMAL",929,"NORMAL","V","SPECIAL_BRANCH","House rule: NORMAL can branch into same-species special state V"
"smoliv",929,"NORMAL","NORMAL",929,"NORMAL","MEGA","SPECIAL_BRANCH","House rule: NORMAL can branch into same-species special state MEGA"
"smoliv",929,"NORMAL","NORMAL",930,"NORMAL","NORMAL","STANDARD","Standard evolution from species tree"
"smoliv",929,"NORMAL","V",929,"NORMAL","VMAX","SPECIAL_CHAIN","House rule: V can continue into same-species state VMAX"
"smoliv",929,"NORMAL","V",929,"NORMAL","VSTAR","SPECIAL_CHAIN","House rule: V can continue into same-species state VSTAR"
"smoliv",930,"NORMAL","NORMAL",930,"NORMAL","EX","SPECIAL_BRANCH","House rule: NORMAL can branch into same-species special state EX"
"smoliv",930,"NORMAL","NORMAL",930,"NORMAL","GX","SPECIAL_BRANCH","House rule: NORMAL can branch into same-species special state GX"
"smoliv",930,"NORMAL","NORMAL",930,"NORMAL","V","SPECIAL_BRANCH","House rule: NORMAL can branch into same-species special state V"
"smoliv",930,"NORMAL","NORMAL",930,"NORMAL","MEGA","SPECIAL_BRANCH","House rule: NORMAL can branch into same-species special state MEGA"
"smoliv",930,"NORMAL","V",930,"NORMAL","VMAX","SPECIAL_CHAIN","House rule: V can continue into same-species state VMAX"
"smoliv",930,"NORMAL","V",930,"NORMAL","VSTAR","SPECIAL_CHAIN","House rule: V can continue into same-species state VSTAR"
"smoochum",124,"NORMAL","NORMAL",124,"NORMAL","EX","SPECIAL_BRANCH","House rule: NORMAL can branch into same-species special state EX"
"smoochum",124,"NORMAL","NORMAL",124,"NORMAL","GX","SPECIAL_BRANCH","House rule: NORMAL can branch into same-species special state GX"
"smoochum",124,"NORMAL","NORMAL",124,"NORMAL","V","SPECIAL_BRANCH","House rule: NORMAL can branch into same-species special state V"
"smoochum",124,"NORMAL","NORMAL",124,"NORMAL","MEGA","SPECIAL_BRANCH","House rule: NORMAL can branch into same-species special state MEGA"
"smoochum",124,"NORMAL","V",124,"NORMAL","VMAX","SPECIAL_CHAIN","House rule: V can continue into same-species state VMAX"
"smoochum",124,"NORMAL","V",124,"NORMAL","VSTAR","SPECIAL_CHAIN","House rule: V can continue into same-species state VSTAR"
"smoochum",238,"NORMAL","NORMAL",124,"NORMAL","NORMAL","STANDARD","Standard evolution from species tree"
"sneasel",215,"NORMAL","NORMAL",215,"NORMAL","EX","SPECIAL_BRANCH","House rule: NORMAL can branch into same-species special state EX"
"sneasel",215,"NORMAL","NORMAL",215,"NORMAL","GX","SPECIAL_BRANCH","House rule: NORMAL can branch into same-species special state GX"
"sneasel",215,"NORMAL","NORMAL",215,"NORMAL","V","SPECIAL_BRANCH","House rule: NORMAL can branch into same-species special state V"
"sneasel",215,"NORMAL","NORMAL",215,"NORMAL","MEGA","SPECIAL_BRANCH","House rule: NORMAL can branch into same-species special state MEGA"
"sneasel",215,"NORMAL","NORMAL",461,"NORMAL","NORMAL","STANDARD","Standard evolution from species tree"
"sneasel",215,"NORMAL","NORMAL",903,"NORMAL","NORMAL","STANDARD","Standard evolution from species tree"
"sneasel",215,"NORMAL","V",215,"NORMAL","VMAX","SPECIAL_CHAIN","House rule: V can continue into same-species state VMAX"
"sneasel",215,"NORMAL","V",215,"NORMAL","VSTAR","SPECIAL_CHAIN","House rule: V can continue into same-species state VSTAR"
"sneasel",461,"NORMAL","NORMAL",461,"NORMAL","EX","SPECIAL_BRANCH","House rule: NORMAL can branch into same-species special state EX"
"sneasel",461,"NORMAL","NORMAL",461,"NORMAL","GX","SPECIAL_BRANCH","House rule: NORMAL can branch into same-species special state GX"
"sneasel",461,"NORMAL","NORMAL",461,"NORMAL","V","SPECIAL_BRANCH","House rule: NORMAL can branch into same-species special state V"
"sneasel",461,"NORMAL","NORMAL",461,"NORMAL","MEGA","SPECIAL_BRANCH","House rule: NORMAL can branch into same-species special state MEGA"
"sneasel",461,"NORMAL","V",461,"NORMAL","VMAX","SPECIAL_CHAIN","House rule: V can continue into same-species state VMAX"
"sneasel",461,"NORMAL","V",461,"NORMAL","VSTAR","SPECIAL_CHAIN","House rule: V can continue into same-species state VSTAR"
"sneasel",903,"NORMAL","NORMAL",903,"NORMAL","EX","SPECIAL_BRANCH","House rule: NORMAL can branch into same-species special state EX"
"sneasel",903,"NORMAL","NORMAL",903,"NORMAL","GX","SPECIAL_BRANCH","House rule: NORMAL can branch into same-species special state GX"
"sneasel",903,"NORMAL","NORMAL",903,"NORMAL","V","SPECIAL_BRANCH","House rule: NORMAL can branch into same-species special state V"
"sneasel",903,"NORMAL","NORMAL",903,"NORMAL","MEGA","SPECIAL_BRANCH","House rule: NORMAL can branch into same-species special state MEGA"
"sneasel",903,"NORMAL","V",903,"NORMAL","VMAX","SPECIAL_CHAIN","House rule: V can continue into same-species state VMAX"
"sneasel",903,"NORMAL","V",903,"NORMAL","VSTAR","SPECIAL_CHAIN","House rule: V can continue into same-species state VSTAR"
"snivy",495,"NORMAL","NORMAL",495,"NORMAL","EX","SPECIAL_BRANCH","House rule: NORMAL can branch into same-species special state EX"
"snivy",495,"NORMAL","NORMAL",495,"NORMAL","GX","SPECIAL_BRANCH","House rule: NORMAL can branch into same-species special state GX"
"snivy",495,"NORMAL","NORMAL",495,"NORMAL","V","SPECIAL_BRANCH","House rule: NORMAL can branch into same-species special state V"
"snivy",495,"NORMAL","NORMAL",495,"NORMAL","MEGA","SPECIAL_BRANCH","House rule: NORMAL can branch into same-species special state MEGA"
"snivy",495,"NORMAL","NORMAL",496,"NORMAL","NORMAL","STANDARD","Standard evolution from species tree"
"snivy",495,"NORMAL","V",495,"NORMAL","VMAX","SPECIAL_CHAIN","House rule: V can continue into same-species state VMAX"
"snivy",495,"NORMAL","V",495,"NORMAL","VSTAR","SPECIAL_CHAIN","House rule: V can continue into same-species state VSTAR"
"snivy",496,"NORMAL","NORMAL",496,"NORMAL","EX","SPECIAL_BRANCH","House rule: NORMAL can branch into same-species special state EX"
"snivy",496,"NORMAL","NORMAL",496,"NORMAL","GX","SPECIAL_BRANCH","House rule: NORMAL can branch into same-species special state GX"
"snivy",496,"NORMAL","NORMAL",496,"NORMAL","V","SPECIAL_BRANCH","House rule: NORMAL can branch into same-species special state V"
"snivy",496,"NORMAL","NORMAL",496,"NORMAL","MEGA","SPECIAL_BRANCH","House rule: NORMAL can branch into same-species special state MEGA"
"snivy",496,"NORMAL","NORMAL",497,"NORMAL","NORMAL","STANDARD","Standard evolution from species tree"
"snivy",496,"NORMAL","V",496,"NORMAL","VMAX","SPECIAL_CHAIN","House rule: V can continue into same-species state VMAX"
"snivy",496,"NORMAL","V",496,"NORMAL","VSTAR","SPECIAL_CHAIN","House rule: V can continue into same-species state VSTAR"
"snivy",497,"NORMAL","NORMAL",497,"NORMAL","EX","SPECIAL_BRANCH","House rule: NORMAL can branch into same-species special state EX"
"snivy",497,"NORMAL","NORMAL",497,"NORMAL","GX","SPECIAL_BRANCH","House rule: NORMAL can branch into same-species special state GX"
"snivy",497,"NORMAL","NORMAL",497,"NORMAL","V","SPECIAL_BRANCH","House rule: NORMAL can branch into same-species special state V"
"snivy",497,"NORMAL","NORMAL",497,"NORMAL","MEGA","SPECIAL_BRANCH","House rule: NORMAL can branch into same-species special state MEGA"
"snivy",497,"NORMAL","V",497,"NORMAL","VMAX","SPECIAL_CHAIN","House rule: V can continue into same-species state VMAX"
"snivy",497,"NORMAL","V",497,"NORMAL","VSTAR","SPECIAL_CHAIN","House rule: V can continue into same-species state VSTAR"
"snom",872,"NORMAL","NORMAL",872,"NORMAL","EX","SPECIAL_BRANCH","House rule: NORMAL can branch into same-species special state EX"
"snom",872,"NORMAL","NORMAL",872,"NORMAL","GX","SPECIAL_BRANCH","House rule: NORMAL can branch into same-species special state GX"
"snom",872,"NORMAL","NORMAL",872,"NORMAL","V","SPECIAL_BRANCH","House rule: NORMAL can branch into same-species special state V"
"snom",872,"NORMAL","NORMAL",872,"NORMAL","MEGA","SPECIAL_BRANCH","House rule: NORMAL can branch into same-species special state MEGA"
"snom",872,"NORMAL","NORMAL",873,"NORMAL","NORMAL","STANDARD","Standard evolution from species tree"
"snom",872,"NORMAL","V",872,"NORMAL","VMAX","SPECIAL_CHAIN","House rule: V can continue into same-species state VMAX"
"snom",872,"NORMAL","V",872,"NORMAL","VSTAR","SPECIAL_CHAIN","House rule: V can continue into same-species state VSTAR"
"snom",873,"NORMAL","NORMAL",873,"NORMAL","EX","SPECIAL_BRANCH","House rule: NORMAL can branch into same-species special state EX"
"snom",873,"NORMAL","NORMAL",873,"NORMAL","GX","SPECIAL_BRANCH","House rule: NORMAL can branch into same-species special state GX"
"snom",873,"NORMAL","NORMAL",873,"NORMAL","V","SPECIAL_BRANCH","House rule: NORMAL can branch into same-species special state V"
"snom",873,"NORMAL","NORMAL",873,"NORMAL","MEGA","SPECIAL_BRANCH","House rule: NORMAL can branch into same-species special state MEGA"
"snom",873,"NORMAL","V",873,"NORMAL","VMAX","SPECIAL_CHAIN","House rule: V can continue into same-species state VMAX"
"snom",873,"NORMAL","V",873,"NORMAL","VSTAR","SPECIAL_CHAIN","House rule: V can continue into same-species state VSTAR"
"snorunt",361,"NORMAL","NORMAL",361,"NORMAL","EX","SPECIAL_BRANCH","House rule: NORMAL can branch into same-species special state EX"
"snorunt",361,"NORMAL","NORMAL",361,"NORMAL","GX","SPECIAL_BRANCH","House rule: NORMAL can branch into same-species special state GX"
"snorunt",361,"NORMAL","NORMAL",361,"NORMAL","V","SPECIAL_BRANCH","House rule: NORMAL can branch into same-species special state V"
"snorunt",361,"NORMAL","NORMAL",361,"NORMAL","MEGA","SPECIAL_BRANCH","House rule: NORMAL can branch into same-species special state MEGA"
"snorunt",361,"NORMAL","NORMAL",362,"NORMAL","NORMAL","STANDARD","Standard evolution from species tree"
"snorunt",361,"NORMAL","NORMAL",478,"NORMAL","NORMAL","STANDARD","Standard evolution from species tree"
"snorunt",361,"NORMAL","V",361,"NORMAL","VMAX","SPECIAL_CHAIN","House rule: V can continue into same-species state VMAX"
"snorunt",361,"NORMAL","V",361,"NORMAL","VSTAR","SPECIAL_CHAIN","House rule: V can continue into same-species state VSTAR"
"snorunt",362,"NORMAL","NORMAL",362,"NORMAL","EX","SPECIAL_BRANCH","House rule: NORMAL can branch into same-species special state EX"
"snorunt",362,"NORMAL","NORMAL",362,"NORMAL","GX","SPECIAL_BRANCH","House rule: NORMAL can branch into same-species special state GX"
"snorunt",362,"NORMAL","NORMAL",362,"NORMAL","V","SPECIAL_BRANCH","House rule: NORMAL can branch into same-species special state V"
"snorunt",362,"NORMAL","NORMAL",362,"NORMAL","MEGA","SPECIAL_BRANCH","House rule: NORMAL can branch into same-species special state MEGA"
"snorunt",362,"NORMAL","V",362,"NORMAL","VMAX","SPECIAL_CHAIN","House rule: V can continue into same-species state VMAX"
"snorunt",362,"NORMAL","V",362,"NORMAL","VSTAR","SPECIAL_CHAIN","House rule: V can continue into same-species state VSTAR"
"snorunt",478,"NORMAL","NORMAL",478,"NORMAL","EX","SPECIAL_BRANCH","House rule: NORMAL can branch into same-species special state EX"
"snorunt",478,"NORMAL","NORMAL",478,"NORMAL","GX","SPECIAL_BRANCH","House rule: NORMAL can branch into same-species special state GX"
"snorunt",478,"NORMAL","NORMAL",478,"NORMAL","V","SPECIAL_BRANCH","House rule: NORMAL can branch into same-species special state V"
"snorunt",478,"NORMAL","NORMAL",478,"NORMAL","MEGA","SPECIAL_BRANCH","House rule: NORMAL can branch into same-species special state MEGA"
"snorunt",478,"NORMAL","V",478,"NORMAL","VMAX","SPECIAL_CHAIN","House rule: V can continue into same-species state VMAX"
"snorunt",478,"NORMAL","V",478,"NORMAL","VSTAR","SPECIAL_CHAIN","House rule: V can continue into same-species state VSTAR"
"snover",459,"NORMAL","NORMAL",459,"NORMAL","EX","SPECIAL_BRANCH","House rule: NORMAL can branch into same-species special state EX"
"snover",459,"NORMAL","NORMAL",459,"NORMAL","GX","SPECIAL_BRANCH","House rule: NORMAL can branch into same-species special state GX"
"snover",459,"NORMAL","NORMAL",459,"NORMAL","V","SPECIAL_BRANCH","House rule: NORMAL can branch into same-species special state V"
"snover",459,"NORMAL","NORMAL",459,"NORMAL","MEGA","SPECIAL_BRANCH","House rule: NORMAL can branch into same-species special state MEGA"
"snover",459,"NORMAL","NORMAL",460,"NORMAL","NORMAL","STANDARD","Standard evolution from species tree"
"snover",459,"NORMAL","V",459,"NORMAL","VMAX","SPECIAL_CHAIN","House rule: V can continue into same-species state VMAX"
"snover",459,"NORMAL","V",459,"NORMAL","VSTAR","SPECIAL_CHAIN","House rule: V can continue into same-species state VSTAR"
"snover",460,"NORMAL","NORMAL",460,"NORMAL","EX","SPECIAL_BRANCH","House rule: NORMAL can branch into same-species special state EX"
"snover",460,"NORMAL","NORMAL",460,"NORMAL","GX","SPECIAL_BRANCH","House rule: NORMAL can branch into same-species special state GX"
"snover",460,"NORMAL","NORMAL",460,"NORMAL","V","SPECIAL_BRANCH","House rule: NORMAL can branch into same-species special state V"
"snover",460,"NORMAL","NORMAL",460,"NORMAL","MEGA","SPECIAL_BRANCH","House rule: NORMAL can branch into same-species special state MEGA"
"snover",460,"NORMAL","V",460,"NORMAL","VMAX","SPECIAL_CHAIN","House rule: V can continue into same-species state VMAX"
"snover",460,"NORMAL","V",460,"NORMAL","VSTAR","SPECIAL_CHAIN","House rule: V can continue into same-species state VSTAR"
"snubbull",209,"NORMAL","NORMAL",209,"NORMAL","EX","SPECIAL_BRANCH","House rule: NORMAL can branch into same-species special state EX"
"snubbull",209,"NORMAL","NORMAL",209,"NORMAL","GX","SPECIAL_BRANCH","House rule: NORMAL can branch into same-species special state GX"
"snubbull",209,"NORMAL","NORMAL",209,"NORMAL","V","SPECIAL_BRANCH","House rule: NORMAL can branch into same-species special state V"
"snubbull",209,"NORMAL","NORMAL",209,"NORMAL","MEGA","SPECIAL_BRANCH","House rule: NORMAL can branch into same-species special state MEGA"
"snubbull",209,"NORMAL","NORMAL",210,"NORMAL","NORMAL","STANDARD","Standard evolution from species tree"
"snubbull",209,"NORMAL","V",209,"NORMAL","VMAX","SPECIAL_CHAIN","House rule: V can continue into same-species state VMAX"
"snubbull",209,"NORMAL","V",209,"NORMAL","VSTAR","SPECIAL_CHAIN","House rule: V can continue into same-species state VSTAR"
"snubbull",210,"NORMAL","NORMAL",210,"NORMAL","EX","SPECIAL_BRANCH","House rule: NORMAL can branch into same-species special state EX"
"snubbull",210,"NORMAL","NORMAL",210,"NORMAL","GX","SPECIAL_BRANCH","House rule: NORMAL can branch into same-species special state GX"
"snubbull",210,"NORMAL","NORMAL",210,"NORMAL","V","SPECIAL_BRANCH","House rule: NORMAL can branch into same-species special state V"
"snubbull",210,"NORMAL","NORMAL",210,"NORMAL","MEGA","SPECIAL_BRANCH","House rule: NORMAL can branch into same-species special state MEGA"
"snubbull",210,"NORMAL","V",210,"NORMAL","VMAX","SPECIAL_CHAIN","House rule: V can continue into same-species state VMAX"
"snubbull",210,"NORMAL","V",210,"NORMAL","VSTAR","SPECIAL_CHAIN","House rule: V can continue into same-species state VSTAR"
"sobble",816,"NORMAL","NORMAL",816,"NORMAL","EX","SPECIAL_BRANCH","House rule: NORMAL can branch into same-species special state EX"
"sobble",816,"NORMAL","NORMAL",816,"NORMAL","GX","SPECIAL_BRANCH","House rule: NORMAL can branch into same-species special state GX"
"sobble",816,"NORMAL","NORMAL",816,"NORMAL","V","SPECIAL_BRANCH","House rule: NORMAL can branch into same-species special state V"
"sobble",816,"NORMAL","NORMAL",816,"NORMAL","MEGA","SPECIAL_BRANCH","House rule: NORMAL can branch into same-species special state MEGA"
"sobble",816,"NORMAL","NORMAL",817,"NORMAL","NORMAL","STANDARD","Standard evolution from species tree"
"sobble",816,"NORMAL","V",816,"NORMAL","VMAX","SPECIAL_CHAIN","House rule: V can continue into same-species state VMAX"
"sobble",816,"NORMAL","V",816,"NORMAL","VSTAR","SPECIAL_CHAIN","House rule: V can continue into same-species state VSTAR"
"sobble",817,"NORMAL","NORMAL",817,"NORMAL","EX","SPECIAL_BRANCH","House rule: NORMAL can branch into same-species special state EX"
"sobble",817,"NORMAL","NORMAL",817,"NORMAL","GX","SPECIAL_BRANCH","House rule: NORMAL can branch into same-species special state GX"
"sobble",817,"NORMAL","NORMAL",817,"NORMAL","V","SPECIAL_BRANCH","House rule: NORMAL can branch into same-species special state V"
"sobble",817,"NORMAL","NORMAL",817,"NORMAL","MEGA","SPECIAL_BRANCH","House rule: NORMAL can branch into same-species special state MEGA"
"sobble",817,"NORMAL","NORMAL",818,"NORMAL","NORMAL","STANDARD","Standard evolution from species tree"
"sobble",817,"NORMAL","V",817,"NORMAL","VMAX","SPECIAL_CHAIN","House rule: V can continue into same-species state VMAX"
"sobble",817,"NORMAL","V",817,"NORMAL","VSTAR","SPECIAL_CHAIN","House rule: V can continue into same-species state VSTAR"
"sobble",818,"NORMAL","NORMAL",818,"NORMAL","EX","SPECIAL_BRANCH","House rule: NORMAL can branch into same-species special state EX"
"sobble",818,"NORMAL","NORMAL",818,"NORMAL","GX","SPECIAL_BRANCH","House rule: NORMAL can branch into same-species special state GX"
"sobble",818,"NORMAL","NORMAL",818,"NORMAL","V","SPECIAL_BRANCH","House rule: NORMAL can branch into same-species special state V"
"sobble",818,"NORMAL","NORMAL",818,"NORMAL","MEGA","SPECIAL_BRANCH","House rule: NORMAL can branch into same-species special state MEGA"
"sobble",818,"NORMAL","V",818,"NORMAL","VMAX","SPECIAL_CHAIN","House rule: V can continue into same-species state VMAX"
"sobble",818,"NORMAL","V",818,"NORMAL","VSTAR","SPECIAL_CHAIN","House rule: V can continue into same-species state VSTAR"
"solosis",577,"NORMAL","NORMAL",577,"NORMAL","EX","SPECIAL_BRANCH","House rule: NORMAL can branch into same-species special state EX"
"solosis",577,"NORMAL","NORMAL",577,"NORMAL","GX","SPECIAL_BRANCH","House rule: NORMAL can branch into same-species special state GX"
"solosis",577,"NORMAL","NORMAL",577,"NORMAL","V","SPECIAL_BRANCH","House rule: NORMAL can branch into same-species special state V"
"solosis",577,"NORMAL","NORMAL",577,"NORMAL","MEGA","SPECIAL_BRANCH","House rule: NORMAL can branch into same-species special state MEGA"
"solosis",577,"NORMAL","NORMAL",578,"NORMAL","NORMAL","STANDARD","Standard evolution from species tree"
"solosis",577,"NORMAL","V",577,"NORMAL","VMAX","SPECIAL_CHAIN","House rule: V can continue into same-species state VMAX"
"solosis",577,"NORMAL","V",577,"NORMAL","VSTAR","SPECIAL_CHAIN","House rule: V can continue into same-species state VSTAR"
"solosis",578,"NORMAL","NORMAL",578,"NORMAL","EX","SPECIAL_BRANCH","House rule: NORMAL can branch into same-species special state EX"
"solosis",578,"NORMAL","NORMAL",578,"NORMAL","GX","SPECIAL_BRANCH","House rule: NORMAL can branch into same-species special state GX"
"solosis",578,"NORMAL","NORMAL",578,"NORMAL","V","SPECIAL_BRANCH","House rule: NORMAL can branch into same-species special state V"
"solosis",578,"NORMAL","NORMAL",578,"NORMAL","MEGA","SPECIAL_BRANCH","House rule: NORMAL can branch into same-species special state MEGA"
"solosis",578,"NORMAL","NORMAL",579,"NORMAL","NORMAL","STANDARD","Standard evolution from species tree"
"solosis",578,"NORMAL","V",578,"NORMAL","VMAX","SPECIAL_CHAIN","House rule: V can continue into same-species state VMAX"
"solosis",578,"NORMAL","V",578,"NORMAL","VSTAR","SPECIAL_CHAIN","House rule: V can continue into same-species state VSTAR"
"solosis",579,"NORMAL","NORMAL",579,"NORMAL","EX","SPECIAL_BRANCH","House rule: NORMAL can branch into same-species special state EX"
"solosis",579,"NORMAL","NORMAL",579,"NORMAL","GX","SPECIAL_BRANCH","House rule: NORMAL can branch into same-species special state GX"
"solosis",579,"NORMAL","NORMAL",579,"NORMAL","V","SPECIAL_BRANCH","House rule: NORMAL can branch into same-species special state V"
"solosis",579,"NORMAL","NORMAL",579,"NORMAL","MEGA","SPECIAL_BRANCH","House rule: NORMAL can branch into same-species special state MEGA"
"solosis",579,"NORMAL","V",579,"NORMAL","VMAX","SPECIAL_CHAIN","House rule: V can continue into same-species state VMAX"
"solosis",579,"NORMAL","V",579,"NORMAL","VSTAR","SPECIAL_CHAIN","House rule: V can continue into same-species state VSTAR"
"solrock",338,"NORMAL","NORMAL",338,"NORMAL","EX","SPECIAL_BRANCH","House rule: NORMAL can branch into same-species special state EX"
"solrock",338,"NORMAL","NORMAL",338,"NORMAL","GX","SPECIAL_BRANCH","House rule: NORMAL can branch into same-species special state GX"
"solrock",338,"NORMAL","NORMAL",338,"NORMAL","V","SPECIAL_BRANCH","House rule: NORMAL can branch into same-species special state V"
"solrock",338,"NORMAL","NORMAL",338,"NORMAL","MEGA","SPECIAL_BRANCH","House rule: NORMAL can branch into same-species special state MEGA"
"solrock",338,"NORMAL","V",338,"NORMAL","VMAX","SPECIAL_CHAIN","House rule: V can continue into same-species state VMAX"
"solrock",338,"NORMAL","V",338,"NORMAL","VSTAR","SPECIAL_CHAIN","House rule: V can continue into same-species state VSTAR"
"spearow",21,"NORMAL","NORMAL",21,"NORMAL","EX","SPECIAL_BRANCH","House rule: NORMAL can branch into same-species special state EX"
"spearow",21,"NORMAL","NORMAL",21,"NORMAL","GX","SPECIAL_BRANCH","House rule: NORMAL can branch into same-species special state GX"
"spearow",21,"NORMAL","NORMAL",21,"NORMAL","V","SPECIAL_BRANCH","House rule: NORMAL can branch into same-species special state V"
"spearow",21,"NORMAL","NORMAL",21,"NORMAL","MEGA","SPECIAL_BRANCH","House rule: NORMAL can branch into same-species special state MEGA"
"spearow",21,"NORMAL","NORMAL",22,"NORMAL","NORMAL","STANDARD","Standard evolution from species tree"
"spearow",21,"NORMAL","V",21,"NORMAL","VMAX","SPECIAL_CHAIN","House rule: V can continue into same-species state VMAX"
"spearow",21,"NORMAL","V",21,"NORMAL","VSTAR","SPECIAL_CHAIN","House rule: V can continue into same-species state VSTAR"
"spearow",22,"NORMAL","NORMAL",22,"NORMAL","EX","SPECIAL_BRANCH","House rule: NORMAL can branch into same-species special state EX"
"spearow",22,"NORMAL","NORMAL",22,"NORMAL","GX","SPECIAL_BRANCH","House rule: NORMAL can branch into same-species special state GX"
"spearow",22,"NORMAL","NORMAL",22,"NORMAL","V","SPECIAL_BRANCH","House rule: NORMAL can branch into same-species special state V"
"spearow",22,"NORMAL","NORMAL",22,"NORMAL","MEGA","SPECIAL_BRANCH","House rule: NORMAL can branch into same-species special state MEGA"
"spearow",22,"NORMAL","V",22,"NORMAL","VMAX","SPECIAL_CHAIN","House rule: V can continue into same-species state VMAX"
"spearow",22,"NORMAL","V",22,"NORMAL","VSTAR","SPECIAL_CHAIN","House rule: V can continue into same-species state VSTAR"
"spectrier",897,"NORMAL","NORMAL",897,"NORMAL","EX","SPECIAL_BRANCH","House rule: NORMAL can branch into same-species special state EX"
"spectrier",897,"NORMAL","NORMAL",897,"NORMAL","GX","SPECIAL_BRANCH","House rule: NORMAL can branch into same-species special state GX"
"spectrier",897,"NORMAL","NORMAL",897,"NORMAL","V","SPECIAL_BRANCH","House rule: NORMAL can branch into same-species special state V"
"spectrier",897,"NORMAL","NORMAL",897,"NORMAL","MEGA","SPECIAL_BRANCH","House rule: NORMAL can branch into same-species special state MEGA"
"spectrier",897,"NORMAL","V",897,"NORMAL","VMAX","SPECIAL_CHAIN","House rule: V can continue into same-species state VMAX"
"spectrier",897,"NORMAL","V",897,"NORMAL","VSTAR","SPECIAL_CHAIN","House rule: V can continue into same-species state VSTAR"
"spheal",363,"NORMAL","NORMAL",363,"NORMAL","EX","SPECIAL_BRANCH","House rule: NORMAL can branch into same-species special state EX"
"spheal",363,"NORMAL","NORMAL",363,"NORMAL","GX","SPECIAL_BRANCH","House rule: NORMAL can branch into same-species special state GX"
"spheal",363,"NORMAL","NORMAL",363,"NORMAL","V","SPECIAL_BRANCH","House rule: NORMAL can branch into same-species special state V"
"spheal",363,"NORMAL","NORMAL",363,"NORMAL","MEGA","SPECIAL_BRANCH","House rule: NORMAL can branch into same-species special state MEGA"
"spheal",363,"NORMAL","NORMAL",364,"NORMAL","NORMAL","STANDARD","Standard evolution from species tree"
"spheal",363,"NORMAL","V",363,"NORMAL","VMAX","SPECIAL_CHAIN","House rule: V can continue into same-species state VMAX"
"spheal",363,"NORMAL","V",363,"NORMAL","VSTAR","SPECIAL_CHAIN","House rule: V can continue into same-species state VSTAR"
"spheal",364,"NORMAL","NORMAL",364,"NORMAL","EX","SPECIAL_BRANCH","House rule: NORMAL can branch into same-species special state EX"
"spheal",364,"NORMAL","NORMAL",364,"NORMAL","GX","SPECIAL_BRANCH","House rule: NORMAL can branch into same-species special state GX"
"spheal",364,"NORMAL","NORMAL",364,"NORMAL","V","SPECIAL_BRANCH","House rule: NORMAL can branch into same-species special state V"
"spheal",364,"NORMAL","NORMAL",364,"NORMAL","MEGA","SPECIAL_BRANCH","House rule: NORMAL can branch into same-species special state MEGA"
"spheal",364,"NORMAL","NORMAL",365,"NORMAL","NORMAL","STANDARD","Standard evolution from species tree"
"spheal",364,"NORMAL","V",364,"NORMAL","VMAX","SPECIAL_CHAIN","House rule: V can continue into same-species state VMAX"
"spheal",364,"NORMAL","V",364,"NORMAL","VSTAR","SPECIAL_CHAIN","House rule: V can continue into same-species state VSTAR"
"spheal",365,"NORMAL","NORMAL",365,"NORMAL","EX","SPECIAL_BRANCH","House rule: NORMAL can branch into same-species special state EX"
"spheal",365,"NORMAL","NORMAL",365,"NORMAL","GX","SPECIAL_BRANCH","House rule: NORMAL can branch into same-species special state GX"
"spheal",365,"NORMAL","NORMAL",365,"NORMAL","V","SPECIAL_BRANCH","House rule: NORMAL can branch into same-species special state V"
"spheal",365,"NORMAL","NORMAL",365,"NORMAL","MEGA","SPECIAL_BRANCH","House rule: NORMAL can branch into same-species special state MEGA"
"spheal",365,"NORMAL","V",365,"NORMAL","VMAX","SPECIAL_CHAIN","House rule: V can continue into same-species state VMAX"
"spheal",365,"NORMAL","V",365,"NORMAL","VSTAR","SPECIAL_CHAIN","House rule: V can continue into same-species state VSTAR"
"spinarak",167,"NORMAL","NORMAL",167,"NORMAL","EX","SPECIAL_BRANCH","House rule: NORMAL can branch into same-species special state EX"
"spinarak",167,"NORMAL","NORMAL",167,"NORMAL","GX","SPECIAL_BRANCH","House rule: NORMAL can branch into same-species special state GX"
"spinarak",167,"NORMAL","NORMAL",167,"NORMAL","V","SPECIAL_BRANCH","House rule: NORMAL can branch into same-species special state V"
"spinarak",167,"NORMAL","NORMAL",167,"NORMAL","MEGA","SPECIAL_BRANCH","House rule: NORMAL can branch into same-species special state MEGA"
"spinarak",167,"NORMAL","NORMAL",168,"NORMAL","NORMAL","STANDARD","Standard evolution from species tree"
"spinarak",167,"NORMAL","V",167,"NORMAL","VMAX","SPECIAL_CHAIN","House rule: V can continue into same-species state VMAX"
"spinarak",167,"NORMAL","V",167,"NORMAL","VSTAR","SPECIAL_CHAIN","House rule: V can continue into same-species state VSTAR"
"spinarak",168,"NORMAL","NORMAL",168,"NORMAL","EX","SPECIAL_BRANCH","House rule: NORMAL can branch into same-species special state EX"
"spinarak",168,"NORMAL","NORMAL",168,"NORMAL","GX","SPECIAL_BRANCH","House rule: NORMAL can branch into same-species special state GX"
"spinarak",168,"NORMAL","NORMAL",168,"NORMAL","V","SPECIAL_BRANCH","House rule: NORMAL can branch into same-species special state V"
"spinarak",168,"NORMAL","NORMAL",168,"NORMAL","MEGA","SPECIAL_BRANCH","House rule: NORMAL can branch into same-species special state MEGA"
"spinarak",168,"NORMAL","V",168,"NORMAL","VMAX","SPECIAL_CHAIN","House rule: V can continue into same-species state VMAX"
"spinarak",168,"NORMAL","V",168,"NORMAL","VSTAR","SPECIAL_CHAIN","House rule: V can continue into same-species state VSTAR"
"spinda",327,"NORMAL","NORMAL",327,"NORMAL","EX","SPECIAL_BRANCH","House rule: NORMAL can branch into same-species special state EX"
"spinda",327,"NORMAL","NORMAL",327,"NORMAL","GX","SPECIAL_BRANCH","House rule: NORMAL can branch into same-species special state GX"
"spinda",327,"NORMAL","NORMAL",327,"NORMAL","V","SPECIAL_BRANCH","House rule: NORMAL can branch into same-species special state V"
"spinda",327,"NORMAL","NORMAL",327,"NORMAL","MEGA","SPECIAL_BRANCH","House rule: NORMAL can branch into same-species special state MEGA"
"spinda",327,"NORMAL","V",327,"NORMAL","VMAX","SPECIAL_CHAIN","House rule: V can continue into same-species state VMAX"
"spinda",327,"NORMAL","V",327,"NORMAL","VSTAR","SPECIAL_CHAIN","House rule: V can continue into same-species state VSTAR"
"spiritomb",442,"NORMAL","NORMAL",442,"NORMAL","EX","SPECIAL_BRANCH","House rule: NORMAL can branch into same-species special state EX"
"spiritomb",442,"NORMAL","NORMAL",442,"NORMAL","GX","SPECIAL_BRANCH","House rule: NORMAL can branch into same-species special state GX"
"spiritomb",442,"NORMAL","NORMAL",442,"NORMAL","V","SPECIAL_BRANCH","House rule: NORMAL can branch into same-species special state V"
"spiritomb",442,"NORMAL","NORMAL",442,"NORMAL","MEGA","SPECIAL_BRANCH","House rule: NORMAL can branch into same-species special state MEGA"
"spiritomb",442,"NORMAL","V",442,"NORMAL","VMAX","SPECIAL_CHAIN","House rule: V can continue into same-species state VMAX"
"spiritomb",442,"NORMAL","V",442,"NORMAL","VSTAR","SPECIAL_CHAIN","House rule: V can continue into same-species state VSTAR"
"spoink",325,"NORMAL","NORMAL",325,"NORMAL","EX","SPECIAL_BRANCH","House rule: NORMAL can branch into same-species special state EX"
"spoink",325,"NORMAL","NORMAL",325,"NORMAL","GX","SPECIAL_BRANCH","House rule: NORMAL can branch into same-species special state GX"
"spoink",325,"NORMAL","NORMAL",325,"NORMAL","V","SPECIAL_BRANCH","House rule: NORMAL can branch into same-species special state V"
"spoink",325,"NORMAL","NORMAL",325,"NORMAL","MEGA","SPECIAL_BRANCH","House rule: NORMAL can branch into same-species special state MEGA"
"spoink",325,"NORMAL","NORMAL",326,"NORMAL","NORMAL","STANDARD","Standard evolution from species tree"
"spoink",325,"NORMAL","V",325,"NORMAL","VMAX","SPECIAL_CHAIN","House rule: V can continue into same-species state VMAX"
"spoink",325,"NORMAL","V",325,"NORMAL","VSTAR","SPECIAL_CHAIN","House rule: V can continue into same-species state VSTAR"
"spoink",326,"NORMAL","NORMAL",326,"NORMAL","EX","SPECIAL_BRANCH","House rule: NORMAL can branch into same-species special state EX"
"spoink",326,"NORMAL","NORMAL",326,"NORMAL","GX","SPECIAL_BRANCH","House rule: NORMAL can branch into same-species special state GX"
"spoink",326,"NORMAL","NORMAL",326,"NORMAL","V","SPECIAL_BRANCH","House rule: NORMAL can branch into same-species special state V"
"spoink",326,"NORMAL","NORMAL",326,"NORMAL","MEGA","SPECIAL_BRANCH","House rule: NORMAL can branch into same-species special state MEGA"
"spoink",326,"NORMAL","V",326,"NORMAL","VMAX","SPECIAL_CHAIN","House rule: V can continue into same-species state VMAX"
"spoink",326,"NORMAL","V",326,"NORMAL","VSTAR","SPECIAL_CHAIN","House rule: V can continue into same-species state VSTAR"
"sprigatito",906,"NORMAL","NORMAL",906,"NORMAL","EX","SPECIAL_BRANCH","House rule: NORMAL can branch into same-species special state EX"
"sprigatito",906,"NORMAL","NORMAL",906,"NORMAL","GX","SPECIAL_BRANCH","House rule: NORMAL can branch into same-species special state GX"
"sprigatito",906,"NORMAL","NORMAL",906,"NORMAL","V","SPECIAL_BRANCH","House rule: NORMAL can branch into same-species special state V"
"sprigatito",906,"NORMAL","NORMAL",906,"NORMAL","MEGA","SPECIAL_BRANCH","House rule: NORMAL can branch into same-species special state MEGA"
"sprigatito",906,"NORMAL","NORMAL",907,"NORMAL","NORMAL","STANDARD","Standard evolution from species tree"
"sprigatito",906,"NORMAL","V",906,"NORMAL","VMAX","SPECIAL_CHAIN","House rule: V can continue into same-species state VMAX"
"sprigatito",906,"NORMAL","V",906,"NORMAL","VSTAR","SPECIAL_CHAIN","House rule: V can continue into same-species state VSTAR"
"sprigatito",907,"NORMAL","NORMAL",907,"NORMAL","EX","SPECIAL_BRANCH","House rule: NORMAL can branch into same-species special state EX"
"sprigatito",907,"NORMAL","NORMAL",907,"NORMAL","GX","SPECIAL_BRANCH","House rule: NORMAL can branch into same-species special state GX"
"sprigatito",907,"NORMAL","NORMAL",907,"NORMAL","V","SPECIAL_BRANCH","House rule: NORMAL can branch into same-species special state V"
"sprigatito",907,"NORMAL","NORMAL",907,"NORMAL","MEGA","SPECIAL_BRANCH","House rule: NORMAL can branch into same-species special state MEGA"
"sprigatito",907,"NORMAL","NORMAL",908,"NORMAL","NORMAL","STANDARD","Standard evolution from species tree"
"sprigatito",907,"NORMAL","V",907,"NORMAL","VMAX","SPECIAL_CHAIN","House rule: V can continue into same-species state VMAX"
"sprigatito",907,"NORMAL","V",907,"NORMAL","VSTAR","SPECIAL_CHAIN","House rule: V can continue into same-species state VSTAR"
"sprigatito",908,"NORMAL","NORMAL",908,"NORMAL","EX","SPECIAL_BRANCH","House rule: NORMAL can branch into same-species special state EX"
"sprigatito",908,"NORMAL","NORMAL",908,"NORMAL","GX","SPECIAL_BRANCH","House rule: NORMAL can branch into same-species special state GX"
"sprigatito",908,"NORMAL","NORMAL",908,"NORMAL","V","SPECIAL_BRANCH","House rule: NORMAL can branch into same-species special state V"
"sprigatito",908,"NORMAL","NORMAL",908,"NORMAL","MEGA","SPECIAL_BRANCH","House rule: NORMAL can branch into same-species special state MEGA"
"sprigatito",908,"NORMAL","V",908,"NORMAL","VMAX","SPECIAL_CHAIN","House rule: V can continue into same-species state VMAX"
"sprigatito",908,"NORMAL","V",908,"NORMAL","VSTAR","SPECIAL_CHAIN","House rule: V can continue into same-species state VSTAR"
"spritzee",682,"NORMAL","NORMAL",682,"NORMAL","EX","SPECIAL_BRANCH","House rule: NORMAL can branch into same-species special state EX"
"spritzee",682,"NORMAL","NORMAL",682,"NORMAL","GX","SPECIAL_BRANCH","House rule: NORMAL can branch into same-species special state GX"
"spritzee",682,"NORMAL","NORMAL",682,"NORMAL","V","SPECIAL_BRANCH","House rule: NORMAL can branch into same-species special state V"
"spritzee",682,"NORMAL","NORMAL",682,"NORMAL","MEGA","SPECIAL_BRANCH","House rule: NORMAL can branch into same-species special state MEGA"
"spritzee",682,"NORMAL","NORMAL",683,"NORMAL","NORMAL","STANDARD","Standard evolution from species tree"
"spritzee",682,"NORMAL","V",682,"NORMAL","VMAX","SPECIAL_CHAIN","House rule: V can continue into same-species state VMAX"
"spritzee",682,"NORMAL","V",682,"NORMAL","VSTAR","SPECIAL_CHAIN","House rule: V can continue into same-species state VSTAR"
"spritzee",683,"NORMAL","NORMAL",683,"NORMAL","EX","SPECIAL_BRANCH","House rule: NORMAL can branch into same-species special state EX"
"spritzee",683,"NORMAL","NORMAL",683,"NORMAL","GX","SPECIAL_BRANCH","House rule: NORMAL can branch into same-species special state GX"
"spritzee",683,"NORMAL","NORMAL",683,"NORMAL","V","SPECIAL_BRANCH","House rule: NORMAL can branch into same-species special state V"
"spritzee",683,"NORMAL","NORMAL",683,"NORMAL","MEGA","SPECIAL_BRANCH","House rule: NORMAL can branch into same-species special state MEGA"
"spritzee",683,"NORMAL","V",683,"NORMAL","VMAX","SPECIAL_CHAIN","House rule: V can continue into same-species state VMAX"
"spritzee",683,"NORMAL","V",683,"NORMAL","VSTAR","SPECIAL_CHAIN","House rule: V can continue into same-species state VSTAR"
"squawkabilly",931,"NORMAL","NORMAL",931,"NORMAL","EX","SPECIAL_BRANCH","House rule: NORMAL can branch into same-species special state EX"
"squawkabilly",931,"NORMAL","NORMAL",931,"NORMAL","GX","SPECIAL_BRANCH","House rule: NORMAL can branch into same-species special state GX"
"squawkabilly",931,"NORMAL","NORMAL",931,"NORMAL","V","SPECIAL_BRANCH","House rule: NORMAL can branch into same-species special state V"
"squawkabilly",931,"NORMAL","NORMAL",931,"NORMAL","MEGA","SPECIAL_BRANCH","House rule: NORMAL can branch into same-species special state MEGA"
"squawkabilly",931,"NORMAL","V",931,"NORMAL","VMAX","SPECIAL_CHAIN","House rule: V can continue into same-species state VMAX"
"squawkabilly",931,"NORMAL","V",931,"NORMAL","VSTAR","SPECIAL_CHAIN","House rule: V can continue into same-species state VSTAR"
"squirtle",7,"NORMAL","NORMAL",7,"NORMAL","EX","SPECIAL_BRANCH","House rule: NORMAL can branch into same-species special state EX"
"squirtle",7,"NORMAL","NORMAL",7,"NORMAL","GX","SPECIAL_BRANCH","House rule: NORMAL can branch into same-species special state GX"
"squirtle",7,"NORMAL","NORMAL",7,"NORMAL","V","SPECIAL_BRANCH","House rule: NORMAL can branch into same-species special state V"
"squirtle",7,"NORMAL","NORMAL",7,"NORMAL","MEGA","SPECIAL_BRANCH","House rule: NORMAL can branch into same-species special state MEGA"
"squirtle",7,"NORMAL","NORMAL",8,"NORMAL","NORMAL","STANDARD","Standard evolution from species tree"
"squirtle",7,"NORMAL","V",7,"NORMAL","VMAX","SPECIAL_CHAIN","House rule: V can continue into same-species state VMAX"
"squirtle",7,"NORMAL","V",7,"NORMAL","VSTAR","SPECIAL_CHAIN","House rule: V can continue into same-species state VSTAR"
"squirtle",8,"NORMAL","NORMAL",8,"NORMAL","EX","SPECIAL_BRANCH","House rule: NORMAL can branch into same-species special state EX"
"squirtle",8,"NORMAL","NORMAL",8,"NORMAL","GX","SPECIAL_BRANCH","House rule: NORMAL can branch into same-species special state GX"
"squirtle",8,"NORMAL","NORMAL",8,"NORMAL","V","SPECIAL_BRANCH","House rule: NORMAL can branch into same-species special state V"
"squirtle",8,"NORMAL","NORMAL",8,"NORMAL","MEGA","SPECIAL_BRANCH","House rule: NORMAL can branch into same-species special state MEGA"
"squirtle",8,"NORMAL","NORMAL",9,"NORMAL","NORMAL","STANDARD","Standard evolution from species tree"
"squirtle",8,"NORMAL","V",8,"NORMAL","VMAX","SPECIAL_CHAIN","House rule: V can continue into same-species state VMAX"
"squirtle",8,"NORMAL","V",8,"NORMAL","VSTAR","SPECIAL_CHAIN","House rule: V can continue into same-species state VSTAR"
"squirtle",9,"NORMAL","NORMAL",9,"NORMAL","EX","SPECIAL_BRANCH","House rule: NORMAL can branch into same-species special state EX"
"squirtle",9,"NORMAL","NORMAL",9,"NORMAL","GX","SPECIAL_BRANCH","House rule: NORMAL can branch into same-species special state GX"
"squirtle",9,"NORMAL","NORMAL",9,"NORMAL","V","SPECIAL_BRANCH","House rule: NORMAL can branch into same-species special state V"
"squirtle",9,"NORMAL","NORMAL",9,"NORMAL","MEGA","SPECIAL_BRANCH","House rule: NORMAL can branch into same-species special state MEGA"
"squirtle",9,"NORMAL","V",9,"NORMAL","VMAX","SPECIAL_CHAIN","House rule: V can continue into same-species state VMAX"
"squirtle",9,"NORMAL","V",9,"NORMAL","VSTAR","SPECIAL_CHAIN","House rule: V can continue into same-species state VSTAR"
"stakataka",805,"NORMAL","NORMAL",805,"NORMAL","EX","SPECIAL_BRANCH","House rule: NORMAL can branch into same-species special state EX"
"stakataka",805,"NORMAL","NORMAL",805,"NORMAL","GX","SPECIAL_BRANCH","House rule: NORMAL can branch into same-species special state GX"
"stakataka",805,"NORMAL","NORMAL",805,"NORMAL","V","SPECIAL_BRANCH","House rule: NORMAL can branch into same-species special state V"
"stakataka",805,"NORMAL","NORMAL",805,"NORMAL","MEGA","SPECIAL_BRANCH","House rule: NORMAL can branch into same-species special state MEGA"
"stakataka",805,"NORMAL","V",805,"NORMAL","VMAX","SPECIAL_CHAIN","House rule: V can continue into same-species state VMAX"
"stakataka",805,"NORMAL","V",805,"NORMAL","VSTAR","SPECIAL_CHAIN","House rule: V can continue into same-species state VSTAR"
"stantler",234,"NORMAL","NORMAL",234,"NORMAL","EX","SPECIAL_BRANCH","House rule: NORMAL can branch into same-species special state EX"
"stantler",234,"NORMAL","NORMAL",234,"NORMAL","GX","SPECIAL_BRANCH","House rule: NORMAL can branch into same-species special state GX"
"stantler",234,"NORMAL","NORMAL",234,"NORMAL","V","SPECIAL_BRANCH","House rule: NORMAL can branch into same-species special state V"
"stantler",234,"NORMAL","NORMAL",234,"NORMAL","MEGA","SPECIAL_BRANCH","House rule: NORMAL can branch into same-species special state MEGA"
"stantler",234,"NORMAL","NORMAL",899,"NORMAL","NORMAL","STANDARD","Standard evolution from species tree"
"stantler",234,"NORMAL","V",234,"NORMAL","VMAX","SPECIAL_CHAIN","House rule: V can continue into same-species state VMAX"
"stantler",234,"NORMAL","V",234,"NORMAL","VSTAR","SPECIAL_CHAIN","House rule: V can continue into same-species state VSTAR"
"stantler",899,"NORMAL","NORMAL",899,"NORMAL","EX","SPECIAL_BRANCH","House rule: NORMAL can branch into same-species special state EX"
"stantler",899,"NORMAL","NORMAL",899,"NORMAL","GX","SPECIAL_BRANCH","House rule: NORMAL can branch into same-species special state GX"
"stantler",899,"NORMAL","NORMAL",899,"NORMAL","V","SPECIAL_BRANCH","House rule: NORMAL can branch into same-species special state V"
"stantler",899,"NORMAL","NORMAL",899,"NORMAL","MEGA","SPECIAL_BRANCH","House rule: NORMAL can branch into same-species special state MEGA"
"stantler",899,"NORMAL","V",899,"NORMAL","VMAX","SPECIAL_CHAIN","House rule: V can continue into same-species state VMAX"
"stantler",899,"NORMAL","V",899,"NORMAL","VSTAR","SPECIAL_CHAIN","House rule: V can continue into same-species state VSTAR"
"starly",396,"NORMAL","NORMAL",396,"NORMAL","EX","SPECIAL_BRANCH","House rule: NORMAL can branch into same-species special state EX"
"starly",396,"NORMAL","NORMAL",396,"NORMAL","GX","SPECIAL_BRANCH","House rule: NORMAL can branch into same-species special state GX"
"starly",396,"NORMAL","NORMAL",396,"NORMAL","V","SPECIAL_BRANCH","House rule: NORMAL can branch into same-species special state V"
"starly",396,"NORMAL","NORMAL",396,"NORMAL","MEGA","SPECIAL_BRANCH","House rule: NORMAL can branch into same-species special state MEGA"
"starly",396,"NORMAL","NORMAL",397,"NORMAL","NORMAL","STANDARD","Standard evolution from species tree"
"starly",396,"NORMAL","V",396,"NORMAL","VMAX","SPECIAL_CHAIN","House rule: V can continue into same-species state VMAX"
"starly",396,"NORMAL","V",396,"NORMAL","VSTAR","SPECIAL_CHAIN","House rule: V can continue into same-species state VSTAR"
"starly",397,"NORMAL","NORMAL",397,"NORMAL","EX","SPECIAL_BRANCH","House rule: NORMAL can branch into same-species special state EX"
"starly",397,"NORMAL","NORMAL",397,"NORMAL","GX","SPECIAL_BRANCH","House rule: NORMAL can branch into same-species special state GX"
"starly",397,"NORMAL","NORMAL",397,"NORMAL","V","SPECIAL_BRANCH","House rule: NORMAL can branch into same-species special state V"
"starly",397,"NORMAL","NORMAL",397,"NORMAL","MEGA","SPECIAL_BRANCH","House rule: NORMAL can branch into same-species special state MEGA"
"starly",397,"NORMAL","NORMAL",398,"NORMAL","NORMAL","STANDARD","Standard evolution from species tree"
"starly",397,"NORMAL","V",397,"NORMAL","VMAX","SPECIAL_CHAIN","House rule: V can continue into same-species state VMAX"
"starly",397,"NORMAL","V",397,"NORMAL","VSTAR","SPECIAL_CHAIN","House rule: V can continue into same-species state VSTAR"
"starly",398,"NORMAL","NORMAL",398,"NORMAL","EX","SPECIAL_BRANCH","House rule: NORMAL can branch into same-species special state EX"
"starly",398,"NORMAL","NORMAL",398,"NORMAL","GX","SPECIAL_BRANCH","House rule: NORMAL can branch into same-species special state GX"
"starly",398,"NORMAL","NORMAL",398,"NORMAL","V","SPECIAL_BRANCH","House rule: NORMAL can branch into same-species special state V"
"starly",398,"NORMAL","NORMAL",398,"NORMAL","MEGA","SPECIAL_BRANCH","House rule: NORMAL can branch into same-species special state MEGA"
"starly",398,"NORMAL","V",398,"NORMAL","VMAX","SPECIAL_CHAIN","House rule: V can continue into same-species state VMAX"
"starly",398,"NORMAL","V",398,"NORMAL","VSTAR","SPECIAL_CHAIN","House rule: V can continue into same-species state VSTAR"
"staryu",120,"NORMAL","NORMAL",120,"NORMAL","EX","SPECIAL_BRANCH","House rule: NORMAL can branch into same-species special state EX"
"staryu",120,"NORMAL","NORMAL",120,"NORMAL","GX","SPECIAL_BRANCH","House rule: NORMAL can branch into same-species special state GX"
"staryu",120,"NORMAL","NORMAL",120,"NORMAL","V","SPECIAL_BRANCH","House rule: NORMAL can branch into same-species special state V"
"staryu",120,"NORMAL","NORMAL",120,"NORMAL","MEGA","SPECIAL_BRANCH","House rule: NORMAL can branch into same-species special state MEGA"
"staryu",120,"NORMAL","NORMAL",121,"NORMAL","NORMAL","STANDARD","Standard evolution from species tree"
"staryu",120,"NORMAL","V",120,"NORMAL","VMAX","SPECIAL_CHAIN","House rule: V can continue into same-species state VMAX"
"staryu",120,"NORMAL","V",120,"NORMAL","VSTAR","SPECIAL_CHAIN","House rule: V can continue into same-species state VSTAR"
"staryu",121,"NORMAL","NORMAL",121,"NORMAL","EX","SPECIAL_BRANCH","House rule: NORMAL can branch into same-species special state EX"
"staryu",121,"NORMAL","NORMAL",121,"NORMAL","GX","SPECIAL_BRANCH","House rule: NORMAL can branch into same-species special state GX"
"staryu",121,"NORMAL","NORMAL",121,"NORMAL","V","SPECIAL_BRANCH","House rule: NORMAL can branch into same-species special state V"
"staryu",121,"NORMAL","NORMAL",121,"NORMAL","MEGA","SPECIAL_BRANCH","House rule: NORMAL can branch into same-species special state MEGA"
"staryu",121,"NORMAL","V",121,"NORMAL","VMAX","SPECIAL_CHAIN","House rule: V can continue into same-species state VMAX"
"staryu",121,"NORMAL","V",121,"NORMAL","VSTAR","SPECIAL_CHAIN","House rule: V can continue into same-species state VSTAR"
"stonjourner",874,"NORMAL","NORMAL",874,"NORMAL","EX","SPECIAL_BRANCH","House rule: NORMAL can branch into same-species special state EX"
"stonjourner",874,"NORMAL","NORMAL",874,"NORMAL","GX","SPECIAL_BRANCH","House rule: NORMAL can branch into same-species special state GX"
"stonjourner",874,"NORMAL","NORMAL",874,"NORMAL","V","SPECIAL_BRANCH","House rule: NORMAL can branch into same-species special state V"
"stonjourner",874,"NORMAL","NORMAL",874,"NORMAL","MEGA","SPECIAL_BRANCH","House rule: NORMAL can branch into same-species special state MEGA"
"stonjourner",874,"NORMAL","V",874,"NORMAL","VMAX","SPECIAL_CHAIN","House rule: V can continue into same-species state VMAX"
"stonjourner",874,"NORMAL","V",874,"NORMAL","VSTAR","SPECIAL_CHAIN","House rule: V can continue into same-species state VSTAR"
"stufful",759,"NORMAL","NORMAL",759,"NORMAL","EX","SPECIAL_BRANCH","House rule: NORMAL can branch into same-species special state EX"
"stufful",759,"NORMAL","NORMAL",759,"NORMAL","GX","SPECIAL_BRANCH","House rule: NORMAL can branch into same-species special state GX"
"stufful",759,"NORMAL","NORMAL",759,"NORMAL","V","SPECIAL_BRANCH","House rule: NORMAL can branch into same-species special state V"
"stufful",759,"NORMAL","NORMAL",759,"NORMAL","MEGA","SPECIAL_BRANCH","House rule: NORMAL can branch into same-species special state MEGA"
"stufful",759,"NORMAL","NORMAL",760,"NORMAL","NORMAL","STANDARD","Standard evolution from species tree"
"stufful",759,"NORMAL","V",759,"NORMAL","VMAX","SPECIAL_CHAIN","House rule: V can continue into same-species state VMAX"
"stufful",759,"NORMAL","V",759,"NORMAL","VSTAR","SPECIAL_CHAIN","House rule: V can continue into same-species state VSTAR"
"stufful",760,"NORMAL","NORMAL",760,"NORMAL","EX","SPECIAL_BRANCH","House rule: NORMAL can branch into same-species special state EX"
"stufful",760,"NORMAL","NORMAL",760,"NORMAL","GX","SPECIAL_BRANCH","House rule: NORMAL can branch into same-species special state GX"
"stufful",760,"NORMAL","NORMAL",760,"NORMAL","V","SPECIAL_BRANCH","House rule: NORMAL can branch into same-species special state V"
"stufful",760,"NORMAL","NORMAL",760,"NORMAL","MEGA","SPECIAL_BRANCH","House rule: NORMAL can branch into same-species special state MEGA"
"stufful",760,"NORMAL","V",760,"NORMAL","VMAX","SPECIAL_CHAIN","House rule: V can continue into same-species state VMAX"
"stufful",760,"NORMAL","V",760,"NORMAL","VSTAR","SPECIAL_CHAIN","House rule: V can continue into same-species state VSTAR"
"stunfisk",618,"NORMAL","NORMAL",618,"NORMAL","EX","SPECIAL_BRANCH","House rule: NORMAL can branch into same-species special state EX"
"stunfisk",618,"NORMAL","NORMAL",618,"NORMAL","GX","SPECIAL_BRANCH","House rule: NORMAL can branch into same-species special state GX"
"stunfisk",618,"NORMAL","NORMAL",618,"NORMAL","V","SPECIAL_BRANCH","House rule: NORMAL can branch into same-species special state V"
"stunfisk",618,"NORMAL","NORMAL",618,"NORMAL","MEGA","SPECIAL_BRANCH","House rule: NORMAL can branch into same-species special state MEGA"
"stunfisk",618,"NORMAL","V",618,"NORMAL","VMAX","SPECIAL_CHAIN","House rule: V can continue into same-species state VMAX"
"stunfisk",618,"NORMAL","V",618,"NORMAL","VSTAR","SPECIAL_CHAIN","House rule: V can continue into same-species state VSTAR"
"stunky",434,"NORMAL","NORMAL",434,"NORMAL","EX","SPECIAL_BRANCH","House rule: NORMAL can branch into same-species special state EX"
"stunky",434,"NORMAL","NORMAL",434,"NORMAL","GX","SPECIAL_BRANCH","House rule: NORMAL can branch into same-species special state GX"
"stunky",434,"NORMAL","NORMAL",434,"NORMAL","V","SPECIAL_BRANCH","House rule: NORMAL can branch into same-species special state V"
"stunky",434,"NORMAL","NORMAL",434,"NORMAL","MEGA","SPECIAL_BRANCH","House rule: NORMAL can branch into same-species special state MEGA"
"stunky",434,"NORMAL","NORMAL",435,"NORMAL","NORMAL","STANDARD","Standard evolution from species tree"
"stunky",434,"NORMAL","V",434,"NORMAL","VMAX","SPECIAL_CHAIN","House rule: V can continue into same-species state VMAX"
"stunky",434,"NORMAL","V",434,"NORMAL","VSTAR","SPECIAL_CHAIN","House rule: V can continue into same-species state VSTAR"
"stunky",435,"NORMAL","NORMAL",435,"NORMAL","EX","SPECIAL_BRANCH","House rule: NORMAL can branch into same-species special state EX"
"stunky",435,"NORMAL","NORMAL",435,"NORMAL","GX","SPECIAL_BRANCH","House rule: NORMAL can branch into same-species special state GX"
"stunky",435,"NORMAL","NORMAL",435,"NORMAL","V","SPECIAL_BRANCH","House rule: NORMAL can branch into same-species special state V"
"stunky",435,"NORMAL","NORMAL",435,"NORMAL","MEGA","SPECIAL_BRANCH","House rule: NORMAL can branch into same-species special state MEGA"
"stunky",435,"NORMAL","V",435,"NORMAL","VMAX","SPECIAL_CHAIN","House rule: V can continue into same-species state VMAX"
"stunky",435,"NORMAL","V",435,"NORMAL","VSTAR","SPECIAL_CHAIN","House rule: V can continue into same-species state VSTAR"
"suicune",245,"NORMAL","NORMAL",245,"NORMAL","EX","SPECIAL_BRANCH","House rule: NORMAL can branch into same-species special state EX"
"suicune",245,"NORMAL","NORMAL",245,"NORMAL","GX","SPECIAL_BRANCH","House rule: NORMAL can branch into same-species special state GX"
"suicune",245,"NORMAL","NORMAL",245,"NORMAL","V","SPECIAL_BRANCH","House rule: NORMAL can branch into same-species special state V"
"suicune",245,"NORMAL","NORMAL",245,"NORMAL","MEGA","SPECIAL_BRANCH","House rule: NORMAL can branch into same-species special state MEGA"
"suicune",245,"NORMAL","V",245,"NORMAL","VMAX","SPECIAL_CHAIN","House rule: V can continue into same-species state VMAX"
"suicune",245,"NORMAL","V",245,"NORMAL","VSTAR","SPECIAL_CHAIN","House rule: V can continue into same-species state VSTAR"
"sunkern",191,"NORMAL","NORMAL",191,"NORMAL","EX","SPECIAL_BRANCH","House rule: NORMAL can branch into same-species special state EX"
"sunkern",191,"NORMAL","NORMAL",191,"NORMAL","GX","SPECIAL_BRANCH","House rule: NORMAL can branch into same-species special state GX"
"sunkern",191,"NORMAL","NORMAL",191,"NORMAL","V","SPECIAL_BRANCH","House rule: NORMAL can branch into same-species special state V"
"sunkern",191,"NORMAL","NORMAL",191,"NORMAL","MEGA","SPECIAL_BRANCH","House rule: NORMAL can branch into same-species special state MEGA"
"sunkern",191,"NORMAL","NORMAL",192,"NORMAL","NORMAL","STANDARD","Standard evolution from species tree"
"sunkern",191,"NORMAL","V",191,"NORMAL","VMAX","SPECIAL_CHAIN","House rule: V can continue into same-species state VMAX"
"sunkern",191,"NORMAL","V",191,"NORMAL","VSTAR","SPECIAL_CHAIN","House rule: V can continue into same-species state VSTAR"
"sunkern",192,"NORMAL","NORMAL",192,"NORMAL","EX","SPECIAL_BRANCH","House rule: NORMAL can branch into same-species special state EX"
"sunkern",192,"NORMAL","NORMAL",192,"NORMAL","GX","SPECIAL_BRANCH","House rule: NORMAL can branch into same-species special state GX"
"sunkern",192,"NORMAL","NORMAL",192,"NORMAL","V","SPECIAL_BRANCH","House rule: NORMAL can branch into same-species special state V"
"sunkern",192,"NORMAL","NORMAL",192,"NORMAL","MEGA","SPECIAL_BRANCH","House rule: NORMAL can branch into same-species special state MEGA"
"sunkern",192,"NORMAL","V",192,"NORMAL","VMAX","SPECIAL_CHAIN","House rule: V can continue into same-species state VMAX"
"sunkern",192,"NORMAL","V",192,"NORMAL","VSTAR","SPECIAL_CHAIN","House rule: V can continue into same-species state VSTAR"
"surskit",283,"NORMAL","NORMAL",283,"NORMAL","EX","SPECIAL_BRANCH","House rule: NORMAL can branch into same-species special state EX"
"surskit",283,"NORMAL","NORMAL",283,"NORMAL","GX","SPECIAL_BRANCH","House rule: NORMAL can branch into same-species special state GX"
"surskit",283,"NORMAL","NORMAL",283,"NORMAL","V","SPECIAL_BRANCH","House rule: NORMAL can branch into same-species special state V"
"surskit",283,"NORMAL","NORMAL",283,"NORMAL","MEGA","SPECIAL_BRANCH","House rule: NORMAL can branch into same-species special state MEGA"
"surskit",283,"NORMAL","NORMAL",284,"NORMAL","NORMAL","STANDARD","Standard evolution from species tree"
"surskit",283,"NORMAL","V",283,"NORMAL","VMAX","SPECIAL_CHAIN","House rule: V can continue into same-species state VMAX"
"surskit",283,"NORMAL","V",283,"NORMAL","VSTAR","SPECIAL_CHAIN","House rule: V can continue into same-species state VSTAR"
"surskit",284,"NORMAL","NORMAL",284,"NORMAL","EX","SPECIAL_BRANCH","House rule: NORMAL can branch into same-species special state EX"
"surskit",284,"NORMAL","NORMAL",284,"NORMAL","GX","SPECIAL_BRANCH","House rule: NORMAL can branch into same-species special state GX"
"surskit",284,"NORMAL","NORMAL",284,"NORMAL","V","SPECIAL_BRANCH","House rule: NORMAL can branch into same-species special state V"
"surskit",284,"NORMAL","NORMAL",284,"NORMAL","MEGA","SPECIAL_BRANCH","House rule: NORMAL can branch into same-species special state MEGA"
"surskit",284,"NORMAL","V",284,"NORMAL","VMAX","SPECIAL_CHAIN","House rule: V can continue into same-species state VMAX"
"surskit",284,"NORMAL","V",284,"NORMAL","VSTAR","SPECIAL_CHAIN","House rule: V can continue into same-species state VSTAR"
"swablu",333,"NORMAL","NORMAL",333,"NORMAL","EX","SPECIAL_BRANCH","House rule: NORMAL can branch into same-species special state EX"
"swablu",333,"NORMAL","NORMAL",333,"NORMAL","GX","SPECIAL_BRANCH","House rule: NORMAL can branch into same-species special state GX"
"swablu",333,"NORMAL","NORMAL",333,"NORMAL","V","SPECIAL_BRANCH","House rule: NORMAL can branch into same-species special state V"
"swablu",333,"NORMAL","NORMAL",333,"NORMAL","MEGA","SPECIAL_BRANCH","House rule: NORMAL can branch into same-species special state MEGA"
"swablu",333,"NORMAL","NORMAL",334,"NORMAL","NORMAL","STANDARD","Standard evolution from species tree"
"swablu",333,"NORMAL","V",333,"NORMAL","VMAX","SPECIAL_CHAIN","House rule: V can continue into same-species state VMAX"
"swablu",333,"NORMAL","V",333,"NORMAL","VSTAR","SPECIAL_CHAIN","House rule: V can continue into same-species state VSTAR"
"swablu",334,"NORMAL","NORMAL",334,"NORMAL","EX","SPECIAL_BRANCH","House rule: NORMAL can branch into same-species special state EX"
"swablu",334,"NORMAL","NORMAL",334,"NORMAL","GX","SPECIAL_BRANCH","House rule: NORMAL can branch into same-species special state GX"
"swablu",334,"NORMAL","NORMAL",334,"NORMAL","V","SPECIAL_BRANCH","House rule: NORMAL can branch into same-species special state V"
"swablu",334,"NORMAL","NORMAL",334,"NORMAL","MEGA","SPECIAL_BRANCH","House rule: NORMAL can branch into same-species special state MEGA"
"swablu",334,"NORMAL","V",334,"NORMAL","VMAX","SPECIAL_CHAIN","House rule: V can continue into same-species state VMAX"
"swablu",334,"NORMAL","V",334,"NORMAL","VSTAR","SPECIAL_CHAIN","House rule: V can continue into same-species state VSTAR"
"swinub",220,"NORMAL","NORMAL",220,"NORMAL","EX","SPECIAL_BRANCH","House rule: NORMAL can branch into same-species special state EX"
"swinub",220,"NORMAL","NORMAL",220,"NORMAL","GX","SPECIAL_BRANCH","House rule: NORMAL can branch into same-species special state GX"
"swinub",220,"NORMAL","NORMAL",220,"NORMAL","V","SPECIAL_BRANCH","House rule: NORMAL can branch into same-species special state V"
"swinub",220,"NORMAL","NORMAL",220,"NORMAL","MEGA","SPECIAL_BRANCH","House rule: NORMAL can branch into same-species special state MEGA"
"swinub",220,"NORMAL","NORMAL",221,"NORMAL","NORMAL","STANDARD","Standard evolution from species tree"
"swinub",220,"NORMAL","V",220,"NORMAL","VMAX","SPECIAL_CHAIN","House rule: V can continue into same-species state VMAX"
"swinub",220,"NORMAL","V",220,"NORMAL","VSTAR","SPECIAL_CHAIN","House rule: V can continue into same-species state VSTAR"
"swinub",221,"NORMAL","NORMAL",221,"NORMAL","EX","SPECIAL_BRANCH","House rule: NORMAL can branch into same-species special state EX"
"swinub",221,"NORMAL","NORMAL",221,"NORMAL","GX","SPECIAL_BRANCH","House rule: NORMAL can branch into same-species special state GX"
"swinub",221,"NORMAL","NORMAL",221,"NORMAL","V","SPECIAL_BRANCH","House rule: NORMAL can branch into same-species special state V"
"swinub",221,"NORMAL","NORMAL",221,"NORMAL","MEGA","SPECIAL_BRANCH","House rule: NORMAL can branch into same-species special state MEGA"
"swinub",221,"NORMAL","NORMAL",473,"NORMAL","NORMAL","STANDARD","Standard evolution from species tree"
"swinub",221,"NORMAL","V",221,"NORMAL","VMAX","SPECIAL_CHAIN","House rule: V can continue into same-species state VMAX"
"swinub",221,"NORMAL","V",221,"NORMAL","VSTAR","SPECIAL_CHAIN","House rule: V can continue into same-species state VSTAR"
"swinub",473,"NORMAL","NORMAL",473,"NORMAL","EX","SPECIAL_BRANCH","House rule: NORMAL can branch into same-species special state EX"
"swinub",473,"NORMAL","NORMAL",473,"NORMAL","GX","SPECIAL_BRANCH","House rule: NORMAL can branch into same-species special state GX"
"swinub",473,"NORMAL","NORMAL",473,"NORMAL","V","SPECIAL_BRANCH","House rule: NORMAL can branch into same-species special state V"
"swinub",473,"NORMAL","NORMAL",473,"NORMAL","MEGA","SPECIAL_BRANCH","House rule: NORMAL can branch into same-species special state MEGA"
"swinub",473,"NORMAL","V",473,"NORMAL","VMAX","SPECIAL_CHAIN","House rule: V can continue into same-species state VMAX"
"swinub",473,"NORMAL","V",473,"NORMAL","VSTAR","SPECIAL_CHAIN","House rule: V can continue into same-species state VSTAR"
"swirlix",684,"NORMAL","NORMAL",684,"NORMAL","EX","SPECIAL_BRANCH","House rule: NORMAL can branch into same-species special state EX"
"swirlix",684,"NORMAL","NORMAL",684,"NORMAL","GX","SPECIAL_BRANCH","House rule: NORMAL can branch into same-species special state GX"
"swirlix",684,"NORMAL","NORMAL",684,"NORMAL","V","SPECIAL_BRANCH","House rule: NORMAL can branch into same-species special state V"
"swirlix",684,"NORMAL","NORMAL",684,"NORMAL","MEGA","SPECIAL_BRANCH","House rule: NORMAL can branch into same-species special state MEGA"
"swirlix",684,"NORMAL","NORMAL",685,"NORMAL","NORMAL","STANDARD","Standard evolution from species tree"
"swirlix",684,"NORMAL","V",684,"NORMAL","VMAX","SPECIAL_CHAIN","House rule: V can continue into same-species state VMAX"
"swirlix",684,"NORMAL","V",684,"NORMAL","VSTAR","SPECIAL_CHAIN","House rule: V can continue into same-species state VSTAR"
"swirlix",685,"NORMAL","NORMAL",685,"NORMAL","EX","SPECIAL_BRANCH","House rule: NORMAL can branch into same-species special state EX"
"swirlix",685,"NORMAL","NORMAL",685,"NORMAL","GX","SPECIAL_BRANCH","House rule: NORMAL can branch into same-species special state GX"
"swirlix",685,"NORMAL","NORMAL",685,"NORMAL","V","SPECIAL_BRANCH","House rule: NORMAL can branch into same-species special state V"
"swirlix",685,"NORMAL","NORMAL",685,"NORMAL","MEGA","SPECIAL_BRANCH","House rule: NORMAL can branch into same-species special state MEGA"
"swirlix",685,"NORMAL","V",685,"NORMAL","VMAX","SPECIAL_CHAIN","House rule: V can continue into same-species state VMAX"
"swirlix",685,"NORMAL","V",685,"NORMAL","VSTAR","SPECIAL_CHAIN","House rule: V can continue into same-species state VSTAR"
"tadbulb",938,"NORMAL","NORMAL",938,"NORMAL","EX","SPECIAL_BRANCH","House rule: NORMAL can branch into same-species special state EX"
"tadbulb",938,"NORMAL","NORMAL",938,"NORMAL","GX","SPECIAL_BRANCH","House rule: NORMAL can branch into same-species special state GX"
"tadbulb",938,"NORMAL","NORMAL",938,"NORMAL","V","SPECIAL_BRANCH","House rule: NORMAL can branch into same-species special state V"
"tadbulb",938,"NORMAL","NORMAL",938,"NORMAL","MEGA","SPECIAL_BRANCH","House rule: NORMAL can branch into same-species special state MEGA"
"tadbulb",938,"NORMAL","NORMAL",939,"NORMAL","NORMAL","STANDARD","Standard evolution from species tree"
"tadbulb",938,"NORMAL","V",938,"NORMAL","VMAX","SPECIAL_CHAIN","House rule: V can continue into same-species state VMAX"
"tadbulb",938,"NORMAL","V",938,"NORMAL","VSTAR","SPECIAL_CHAIN","House rule: V can continue into same-species state VSTAR"
"tadbulb",939,"NORMAL","NORMAL",939,"NORMAL","EX","SPECIAL_BRANCH","House rule: NORMAL can branch into same-species special state EX"
"tadbulb",939,"NORMAL","NORMAL",939,"NORMAL","GX","SPECIAL_BRANCH","House rule: NORMAL can branch into same-species special state GX"
"tadbulb",939,"NORMAL","NORMAL",939,"NORMAL","V","SPECIAL_BRANCH","House rule: NORMAL can branch into same-species special state V"
"tadbulb",939,"NORMAL","NORMAL",939,"NORMAL","MEGA","SPECIAL_BRANCH","House rule: NORMAL can branch into same-species special state MEGA"
"tadbulb",939,"NORMAL","V",939,"NORMAL","VMAX","SPECIAL_CHAIN","House rule: V can continue into same-species state VMAX"
"tadbulb",939,"NORMAL","V",939,"NORMAL","VSTAR","SPECIAL_CHAIN","House rule: V can continue into same-species state VSTAR"
"taillow",276,"NORMAL","NORMAL",276,"NORMAL","EX","SPECIAL_BRANCH","House rule: NORMAL can branch into same-species special state EX"
"taillow",276,"NORMAL","NORMAL",276,"NORMAL","GX","SPECIAL_BRANCH","House rule: NORMAL can branch into same-species special state GX"
"taillow",276,"NORMAL","NORMAL",276,"NORMAL","V","SPECIAL_BRANCH","House rule: NORMAL can branch into same-species special state V"
"taillow",276,"NORMAL","NORMAL",276,"NORMAL","MEGA","SPECIAL_BRANCH","House rule: NORMAL can branch into same-species special state MEGA"
"taillow",276,"NORMAL","NORMAL",277,"NORMAL","NORMAL","STANDARD","Standard evolution from species tree"
"taillow",276,"NORMAL","V",276,"NORMAL","VMAX","SPECIAL_CHAIN","House rule: V can continue into same-species state VMAX"
"taillow",276,"NORMAL","V",276,"NORMAL","VSTAR","SPECIAL_CHAIN","House rule: V can continue into same-species state VSTAR"
"taillow",277,"NORMAL","NORMAL",277,"NORMAL","EX","SPECIAL_BRANCH","House rule: NORMAL can branch into same-species special state EX"
"taillow",277,"NORMAL","NORMAL",277,"NORMAL","GX","SPECIAL_BRANCH","House rule: NORMAL can branch into same-species special state GX"
"taillow",277,"NORMAL","NORMAL",277,"NORMAL","V","SPECIAL_BRANCH","House rule: NORMAL can branch into same-species special state V"
"taillow",277,"NORMAL","NORMAL",277,"NORMAL","MEGA","SPECIAL_BRANCH","House rule: NORMAL can branch into same-species special state MEGA"
"taillow",277,"NORMAL","V",277,"NORMAL","VMAX","SPECIAL_CHAIN","House rule: V can continue into same-species state VMAX"
"taillow",277,"NORMAL","V",277,"NORMAL","VSTAR","SPECIAL_CHAIN","House rule: V can continue into same-species state VSTAR"
"tandemaus",924,"NORMAL","NORMAL",924,"NORMAL","EX","SPECIAL_BRANCH","House rule: NORMAL can branch into same-species special state EX"
"tandemaus",924,"NORMAL","NORMAL",924,"NORMAL","GX","SPECIAL_BRANCH","House rule: NORMAL can branch into same-species special state GX"
"tandemaus",924,"NORMAL","NORMAL",924,"NORMAL","V","SPECIAL_BRANCH","House rule: NORMAL can branch into same-species special state V"
"tandemaus",924,"NORMAL","NORMAL",924,"NORMAL","MEGA","SPECIAL_BRANCH","House rule: NORMAL can branch into same-species special state MEGA"
"tandemaus",924,"NORMAL","NORMAL",925,"NORMAL","NORMAL","STANDARD","Standard evolution from species tree"
"tandemaus",924,"NORMAL","V",924,"NORMAL","VMAX","SPECIAL_CHAIN","House rule: V can continue into same-species state VMAX"
"tandemaus",924,"NORMAL","V",924,"NORMAL","VSTAR","SPECIAL_CHAIN","House rule: V can continue into same-species state VSTAR"
"tandemaus",925,"NORMAL","NORMAL",925,"NORMAL","EX","SPECIAL_BRANCH","House rule: NORMAL can branch into same-species special state EX"
"tandemaus",925,"NORMAL","NORMAL",925,"NORMAL","GX","SPECIAL_BRANCH","House rule: NORMAL can branch into same-species special state GX"
"tandemaus",925,"NORMAL","NORMAL",925,"NORMAL","V","SPECIAL_BRANCH","House rule: NORMAL can branch into same-species special state V"
"tandemaus",925,"NORMAL","NORMAL",925,"NORMAL","MEGA","SPECIAL_BRANCH","House rule: NORMAL can branch into same-species special state MEGA"
"tandemaus",925,"NORMAL","V",925,"NORMAL","VMAX","SPECIAL_CHAIN","House rule: V can continue into same-species state VMAX"
"tandemaus",925,"NORMAL","V",925,"NORMAL","VSTAR","SPECIAL_CHAIN","House rule: V can continue into same-species state VSTAR"
"tangela",114,"NORMAL","NORMAL",114,"NORMAL","EX","SPECIAL_BRANCH","House rule: NORMAL can branch into same-species special state EX"
"tangela",114,"NORMAL","NORMAL",114,"NORMAL","GX","SPECIAL_BRANCH","House rule: NORMAL can branch into same-species special state GX"
"tangela",114,"NORMAL","NORMAL",114,"NORMAL","V","SPECIAL_BRANCH","House rule: NORMAL can branch into same-species special state V"
"tangela",114,"NORMAL","NORMAL",114,"NORMAL","MEGA","SPECIAL_BRANCH","House rule: NORMAL can branch into same-species special state MEGA"
"tangela",114,"NORMAL","NORMAL",465,"NORMAL","NORMAL","STANDARD","Standard evolution from species tree"
"tangela",114,"NORMAL","V",114,"NORMAL","VMAX","SPECIAL_CHAIN","House rule: V can continue into same-species state VMAX"
"tangela",114,"NORMAL","V",114,"NORMAL","VSTAR","SPECIAL_CHAIN","House rule: V can continue into same-species state VSTAR"
"tangela",465,"NORMAL","NORMAL",465,"NORMAL","EX","SPECIAL_BRANCH","House rule: NORMAL can branch into same-species special state EX"
"tangela",465,"NORMAL","NORMAL",465,"NORMAL","GX","SPECIAL_BRANCH","House rule: NORMAL can branch into same-species special state GX"
"tangela",465,"NORMAL","NORMAL",465,"NORMAL","V","SPECIAL_BRANCH","House rule: NORMAL can branch into same-species special state V"
"tangela",465,"NORMAL","NORMAL",465,"NORMAL","MEGA","SPECIAL_BRANCH","House rule: NORMAL can branch into same-species special state MEGA"
"tangela",465,"NORMAL","V",465,"NORMAL","VMAX","SPECIAL_CHAIN","House rule: V can continue into same-species state VMAX"
"tangela",465,"NORMAL","V",465,"NORMAL","VSTAR","SPECIAL_CHAIN","House rule: V can continue into same-species state VSTAR"
"tapu-bulu",787,"NORMAL","NORMAL",787,"NORMAL","EX","SPECIAL_BRANCH","House rule: NORMAL can branch into same-species special state EX"
"tapu-bulu",787,"NORMAL","NORMAL",787,"NORMAL","GX","SPECIAL_BRANCH","House rule: NORMAL can branch into same-species special state GX"
"tapu-bulu",787,"NORMAL","NORMAL",787,"NORMAL","V","SPECIAL_BRANCH","House rule: NORMAL can branch into same-species special state V"
"tapu-bulu",787,"NORMAL","NORMAL",787,"NORMAL","MEGA","SPECIAL_BRANCH","House rule: NORMAL can branch into same-species special state MEGA"
"tapu-bulu",787,"NORMAL","V",787,"NORMAL","VMAX","SPECIAL_CHAIN","House rule: V can continue into same-species state VMAX"
"tapu-bulu",787,"NORMAL","V",787,"NORMAL","VSTAR","SPECIAL_CHAIN","House rule: V can continue into same-species state VSTAR"
"tapu-fini",788,"NORMAL","NORMAL",788,"NORMAL","EX","SPECIAL_BRANCH","House rule: NORMAL can branch into same-species special state EX"
"tapu-fini",788,"NORMAL","NORMAL",788,"NORMAL","GX","SPECIAL_BRANCH","House rule: NORMAL can branch into same-species special state GX"
"tapu-fini",788,"NORMAL","NORMAL",788,"NORMAL","V","SPECIAL_BRANCH","House rule: NORMAL can branch into same-species special state V"
"tapu-fini",788,"NORMAL","NORMAL",788,"NORMAL","MEGA","SPECIAL_BRANCH","House rule: NORMAL can branch into same-species special state MEGA"
"tapu-fini",788,"NORMAL","V",788,"NORMAL","VMAX","SPECIAL_CHAIN","House rule: V can continue into same-species state VMAX"
"tapu-fini",788,"NORMAL","V",788,"NORMAL","VSTAR","SPECIAL_CHAIN","House rule: V can continue into same-species state VSTAR"
"tapu-koko",785,"NORMAL","NORMAL",785,"NORMAL","EX","SPECIAL_BRANCH","House rule: NORMAL can branch into same-species special state EX"
"tapu-koko",785,"NORMAL","NORMAL",785,"NORMAL","GX","SPECIAL_BRANCH","House rule: NORMAL can branch into same-species special state GX"
"tapu-koko",785,"NORMAL","NORMAL",785,"NORMAL","V","SPECIAL_BRANCH","House rule: NORMAL can branch into same-species special state V"
"tapu-koko",785,"NORMAL","NORMAL",785,"NORMAL","MEGA","SPECIAL_BRANCH","House rule: NORMAL can branch into same-species special state MEGA"
"tapu-koko",785,"NORMAL","V",785,"NORMAL","VMAX","SPECIAL_CHAIN","House rule: V can continue into same-species state VMAX"
"tapu-koko",785,"NORMAL","V",785,"NORMAL","VSTAR","SPECIAL_CHAIN","House rule: V can continue into same-species state VSTAR"
"tapu-lele",786,"NORMAL","NORMAL",786,"NORMAL","EX","SPECIAL_BRANCH","House rule: NORMAL can branch into same-species special state EX"
"tapu-lele",786,"NORMAL","NORMAL",786,"NORMAL","GX","SPECIAL_BRANCH","House rule: NORMAL can branch into same-species special state GX"
"tapu-lele",786,"NORMAL","NORMAL",786,"NORMAL","V","SPECIAL_BRANCH","House rule: NORMAL can branch into same-species special state V"
"tapu-lele",786,"NORMAL","NORMAL",786,"NORMAL","MEGA","SPECIAL_BRANCH","House rule: NORMAL can branch into same-species special state MEGA"
"tapu-lele",786,"NORMAL","V",786,"NORMAL","VMAX","SPECIAL_CHAIN","House rule: V can continue into same-species state VMAX"
"tapu-lele",786,"NORMAL","V",786,"NORMAL","VSTAR","SPECIAL_CHAIN","House rule: V can continue into same-species state VSTAR"
"tarountula",917,"NORMAL","NORMAL",917,"NORMAL","EX","SPECIAL_BRANCH","House rule: NORMAL can branch into same-species special state EX"
"tarountula",917,"NORMAL","NORMAL",917,"NORMAL","GX","SPECIAL_BRANCH","House rule: NORMAL can branch into same-species special state GX"
"tarountula",917,"NORMAL","NORMAL",917,"NORMAL","V","SPECIAL_BRANCH","House rule: NORMAL can branch into same-species special state V"
"tarountula",917,"NORMAL","NORMAL",917,"NORMAL","MEGA","SPECIAL_BRANCH","House rule: NORMAL can branch into same-species special state MEGA"
"tarountula",917,"NORMAL","NORMAL",918,"NORMAL","NORMAL","STANDARD","Standard evolution from species tree"
"tarountula",917,"NORMAL","V",917,"NORMAL","VMAX","SPECIAL_CHAIN","House rule: V can continue into same-species state VMAX"
"tarountula",917,"NORMAL","V",917,"NORMAL","VSTAR","SPECIAL_CHAIN","House rule: V can continue into same-species state VSTAR"
"tarountula",918,"NORMAL","NORMAL",918,"NORMAL","EX","SPECIAL_BRANCH","House rule: NORMAL can branch into same-species special state EX"
"tarountula",918,"NORMAL","NORMAL",918,"NORMAL","GX","SPECIAL_BRANCH","House rule: NORMAL can branch into same-species special state GX"
"tarountula",918,"NORMAL","NORMAL",918,"NORMAL","V","SPECIAL_BRANCH","House rule: NORMAL can branch into same-species special state V"
"tarountula",918,"NORMAL","NORMAL",918,"NORMAL","MEGA","SPECIAL_BRANCH","House rule: NORMAL can branch into same-species special state MEGA"
"tarountula",918,"NORMAL","V",918,"NORMAL","VMAX","SPECIAL_CHAIN","House rule: V can continue into same-species state VMAX"
"tarountula",918,"NORMAL","V",918,"NORMAL","VSTAR","SPECIAL_CHAIN","House rule: V can continue into same-species state VSTAR"
"tatsugiri",978,"NORMAL","NORMAL",978,"NORMAL","EX","SPECIAL_BRANCH","House rule: NORMAL can branch into same-species special state EX"
"tatsugiri",978,"NORMAL","NORMAL",978,"NORMAL","GX","SPECIAL_BRANCH","House rule: NORMAL can branch into same-species special state GX"
"tatsugiri",978,"NORMAL","NORMAL",978,"NORMAL","V","SPECIAL_BRANCH","House rule: NORMAL can branch into same-species special state V"
"tatsugiri",978,"NORMAL","NORMAL",978,"NORMAL","MEGA","SPECIAL_BRANCH","House rule: NORMAL can branch into same-species special state MEGA"
"tatsugiri",978,"NORMAL","V",978,"NORMAL","VMAX","SPECIAL_CHAIN","House rule: V can continue into same-species state VMAX"
"tatsugiri",978,"NORMAL","V",978,"NORMAL","VSTAR","SPECIAL_CHAIN","House rule: V can continue into same-species state VSTAR"
"tauros",128,"NORMAL","NORMAL",128,"NORMAL","EX","SPECIAL_BRANCH","House rule: NORMAL can branch into same-species special state EX"
"tauros",128,"NORMAL","NORMAL",128,"NORMAL","GX","SPECIAL_BRANCH","House rule: NORMAL can branch into same-species special state GX"
"tauros",128,"NORMAL","NORMAL",128,"NORMAL","V","SPECIAL_BRANCH","House rule: NORMAL can branch into same-species special state V"
"tauros",128,"NORMAL","NORMAL",128,"NORMAL","MEGA","SPECIAL_BRANCH","House rule: NORMAL can branch into same-species special state MEGA"
"tauros",128,"NORMAL","V",128,"NORMAL","VMAX","SPECIAL_CHAIN","House rule: V can continue into same-species state VMAX"
"tauros",128,"NORMAL","V",128,"NORMAL","VSTAR","SPECIAL_CHAIN","House rule: V can continue into same-species state VSTAR"
"teddiursa",216,"NORMAL","NORMAL",216,"NORMAL","EX","SPECIAL_BRANCH","House rule: NORMAL can branch into same-species special state EX"
"teddiursa",216,"NORMAL","NORMAL",216,"NORMAL","GX","SPECIAL_BRANCH","House rule: NORMAL can branch into same-species special state GX"
"teddiursa",216,"NORMAL","NORMAL",216,"NORMAL","V","SPECIAL_BRANCH","House rule: NORMAL can branch into same-species special state V"
"teddiursa",216,"NORMAL","NORMAL",216,"NORMAL","MEGA","SPECIAL_BRANCH","House rule: NORMAL can branch into same-species special state MEGA"
"teddiursa",216,"NORMAL","NORMAL",217,"NORMAL","NORMAL","STANDARD","Standard evolution from species tree"
"teddiursa",216,"NORMAL","V",216,"NORMAL","VMAX","SPECIAL_CHAIN","House rule: V can continue into same-species state VMAX"
"teddiursa",216,"NORMAL","V",216,"NORMAL","VSTAR","SPECIAL_CHAIN","House rule: V can continue into same-species state VSTAR"
"teddiursa",217,"NORMAL","NORMAL",217,"NORMAL","EX","SPECIAL_BRANCH","House rule: NORMAL can branch into same-species special state EX"
"teddiursa",217,"NORMAL","NORMAL",217,"NORMAL","GX","SPECIAL_BRANCH","House rule: NORMAL can branch into same-species special state GX"
"teddiursa",217,"NORMAL","NORMAL",217,"NORMAL","V","SPECIAL_BRANCH","House rule: NORMAL can branch into same-species special state V"
"teddiursa",217,"NORMAL","NORMAL",217,"NORMAL","MEGA","SPECIAL_BRANCH","House rule: NORMAL can branch into same-species special state MEGA"
"teddiursa",217,"NORMAL","NORMAL",901,"NORMAL","NORMAL","STANDARD","Standard evolution from species tree"
"teddiursa",217,"NORMAL","V",217,"NORMAL","VMAX","SPECIAL_CHAIN","House rule: V can continue into same-species state VMAX"
"teddiursa",217,"NORMAL","V",217,"NORMAL","VSTAR","SPECIAL_CHAIN","House rule: V can continue into same-species state VSTAR"
"teddiursa",901,"NORMAL","NORMAL",901,"NORMAL","EX","SPECIAL_BRANCH","House rule: NORMAL can branch into same-species special state EX"
"teddiursa",901,"NORMAL","NORMAL",901,"NORMAL","GX","SPECIAL_BRANCH","House rule: NORMAL can branch into same-species special state GX"
"teddiursa",901,"NORMAL","NORMAL",901,"NORMAL","V","SPECIAL_BRANCH","House rule: NORMAL can branch into same-species special state V"
"teddiursa",901,"NORMAL","NORMAL",901,"NORMAL","MEGA","SPECIAL_BRANCH","House rule: NORMAL can branch into same-species special state MEGA"
"teddiursa",901,"NORMAL","V",901,"NORMAL","VMAX","SPECIAL_CHAIN","House rule: V can continue into same-species state VMAX"
"teddiursa",901,"NORMAL","V",901,"NORMAL","VSTAR","SPECIAL_CHAIN","House rule: V can continue into same-species state VSTAR"
"tentacool",72,"NORMAL","NORMAL",72,"NORMAL","EX","SPECIAL_BRANCH","House rule: NORMAL can branch into same-species special state EX"
"tentacool",72,"NORMAL","NORMAL",72,"NORMAL","GX","SPECIAL_BRANCH","House rule: NORMAL can branch into same-species special state GX"
"tentacool",72,"NORMAL","NORMAL",72,"NORMAL","V","SPECIAL_BRANCH","House rule: NORMAL can branch into same-species special state V"
"tentacool",72,"NORMAL","NORMAL",72,"NORMAL","MEGA","SPECIAL_BRANCH","House rule: NORMAL can branch into same-species special state MEGA"
"tentacool",72,"NORMAL","NORMAL",73,"NORMAL","NORMAL","STANDARD","Standard evolution from species tree"
"tentacool",72,"NORMAL","V",72,"NORMAL","VMAX","SPECIAL_CHAIN","House rule: V can continue into same-species state VMAX"
"tentacool",72,"NORMAL","V",72,"NORMAL","VSTAR","SPECIAL_CHAIN","House rule: V can continue into same-species state VSTAR"
"tentacool",73,"NORMAL","NORMAL",73,"NORMAL","EX","SPECIAL_BRANCH","House rule: NORMAL can branch into same-species special state EX"
"tentacool",73,"NORMAL","NORMAL",73,"NORMAL","GX","SPECIAL_BRANCH","House rule: NORMAL can branch into same-species special state GX"
"tentacool",73,"NORMAL","NORMAL",73,"NORMAL","V","SPECIAL_BRANCH","House rule: NORMAL can branch into same-species special state V"
"tentacool",73,"NORMAL","NORMAL",73,"NORMAL","MEGA","SPECIAL_BRANCH","House rule: NORMAL can branch into same-species special state MEGA"
"tentacool",73,"NORMAL","V",73,"NORMAL","VMAX","SPECIAL_CHAIN","House rule: V can continue into same-species state VMAX"
"tentacool",73,"NORMAL","V",73,"NORMAL","VSTAR","SPECIAL_CHAIN","House rule: V can continue into same-species state VSTAR"
"tepig",498,"NORMAL","NORMAL",498,"NORMAL","EX","SPECIAL_BRANCH","House rule: NORMAL can branch into same-species special state EX"
"tepig",498,"NORMAL","NORMAL",498,"NORMAL","GX","SPECIAL_BRANCH","House rule: NORMAL can branch into same-species special state GX"
"tepig",498,"NORMAL","NORMAL",498,"NORMAL","V","SPECIAL_BRANCH","House rule: NORMAL can branch into same-species special state V"
"tepig",498,"NORMAL","NORMAL",498,"NORMAL","MEGA","SPECIAL_BRANCH","House rule: NORMAL can branch into same-species special state MEGA"
"tepig",498,"NORMAL","NORMAL",499,"NORMAL","NORMAL","STANDARD","Standard evolution from species tree"
"tepig",498,"NORMAL","V",498,"NORMAL","VMAX","SPECIAL_CHAIN","House rule: V can continue into same-species state VMAX"
"tepig",498,"NORMAL","V",498,"NORMAL","VSTAR","SPECIAL_CHAIN","House rule: V can continue into same-species state VSTAR"
"tepig",499,"NORMAL","NORMAL",499,"NORMAL","EX","SPECIAL_BRANCH","House rule: NORMAL can branch into same-species special state EX"
"tepig",499,"NORMAL","NORMAL",499,"NORMAL","GX","SPECIAL_BRANCH","House rule: NORMAL can branch into same-species special state GX"
"tepig",499,"NORMAL","NORMAL",499,"NORMAL","V","SPECIAL_BRANCH","House rule: NORMAL can branch into same-species special state V"
"tepig",499,"NORMAL","NORMAL",499,"NORMAL","MEGA","SPECIAL_BRANCH","House rule: NORMAL can branch into same-species special state MEGA"
"tepig",499,"NORMAL","NORMAL",500,"NORMAL","NORMAL","STANDARD","Standard evolution from species tree"
"tepig",499,"NORMAL","V",499,"NORMAL","VMAX","SPECIAL_CHAIN","House rule: V can continue into same-species state VMAX"
"tepig",499,"NORMAL","V",499,"NORMAL","VSTAR","SPECIAL_CHAIN","House rule: V can continue into same-species state VSTAR"
"tepig",500,"NORMAL","NORMAL",500,"NORMAL","EX","SPECIAL_BRANCH","House rule: NORMAL can branch into same-species special state EX"
"tepig",500,"NORMAL","NORMAL",500,"NORMAL","GX","SPECIAL_BRANCH","House rule: NORMAL can branch into same-species special state GX"
"tepig",500,"NORMAL","NORMAL",500,"NORMAL","V","SPECIAL_BRANCH","House rule: NORMAL can branch into same-species special state V"
"tepig",500,"NORMAL","NORMAL",500,"NORMAL","MEGA","SPECIAL_BRANCH","House rule: NORMAL can branch into same-species special state MEGA"
"tepig",500,"NORMAL","V",500,"NORMAL","VMAX","SPECIAL_CHAIN","House rule: V can continue into same-species state VMAX"
"tepig",500,"NORMAL","V",500,"NORMAL","VSTAR","SPECIAL_CHAIN","House rule: V can continue into same-species state VSTAR"
"terapagos",1024,"NORMAL","NORMAL",1024,"NORMAL","EX","SPECIAL_BRANCH","House rule: NORMAL can branch into same-species special state EX"
"terapagos",1024,"NORMAL","NORMAL",1024,"NORMAL","GX","SPECIAL_BRANCH","House rule: NORMAL can branch into same-species special state GX"
"terapagos",1024,"NORMAL","NORMAL",1024,"NORMAL","V","SPECIAL_BRANCH","House rule: NORMAL can branch into same-species special state V"
"terapagos",1024,"NORMAL","NORMAL",1024,"NORMAL","MEGA","SPECIAL_BRANCH","House rule: NORMAL can branch into same-species special state MEGA"
"terapagos",1024,"NORMAL","V",1024,"NORMAL","VMAX","SPECIAL_CHAIN","House rule: V can continue into same-species state VMAX"
"terapagos",1024,"NORMAL","V",1024,"NORMAL","VSTAR","SPECIAL_CHAIN","House rule: V can continue into same-species state VSTAR"
"terrakion",639,"NORMAL","NORMAL",639,"NORMAL","EX","SPECIAL_BRANCH","House rule: NORMAL can branch into same-species special state EX"
"terrakion",639,"NORMAL","NORMAL",639,"NORMAL","GX","SPECIAL_BRANCH","House rule: NORMAL can branch into same-species special state GX"
"terrakion",639,"NORMAL","NORMAL",639,"NORMAL","V","SPECIAL_BRANCH","House rule: NORMAL can branch into same-species special state V"
"terrakion",639,"NORMAL","NORMAL",639,"NORMAL","MEGA","SPECIAL_BRANCH","House rule: NORMAL can branch into same-species special state MEGA"
"terrakion",639,"NORMAL","V",639,"NORMAL","VMAX","SPECIAL_CHAIN","House rule: V can continue into same-species state VMAX"
"terrakion",639,"NORMAL","V",639,"NORMAL","VSTAR","SPECIAL_CHAIN","House rule: V can continue into same-species state VSTAR"
"throh",538,"NORMAL","NORMAL",538,"NORMAL","EX","SPECIAL_BRANCH","House rule: NORMAL can branch into same-species special state EX"
"throh",538,"NORMAL","NORMAL",538,"NORMAL","GX","SPECIAL_BRANCH","House rule: NORMAL can branch into same-species special state GX"
"throh",538,"NORMAL","NORMAL",538,"NORMAL","V","SPECIAL_BRANCH","House rule: NORMAL can branch into same-species special state V"
"throh",538,"NORMAL","NORMAL",538,"NORMAL","MEGA","SPECIAL_BRANCH","House rule: NORMAL can branch into same-species special state MEGA"
"throh",538,"NORMAL","V",538,"NORMAL","VMAX","SPECIAL_CHAIN","House rule: V can continue into same-species state VMAX"
"throh",538,"NORMAL","V",538,"NORMAL","VSTAR","SPECIAL_CHAIN","House rule: V can continue into same-species state VSTAR"
"thundurus",642,"NORMAL","NORMAL",642,"NORMAL","EX","SPECIAL_BRANCH","House rule: NORMAL can branch into same-species special state EX"
"thundurus",642,"NORMAL","NORMAL",642,"NORMAL","GX","SPECIAL_BRANCH","House rule: NORMAL can branch into same-species special state GX"
"thundurus",642,"NORMAL","NORMAL",642,"NORMAL","V","SPECIAL_BRANCH","House rule: NORMAL can branch into same-species special state V"
"thundurus",642,"NORMAL","NORMAL",642,"NORMAL","MEGA","SPECIAL_BRANCH","House rule: NORMAL can branch into same-species special state MEGA"
"thundurus",642,"NORMAL","V",642,"NORMAL","VMAX","SPECIAL_CHAIN","House rule: V can continue into same-species state VMAX"
"thundurus",642,"NORMAL","V",642,"NORMAL","VSTAR","SPECIAL_CHAIN","House rule: V can continue into same-species state VSTAR"
"timburr",532,"NORMAL","NORMAL",532,"NORMAL","EX","SPECIAL_BRANCH","House rule: NORMAL can branch into same-species special state EX"
"timburr",532,"NORMAL","NORMAL",532,"NORMAL","GX","SPECIAL_BRANCH","House rule: NORMAL can branch into same-species special state GX"
"timburr",532,"NORMAL","NORMAL",532,"NORMAL","V","SPECIAL_BRANCH","House rule: NORMAL can branch into same-species special state V"
"timburr",532,"NORMAL","NORMAL",532,"NORMAL","MEGA","SPECIAL_BRANCH","House rule: NORMAL can branch into same-species special state MEGA"
"timburr",532,"NORMAL","NORMAL",533,"NORMAL","NORMAL","STANDARD","Standard evolution from species tree"
"timburr",532,"NORMAL","V",532,"NORMAL","VMAX","SPECIAL_CHAIN","House rule: V can continue into same-species state VMAX"
"timburr",532,"NORMAL","V",532,"NORMAL","VSTAR","SPECIAL_CHAIN","House rule: V can continue into same-species state VSTAR"
"timburr",533,"NORMAL","NORMAL",533,"NORMAL","EX","SPECIAL_BRANCH","House rule: NORMAL can branch into same-species special state EX"
"timburr",533,"NORMAL","NORMAL",533,"NORMAL","GX","SPECIAL_BRANCH","House rule: NORMAL can branch into same-species special state GX"
"timburr",533,"NORMAL","NORMAL",533,"NORMAL","V","SPECIAL_BRANCH","House rule: NORMAL can branch into same-species special state V"
"timburr",533,"NORMAL","NORMAL",533,"NORMAL","MEGA","SPECIAL_BRANCH","House rule: NORMAL can branch into same-species special state MEGA"
"timburr",533,"NORMAL","NORMAL",534,"NORMAL","NORMAL","STANDARD","Standard evolution from species tree"
"timburr",533,"NORMAL","V",533,"NORMAL","VMAX","SPECIAL_CHAIN","House rule: V can continue into same-species state VMAX"
"timburr",533,"NORMAL","V",533,"NORMAL","VSTAR","SPECIAL_CHAIN","House rule: V can continue into same-species state VSTAR"
"timburr",534,"NORMAL","NORMAL",534,"NORMAL","EX","SPECIAL_BRANCH","House rule: NORMAL can branch into same-species special state EX"
"timburr",534,"NORMAL","NORMAL",534,"NORMAL","GX","SPECIAL_BRANCH","House rule: NORMAL can branch into same-species special state GX"
"timburr",534,"NORMAL","NORMAL",534,"NORMAL","V","SPECIAL_BRANCH","House rule: NORMAL can branch into same-species special state V"
"timburr",534,"NORMAL","NORMAL",534,"NORMAL","MEGA","SPECIAL_BRANCH","House rule: NORMAL can branch into same-species special state MEGA"
"timburr",534,"NORMAL","V",534,"NORMAL","VMAX","SPECIAL_CHAIN","House rule: V can continue into same-species state VMAX"
"timburr",534,"NORMAL","V",534,"NORMAL","VSTAR","SPECIAL_CHAIN","House rule: V can continue into same-species state VSTAR"
"ting-lu",1003,"NORMAL","NORMAL",1003,"NORMAL","EX","SPECIAL_BRANCH","House rule: NORMAL can branch into same-species special state EX"
"ting-lu",1003,"NORMAL","NORMAL",1003,"NORMAL","GX","SPECIAL_BRANCH","House rule: NORMAL can branch into same-species special state GX"
"ting-lu",1003,"NORMAL","NORMAL",1003,"NORMAL","V","SPECIAL_BRANCH","House rule: NORMAL can branch into same-species special state V"
"ting-lu",1003,"NORMAL","NORMAL",1003,"NORMAL","MEGA","SPECIAL_BRANCH","House rule: NORMAL can branch into same-species special state MEGA"
"ting-lu",1003,"NORMAL","V",1003,"NORMAL","VMAX","SPECIAL_CHAIN","House rule: V can continue into same-species state VMAX"
"ting-lu",1003,"NORMAL","V",1003,"NORMAL","VSTAR","SPECIAL_CHAIN","House rule: V can continue into same-species state VSTAR"
"tinkatink",957,"NORMAL","NORMAL",957,"NORMAL","EX","SPECIAL_BRANCH","House rule: NORMAL can branch into same-species special state EX"
"tinkatink",957,"NORMAL","NORMAL",957,"NORMAL","GX","SPECIAL_BRANCH","House rule: NORMAL can branch into same-species special state GX"
"tinkatink",957,"NORMAL","NORMAL",957,"NORMAL","V","SPECIAL_BRANCH","House rule: NORMAL can branch into same-species special state V"
"tinkatink",957,"NORMAL","NORMAL",957,"NORMAL","MEGA","SPECIAL_BRANCH","House rule: NORMAL can branch into same-species special state MEGA"
"tinkatink",957,"NORMAL","NORMAL",958,"NORMAL","NORMAL","STANDARD","Standard evolution from species tree"
"tinkatink",957,"NORMAL","V",957,"NORMAL","VMAX","SPECIAL_CHAIN","House rule: V can continue into same-species state VMAX"
"tinkatink",957,"NORMAL","V",957,"NORMAL","VSTAR","SPECIAL_CHAIN","House rule: V can continue into same-species state VSTAR"
"tinkatink",958,"NORMAL","NORMAL",958,"NORMAL","EX","SPECIAL_BRANCH","House rule: NORMAL can branch into same-species special state EX"
"tinkatink",958,"NORMAL","NORMAL",958,"NORMAL","GX","SPECIAL_BRANCH","House rule: NORMAL can branch into same-species special state GX"
"tinkatink",958,"NORMAL","NORMAL",958,"NORMAL","V","SPECIAL_BRANCH","House rule: NORMAL can branch into same-species special state V"
"tinkatink",958,"NORMAL","NORMAL",958,"NORMAL","MEGA","SPECIAL_BRANCH","House rule: NORMAL can branch into same-species special state MEGA"
"tinkatink",958,"NORMAL","NORMAL",959,"NORMAL","NORMAL","STANDARD","Standard evolution from species tree"
"tinkatink",958,"NORMAL","V",958,"NORMAL","VMAX","SPECIAL_CHAIN","House rule: V can continue into same-species state VMAX"
"tinkatink",958,"NORMAL","V",958,"NORMAL","VSTAR","SPECIAL_CHAIN","House rule: V can continue into same-species state VSTAR"
"tinkatink",959,"NORMAL","NORMAL",959,"NORMAL","EX","SPECIAL_BRANCH","House rule: NORMAL can branch into same-species special state EX"
"tinkatink",959,"NORMAL","NORMAL",959,"NORMAL","GX","SPECIAL_BRANCH","House rule: NORMAL can branch into same-species special state GX"
"tinkatink",959,"NORMAL","NORMAL",959,"NORMAL","V","SPECIAL_BRANCH","House rule: NORMAL can branch into same-species special state V"
"tinkatink",959,"NORMAL","NORMAL",959,"NORMAL","MEGA","SPECIAL_BRANCH","House rule: NORMAL can branch into same-species special state MEGA"
"tinkatink",959,"NORMAL","V",959,"NORMAL","VMAX","SPECIAL_CHAIN","House rule: V can continue into same-species state VMAX"
"tinkatink",959,"NORMAL","V",959,"NORMAL","VSTAR","SPECIAL_CHAIN","House rule: V can continue into same-species state VSTAR"
"tirtouga",564,"NORMAL","NORMAL",564,"NORMAL","EX","SPECIAL_BRANCH","House rule: NORMAL can branch into same-species special state EX"
"tirtouga",564,"NORMAL","NORMAL",564,"NORMAL","GX","SPECIAL_BRANCH","House rule: NORMAL can branch into same-species special state GX"
"tirtouga",564,"NORMAL","NORMAL",564,"NORMAL","V","SPECIAL_BRANCH","House rule: NORMAL can branch into same-species special state V"
"tirtouga",564,"NORMAL","NORMAL",564,"NORMAL","MEGA","SPECIAL_BRANCH","House rule: NORMAL can branch into same-species special state MEGA"
"tirtouga",564,"NORMAL","NORMAL",565,"NORMAL","NORMAL","STANDARD","Standard evolution from species tree"
"tirtouga",564,"NORMAL","V",564,"NORMAL","VMAX","SPECIAL_CHAIN","House rule: V can continue into same-species state VMAX"
"tirtouga",564,"NORMAL","V",564,"NORMAL","VSTAR","SPECIAL_CHAIN","House rule: V can continue into same-species state VSTAR"
"tirtouga",565,"NORMAL","NORMAL",565,"NORMAL","EX","SPECIAL_BRANCH","House rule: NORMAL can branch into same-species special state EX"
"tirtouga",565,"NORMAL","NORMAL",565,"NORMAL","GX","SPECIAL_BRANCH","House rule: NORMAL can branch into same-species special state GX"
"tirtouga",565,"NORMAL","NORMAL",565,"NORMAL","V","SPECIAL_BRANCH","House rule: NORMAL can branch into same-species special state V"
"tirtouga",565,"NORMAL","NORMAL",565,"NORMAL","MEGA","SPECIAL_BRANCH","House rule: NORMAL can branch into same-species special state MEGA"
"tirtouga",565,"NORMAL","V",565,"NORMAL","VMAX","SPECIAL_CHAIN","House rule: V can continue into same-species state VMAX"
"tirtouga",565,"NORMAL","V",565,"NORMAL","VSTAR","SPECIAL_CHAIN","House rule: V can continue into same-species state VSTAR"
"toedscool",948,"NORMAL","NORMAL",948,"NORMAL","EX","SPECIAL_BRANCH","House rule: NORMAL can branch into same-species special state EX"
"toedscool",948,"NORMAL","NORMAL",948,"NORMAL","GX","SPECIAL_BRANCH","House rule: NORMAL can branch into same-species special state GX"
"toedscool",948,"NORMAL","NORMAL",948,"NORMAL","V","SPECIAL_BRANCH","House rule: NORMAL can branch into same-species special state V"
"toedscool",948,"NORMAL","NORMAL",948,"NORMAL","MEGA","SPECIAL_BRANCH","House rule: NORMAL can branch into same-species special state MEGA"
"toedscool",948,"NORMAL","NORMAL",949,"NORMAL","NORMAL","STANDARD","Standard evolution from species tree"
"toedscool",948,"NORMAL","V",948,"NORMAL","VMAX","SPECIAL_CHAIN","House rule: V can continue into same-species state VMAX"
"toedscool",948,"NORMAL","V",948,"NORMAL","VSTAR","SPECIAL_CHAIN","House rule: V can continue into same-species state VSTAR"
"toedscool",949,"NORMAL","NORMAL",949,"NORMAL","EX","SPECIAL_BRANCH","House rule: NORMAL can branch into same-species special state EX"
"toedscool",949,"NORMAL","NORMAL",949,"NORMAL","GX","SPECIAL_BRANCH","House rule: NORMAL can branch into same-species special state GX"
"toedscool",949,"NORMAL","NORMAL",949,"NORMAL","V","SPECIAL_BRANCH","House rule: NORMAL can branch into same-species special state V"
"toedscool",949,"NORMAL","NORMAL",949,"NORMAL","MEGA","SPECIAL_BRANCH","House rule: NORMAL can branch into same-species special state MEGA"
"toedscool",949,"NORMAL","V",949,"NORMAL","VMAX","SPECIAL_CHAIN","House rule: V can continue into same-species state VMAX"
"toedscool",949,"NORMAL","V",949,"NORMAL","VSTAR","SPECIAL_CHAIN","House rule: V can continue into same-species state VSTAR"
"togedemaru",777,"NORMAL","NORMAL",777,"NORMAL","EX","SPECIAL_BRANCH","House rule: NORMAL can branch into same-species special state EX"
"togedemaru",777,"NORMAL","NORMAL",777,"NORMAL","GX","SPECIAL_BRANCH","House rule: NORMAL can branch into same-species special state GX"
"togedemaru",777,"NORMAL","NORMAL",777,"NORMAL","V","SPECIAL_BRANCH","House rule: NORMAL can branch into same-species special state V"
"togedemaru",777,"NORMAL","NORMAL",777,"NORMAL","MEGA","SPECIAL_BRANCH","House rule: NORMAL can branch into same-species special state MEGA"
"togedemaru",777,"NORMAL","V",777,"NORMAL","VMAX","SPECIAL_CHAIN","House rule: V can continue into same-species state VMAX"
"togedemaru",777,"NORMAL","V",777,"NORMAL","VSTAR","SPECIAL_CHAIN","House rule: V can continue into same-species state VSTAR"
"togepi",175,"NORMAL","NORMAL",176,"NORMAL","NORMAL","STANDARD","Standard evolution from species tree"
"togepi",176,"NORMAL","NORMAL",176,"NORMAL","EX","SPECIAL_BRANCH","House rule: NORMAL can branch into same-species special state EX"
"togepi",176,"NORMAL","NORMAL",176,"NORMAL","GX","SPECIAL_BRANCH","House rule: NORMAL can branch into same-species special state GX"
"togepi",176,"NORMAL","NORMAL",176,"NORMAL","V","SPECIAL_BRANCH","House rule: NORMAL can branch into same-species special state V"
"togepi",176,"NORMAL","NORMAL",176,"NORMAL","MEGA","SPECIAL_BRANCH","House rule: NORMAL can branch into same-species special state MEGA"
"togepi",176,"NORMAL","NORMAL",468,"NORMAL","NORMAL","STANDARD","Standard evolution from species tree"
"togepi",176,"NORMAL","V",176,"NORMAL","VMAX","SPECIAL_CHAIN","House rule: V can continue into same-species state VMAX"
"togepi",176,"NORMAL","V",176,"NORMAL","VSTAR","SPECIAL_CHAIN","House rule: V can continue into same-species state VSTAR"
"togepi",468,"NORMAL","NORMAL",468,"NORMAL","EX","SPECIAL_BRANCH","House rule: NORMAL can branch into same-species special state EX"
"togepi",468,"NORMAL","NORMAL",468,"NORMAL","GX","SPECIAL_BRANCH","House rule: NORMAL can branch into same-species special state GX"
"togepi",468,"NORMAL","NORMAL",468,"NORMAL","V","SPECIAL_BRANCH","House rule: NORMAL can branch into same-species special state V"
"togepi",468,"NORMAL","NORMAL",468,"NORMAL","MEGA","SPECIAL_BRANCH","House rule: NORMAL can branch into same-species special state MEGA"
"togepi",468,"NORMAL","V",468,"NORMAL","VMAX","SPECIAL_CHAIN","House rule: V can continue into same-species state VMAX"
"togepi",468,"NORMAL","V",468,"NORMAL","VSTAR","SPECIAL_CHAIN","House rule: V can continue into same-species state VSTAR"
"torchic",255,"NORMAL","NORMAL",255,"NORMAL","EX","SPECIAL_BRANCH","House rule: NORMAL can branch into same-species special state EX"
"torchic",255,"NORMAL","NORMAL",255,"NORMAL","GX","SPECIAL_BRANCH","House rule: NORMAL can branch into same-species special state GX"
"torchic",255,"NORMAL","NORMAL",255,"NORMAL","V","SPECIAL_BRANCH","House rule: NORMAL can branch into same-species special state V"
"torchic",255,"NORMAL","NORMAL",255,"NORMAL","MEGA","SPECIAL_BRANCH","House rule: NORMAL can branch into same-species special state MEGA"
"torchic",255,"NORMAL","NORMAL",256,"NORMAL","NORMAL","STANDARD","Standard evolution from species tree"
"torchic",255,"NORMAL","V",255,"NORMAL","VMAX","SPECIAL_CHAIN","House rule: V can continue into same-species state VMAX"
"torchic",255,"NORMAL","V",255,"NORMAL","VSTAR","SPECIAL_CHAIN","House rule: V can continue into same-species state VSTAR"
"torchic",256,"NORMAL","NORMAL",256,"NORMAL","EX","SPECIAL_BRANCH","House rule: NORMAL can branch into same-species special state EX"
"torchic",256,"NORMAL","NORMAL",256,"NORMAL","GX","SPECIAL_BRANCH","House rule: NORMAL can branch into same-species special state GX"
"torchic",256,"NORMAL","NORMAL",256,"NORMAL","V","SPECIAL_BRANCH","House rule: NORMAL can branch into same-species special state V"
"torchic",256,"NORMAL","NORMAL",256,"NORMAL","MEGA","SPECIAL_BRANCH","House rule: NORMAL can branch into same-species special state MEGA"
"torchic",256,"NORMAL","NORMAL",257,"NORMAL","NORMAL","STANDARD","Standard evolution from species tree"
"torchic",256,"NORMAL","V",256,"NORMAL","VMAX","SPECIAL_CHAIN","House rule: V can continue into same-species state VMAX"
"torchic",256,"NORMAL","V",256,"NORMAL","VSTAR","SPECIAL_CHAIN","House rule: V can continue into same-species state VSTAR"
"torchic",257,"NORMAL","NORMAL",257,"NORMAL","EX","SPECIAL_BRANCH","House rule: NORMAL can branch into same-species special state EX"
"torchic",257,"NORMAL","NORMAL",257,"NORMAL","GX","SPECIAL_BRANCH","House rule: NORMAL can branch into same-species special state GX"
"torchic",257,"NORMAL","NORMAL",257,"NORMAL","V","SPECIAL_BRANCH","House rule: NORMAL can branch into same-species special state V"
"torchic",257,"NORMAL","NORMAL",257,"NORMAL","MEGA","SPECIAL_BRANCH","House rule: NORMAL can branch into same-species special state MEGA"
"torchic",257,"NORMAL","V",257,"NORMAL","VMAX","SPECIAL_CHAIN","House rule: V can continue into same-species state VMAX"
"torchic",257,"NORMAL","V",257,"NORMAL","VSTAR","SPECIAL_CHAIN","House rule: V can continue into same-species state VSTAR"
"torkoal",324,"NORMAL","NORMAL",324,"NORMAL","EX","SPECIAL_BRANCH","House rule: NORMAL can branch into same-species special state EX"
"torkoal",324,"NORMAL","NORMAL",324,"NORMAL","GX","SPECIAL_BRANCH","House rule: NORMAL can branch into same-species special state GX"
"torkoal",324,"NORMAL","NORMAL",324,"NORMAL","V","SPECIAL_BRANCH","House rule: NORMAL can branch into same-species special state V"
"torkoal",324,"NORMAL","NORMAL",324,"NORMAL","MEGA","SPECIAL_BRANCH","House rule: NORMAL can branch into same-species special state MEGA"
"torkoal",324,"NORMAL","V",324,"NORMAL","VMAX","SPECIAL_CHAIN","House rule: V can continue into same-species state VMAX"
"torkoal",324,"NORMAL","V",324,"NORMAL","VSTAR","SPECIAL_CHAIN","House rule: V can continue into same-species state VSTAR"
"tornadus",641,"NORMAL","NORMAL",641,"NORMAL","EX","SPECIAL_BRANCH","House rule: NORMAL can branch into same-species special state EX"
"tornadus",641,"NORMAL","NORMAL",641,"NORMAL","GX","SPECIAL_BRANCH","House rule: NORMAL can branch into same-species special state GX"
"tornadus",641,"NORMAL","NORMAL",641,"NORMAL","V","SPECIAL_BRANCH","House rule: NORMAL can branch into same-species special state V"
"tornadus",641,"NORMAL","NORMAL",641,"NORMAL","MEGA","SPECIAL_BRANCH","House rule: NORMAL can branch into same-species special state MEGA"
"tornadus",641,"NORMAL","V",641,"NORMAL","VMAX","SPECIAL_CHAIN","House rule: V can continue into same-species state VMAX"
"tornadus",641,"NORMAL","V",641,"NORMAL","VSTAR","SPECIAL_CHAIN","House rule: V can continue into same-species state VSTAR"
"totodile",158,"NORMAL","NORMAL",158,"NORMAL","EX","SPECIAL_BRANCH","House rule: NORMAL can branch into same-species special state EX"
"totodile",158,"NORMAL","NORMAL",158,"NORMAL","GX","SPECIAL_BRANCH","House rule: NORMAL can branch into same-species special state GX"
"totodile",158,"NORMAL","NORMAL",158,"NORMAL","V","SPECIAL_BRANCH","House rule: NORMAL can branch into same-species special state V"
"totodile",158,"NORMAL","NORMAL",158,"NORMAL","MEGA","SPECIAL_BRANCH","House rule: NORMAL can branch into same-species special state MEGA"
"totodile",158,"NORMAL","NORMAL",159,"NORMAL","NORMAL","STANDARD","Standard evolution from species tree"
"totodile",158,"NORMAL","V",158,"NORMAL","VMAX","SPECIAL_CHAIN","House rule: V can continue into same-species state VMAX"
"totodile",158,"NORMAL","V",158,"NORMAL","VSTAR","SPECIAL_CHAIN","House rule: V can continue into same-species state VSTAR"
"totodile",159,"NORMAL","NORMAL",159,"NORMAL","EX","SPECIAL_BRANCH","House rule: NORMAL can branch into same-species special state EX"
"totodile",159,"NORMAL","NORMAL",159,"NORMAL","GX","SPECIAL_BRANCH","House rule: NORMAL can branch into same-species special state GX"
"totodile",159,"NORMAL","NORMAL",159,"NORMAL","V","SPECIAL_BRANCH","House rule: NORMAL can branch into same-species special state V"
"totodile",159,"NORMAL","NORMAL",159,"NORMAL","MEGA","SPECIAL_BRANCH","House rule: NORMAL can branch into same-species special state MEGA"
"totodile",159,"NORMAL","NORMAL",160,"NORMAL","NORMAL","STANDARD","Standard evolution from species tree"
"totodile",159,"NORMAL","V",159,"NORMAL","VMAX","SPECIAL_CHAIN","House rule: V can continue into same-species state VMAX"
"totodile",159,"NORMAL","V",159,"NORMAL","VSTAR","SPECIAL_CHAIN","House rule: V can continue into same-species state VSTAR"
"totodile",160,"NORMAL","NORMAL",160,"NORMAL","EX","SPECIAL_BRANCH","House rule: NORMAL can branch into same-species special state EX"
"totodile",160,"NORMAL","NORMAL",160,"NORMAL","GX","SPECIAL_BRANCH","House rule: NORMAL can branch into same-species special state GX"
"totodile",160,"NORMAL","NORMAL",160,"NORMAL","V","SPECIAL_BRANCH","House rule: NORMAL can branch into same-species special state V"
"totodile",160,"NORMAL","NORMAL",160,"NORMAL","MEGA","SPECIAL_BRANCH","House rule: NORMAL can branch into same-species special state MEGA"
"totodile",160,"NORMAL","V",160,"NORMAL","VMAX","SPECIAL_CHAIN","House rule: V can continue into same-species state VMAX"
"totodile",160,"NORMAL","V",160,"NORMAL","VSTAR","SPECIAL_CHAIN","House rule: V can continue into same-species state VSTAR"
"toxel",848,"NORMAL","NORMAL",849,"NORMAL","NORMAL","STANDARD","Standard evolution from species tree"
"toxel",849,"NORMAL","NORMAL",849,"NORMAL","EX","SPECIAL_BRANCH","House rule: NORMAL can branch into same-species special state EX"
"toxel",849,"NORMAL","NORMAL",849,"NORMAL","GX","SPECIAL_BRANCH","House rule: NORMAL can branch into same-species special state GX"
"toxel",849,"NORMAL","NORMAL",849,"NORMAL","V","SPECIAL_BRANCH","House rule: NORMAL can branch into same-species special state V"
"toxel",849,"NORMAL","NORMAL",849,"NORMAL","MEGA","SPECIAL_BRANCH","House rule: NORMAL can branch into same-species special state MEGA"
"toxel",849,"NORMAL","V",849,"NORMAL","VMAX","SPECIAL_CHAIN","House rule: V can continue into same-species state VMAX"
"toxel",849,"NORMAL","V",849,"NORMAL","VSTAR","SPECIAL_CHAIN","House rule: V can continue into same-species state VSTAR"
"trapinch",328,"NORMAL","NORMAL",328,"NORMAL","EX","SPECIAL_BRANCH","House rule: NORMAL can branch into same-species special state EX"
"trapinch",328,"NORMAL","NORMAL",328,"NORMAL","GX","SPECIAL_BRANCH","House rule: NORMAL can branch into same-species special state GX"
"trapinch",328,"NORMAL","NORMAL",328,"NORMAL","V","SPECIAL_BRANCH","House rule: NORMAL can branch into same-species special state V"
"trapinch",328,"NORMAL","NORMAL",328,"NORMAL","MEGA","SPECIAL_BRANCH","House rule: NORMAL can branch into same-species special state MEGA"
"trapinch",328,"NORMAL","NORMAL",329,"NORMAL","NORMAL","STANDARD","Standard evolution from species tree"
"trapinch",328,"NORMAL","V",328,"NORMAL","VMAX","SPECIAL_CHAIN","House rule: V can continue into same-species state VMAX"
"trapinch",328,"NORMAL","V",328,"NORMAL","VSTAR","SPECIAL_CHAIN","House rule: V can continue into same-species state VSTAR"
"trapinch",329,"NORMAL","NORMAL",329,"NORMAL","EX","SPECIAL_BRANCH","House rule: NORMAL can branch into same-species special state EX"
"trapinch",329,"NORMAL","NORMAL",329,"NORMAL","GX","SPECIAL_BRANCH","House rule: NORMAL can branch into same-species special state GX"
"trapinch",329,"NORMAL","NORMAL",329,"NORMAL","V","SPECIAL_BRANCH","House rule: NORMAL can branch into same-species special state V"
"trapinch",329,"NORMAL","NORMAL",329,"NORMAL","MEGA","SPECIAL_BRANCH","House rule: NORMAL can branch into same-species special state MEGA"
"trapinch",329,"NORMAL","NORMAL",330,"NORMAL","NORMAL","STANDARD","Standard evolution from species tree"
"trapinch",329,"NORMAL","V",329,"NORMAL","VMAX","SPECIAL_CHAIN","House rule: V can continue into same-species state VMAX"
"trapinch",329,"NORMAL","V",329,"NORMAL","VSTAR","SPECIAL_CHAIN","House rule: V can continue into same-species state VSTAR"
"trapinch",330,"NORMAL","NORMAL",330,"NORMAL","EX","SPECIAL_BRANCH","House rule: NORMAL can branch into same-species special state EX"
"trapinch",330,"NORMAL","NORMAL",330,"NORMAL","GX","SPECIAL_BRANCH","House rule: NORMAL can branch into same-species special state GX"
"trapinch",330,"NORMAL","NORMAL",330,"NORMAL","V","SPECIAL_BRANCH","House rule: NORMAL can branch into same-species special state V"
"trapinch",330,"NORMAL","NORMAL",330,"NORMAL","MEGA","SPECIAL_BRANCH","House rule: NORMAL can branch into same-species special state MEGA"
"trapinch",330,"NORMAL","V",330,"NORMAL","VMAX","SPECIAL_CHAIN","House rule: V can continue into same-species state VMAX"
"trapinch",330,"NORMAL","V",330,"NORMAL","VSTAR","SPECIAL_CHAIN","House rule: V can continue into same-species state VSTAR"
"treecko",252,"NORMAL","NORMAL",252,"NORMAL","EX","SPECIAL_BRANCH","House rule: NORMAL can branch into same-species special state EX"
"treecko",252,"NORMAL","NORMAL",252,"NORMAL","GX","SPECIAL_BRANCH","House rule: NORMAL can branch into same-species special state GX"
"treecko",252,"NORMAL","NORMAL",252,"NORMAL","V","SPECIAL_BRANCH","House rule: NORMAL can branch into same-species special state V"
"treecko",252,"NORMAL","NORMAL",252,"NORMAL","MEGA","SPECIAL_BRANCH","House rule: NORMAL can branch into same-species special state MEGA"
"treecko",252,"NORMAL","NORMAL",253,"NORMAL","NORMAL","STANDARD","Standard evolution from species tree"
"treecko",252,"NORMAL","V",252,"NORMAL","VMAX","SPECIAL_CHAIN","House rule: V can continue into same-species state VMAX"
"treecko",252,"NORMAL","V",252,"NORMAL","VSTAR","SPECIAL_CHAIN","House rule: V can continue into same-species state VSTAR"
"treecko",253,"NORMAL","NORMAL",253,"NORMAL","EX","SPECIAL_BRANCH","House rule: NORMAL can branch into same-species special state EX"
"treecko",253,"NORMAL","NORMAL",253,"NORMAL","GX","SPECIAL_BRANCH","House rule: NORMAL can branch into same-species special state GX"
"treecko",253,"NORMAL","NORMAL",253,"NORMAL","V","SPECIAL_BRANCH","House rule: NORMAL can branch into same-species special state V"
"treecko",253,"NORMAL","NORMAL",253,"NORMAL","MEGA","SPECIAL_BRANCH","House rule: NORMAL can branch into same-species special state MEGA"
"treecko",253,"NORMAL","NORMAL",254,"NORMAL","NORMAL","STANDARD","Standard evolution from species tree"
"treecko",253,"NORMAL","V",253,"NORMAL","VMAX","SPECIAL_CHAIN","House rule: V can continue into same-species state VMAX"
"treecko",253,"NORMAL","V",253,"NORMAL","VSTAR","SPECIAL_CHAIN","House rule: V can continue into same-species state VSTAR"
"treecko",254,"NORMAL","NORMAL",254,"NORMAL","EX","SPECIAL_BRANCH","House rule: NORMAL can branch into same-species special state EX"
"treecko",254,"NORMAL","NORMAL",254,"NORMAL","GX","SPECIAL_BRANCH","House rule: NORMAL can branch into same-species special state GX"
"treecko",254,"NORMAL","NORMAL",254,"NORMAL","V","SPECIAL_BRANCH","House rule: NORMAL can branch into same-species special state V"
"treecko",254,"NORMAL","NORMAL",254,"NORMAL","MEGA","SPECIAL_BRANCH","House rule: NORMAL can branch into same-species special state MEGA"
"treecko",254,"NORMAL","V",254,"NORMAL","VMAX","SPECIAL_CHAIN","House rule: V can continue into same-species state VMAX"
"treecko",254,"NORMAL","V",254,"NORMAL","VSTAR","SPECIAL_CHAIN","House rule: V can continue into same-species state VSTAR"
"tropius",357,"NORMAL","NORMAL",357,"NORMAL","EX","SPECIAL_BRANCH","House rule: NORMAL can branch into same-species special state EX"
"tropius",357,"NORMAL","NORMAL",357,"NORMAL","GX","SPECIAL_BRANCH","House rule: NORMAL can branch into same-species special state GX"
"tropius",357,"NORMAL","NORMAL",357,"NORMAL","V","SPECIAL_BRANCH","House rule: NORMAL can branch into same-species special state V"
"tropius",357,"NORMAL","NORMAL",357,"NORMAL","MEGA","SPECIAL_BRANCH","House rule: NORMAL can branch into same-species special state MEGA"
"tropius",357,"NORMAL","V",357,"NORMAL","VMAX","SPECIAL_CHAIN","House rule: V can continue into same-species state VMAX"
"tropius",357,"NORMAL","V",357,"NORMAL","VSTAR","SPECIAL_CHAIN","House rule: V can continue into same-species state VSTAR"
"trubbish",568,"NORMAL","NORMAL",568,"NORMAL","EX","SPECIAL_BRANCH","House rule: NORMAL can branch into same-species special state EX"
"trubbish",568,"NORMAL","NORMAL",568,"NORMAL","GX","SPECIAL_BRANCH","House rule: NORMAL can branch into same-species special state GX"
"trubbish",568,"NORMAL","NORMAL",568,"NORMAL","V","SPECIAL_BRANCH","House rule: NORMAL can branch into same-species special state V"
"trubbish",568,"NORMAL","NORMAL",568,"NORMAL","MEGA","SPECIAL_BRANCH","House rule: NORMAL can branch into same-species special state MEGA"
"trubbish",568,"NORMAL","NORMAL",569,"NORMAL","NORMAL","STANDARD","Standard evolution from species tree"
"trubbish",568,"NORMAL","V",568,"NORMAL","VMAX","SPECIAL_CHAIN","House rule: V can continue into same-species state VMAX"
"trubbish",568,"NORMAL","V",568,"NORMAL","VSTAR","SPECIAL_CHAIN","House rule: V can continue into same-species state VSTAR"
"trubbish",569,"NORMAL","NORMAL",569,"NORMAL","EX","SPECIAL_BRANCH","House rule: NORMAL can branch into same-species special state EX"
"trubbish",569,"NORMAL","NORMAL",569,"NORMAL","GX","SPECIAL_BRANCH","House rule: NORMAL can branch into same-species special state GX"
"trubbish",569,"NORMAL","NORMAL",569,"NORMAL","V","SPECIAL_BRANCH","House rule: NORMAL can branch into same-species special state V"
"trubbish",569,"NORMAL","NORMAL",569,"NORMAL","MEGA","SPECIAL_BRANCH","House rule: NORMAL can branch into same-species special state MEGA"
"trubbish",569,"NORMAL","V",569,"NORMAL","VMAX","SPECIAL_CHAIN","House rule: V can continue into same-species state VMAX"
"trubbish",569,"NORMAL","V",569,"NORMAL","VSTAR","SPECIAL_CHAIN","House rule: V can continue into same-species state VSTAR"
"turtonator",776,"NORMAL","NORMAL",776,"NORMAL","EX","SPECIAL_BRANCH","House rule: NORMAL can branch into same-species special state EX"
"turtonator",776,"NORMAL","NORMAL",776,"NORMAL","GX","SPECIAL_BRANCH","House rule: NORMAL can branch into same-species special state GX"
"turtonator",776,"NORMAL","NORMAL",776,"NORMAL","V","SPECIAL_BRANCH","House rule: NORMAL can branch into same-species special state V"
"turtonator",776,"NORMAL","NORMAL",776,"NORMAL","MEGA","SPECIAL_BRANCH","House rule: NORMAL can branch into same-species special state MEGA"
"turtonator",776,"NORMAL","V",776,"NORMAL","VMAX","SPECIAL_CHAIN","House rule: V can continue into same-species state VMAX"
"turtonator",776,"NORMAL","V",776,"NORMAL","VSTAR","SPECIAL_CHAIN","House rule: V can continue into same-species state VSTAR"
"turtwig",387,"NORMAL","NORMAL",387,"NORMAL","EX","SPECIAL_BRANCH","House rule: NORMAL can branch into same-species special state EX"
"turtwig",387,"NORMAL","NORMAL",387,"NORMAL","GX","SPECIAL_BRANCH","House rule: NORMAL can branch into same-species special state GX"
"turtwig",387,"NORMAL","NORMAL",387,"NORMAL","V","SPECIAL_BRANCH","House rule: NORMAL can branch into same-species special state V"
"turtwig",387,"NORMAL","NORMAL",387,"NORMAL","MEGA","SPECIAL_BRANCH","House rule: NORMAL can branch into same-species special state MEGA"
"turtwig",387,"NORMAL","NORMAL",388,"NORMAL","NORMAL","STANDARD","Standard evolution from species tree"
"turtwig",387,"NORMAL","V",387,"NORMAL","VMAX","SPECIAL_CHAIN","House rule: V can continue into same-species state VMAX"
"turtwig",387,"NORMAL","V",387,"NORMAL","VSTAR","SPECIAL_CHAIN","House rule: V can continue into same-species state VSTAR"
"turtwig",388,"NORMAL","NORMAL",388,"NORMAL","EX","SPECIAL_BRANCH","House rule: NORMAL can branch into same-species special state EX"
"turtwig",388,"NORMAL","NORMAL",388,"NORMAL","GX","SPECIAL_BRANCH","House rule: NORMAL can branch into same-species special state GX"
"turtwig",388,"NORMAL","NORMAL",388,"NORMAL","V","SPECIAL_BRANCH","House rule: NORMAL can branch into same-species special state V"
"turtwig",388,"NORMAL","NORMAL",388,"NORMAL","MEGA","SPECIAL_BRANCH","House rule: NORMAL can branch into same-species special state MEGA"
"turtwig",388,"NORMAL","NORMAL",389,"NORMAL","NORMAL","STANDARD","Standard evolution from species tree"
"turtwig",388,"NORMAL","V",388,"NORMAL","VMAX","SPECIAL_CHAIN","House rule: V can continue into same-species state VMAX"
"turtwig",388,"NORMAL","V",388,"NORMAL","VSTAR","SPECIAL_CHAIN","House rule: V can continue into same-species state VSTAR"
"turtwig",389,"NORMAL","NORMAL",389,"NORMAL","EX","SPECIAL_BRANCH","House rule: NORMAL can branch into same-species special state EX"
"turtwig",389,"NORMAL","NORMAL",389,"NORMAL","GX","SPECIAL_BRANCH","House rule: NORMAL can branch into same-species special state GX"
"turtwig",389,"NORMAL","NORMAL",389,"NORMAL","V","SPECIAL_BRANCH","House rule: NORMAL can branch into same-species special state V"
"turtwig",389,"NORMAL","NORMAL",389,"NORMAL","MEGA","SPECIAL_BRANCH","House rule: NORMAL can branch into same-species special state MEGA"
"turtwig",389,"NORMAL","V",389,"NORMAL","VMAX","SPECIAL_CHAIN","House rule: V can continue into same-species state VMAX"
"turtwig",389,"NORMAL","V",389,"NORMAL","VSTAR","SPECIAL_CHAIN","House rule: V can continue into same-species state VSTAR"
"tympole",535,"NORMAL","NORMAL",535,"NORMAL","EX","SPECIAL_BRANCH","House rule: NORMAL can branch into same-species special state EX"
"tympole",535,"NORMAL","NORMAL",535,"NORMAL","GX","SPECIAL_BRANCH","House rule: NORMAL can branch into same-species special state GX"
"tympole",535,"NORMAL","NORMAL",535,"NORMAL","V","SPECIAL_BRANCH","House rule: NORMAL can branch into same-species special state V"
"tympole",535,"NORMAL","NORMAL",535,"NORMAL","MEGA","SPECIAL_BRANCH","House rule: NORMAL can branch into same-species special state MEGA"
"tympole",535,"NORMAL","NORMAL",536,"NORMAL","NORMAL","STANDARD","Standard evolution from species tree"
"tympole",535,"NORMAL","V",535,"NORMAL","VMAX","SPECIAL_CHAIN","House rule: V can continue into same-species state VMAX"
"tympole",535,"NORMAL","V",535,"NORMAL","VSTAR","SPECIAL_CHAIN","House rule: V can continue into same-species state VSTAR"
"tympole",536,"NORMAL","NORMAL",536,"NORMAL","EX","SPECIAL_BRANCH","House rule: NORMAL can branch into same-species special state EX"
"tympole",536,"NORMAL","NORMAL",536,"NORMAL","GX","SPECIAL_BRANCH","House rule: NORMAL can branch into same-species special state GX"
"tympole",536,"NORMAL","NORMAL",536,"NORMAL","V","SPECIAL_BRANCH","House rule: NORMAL can branch into same-species special state V"
"tympole",536,"NORMAL","NORMAL",536,"NORMAL","MEGA","SPECIAL_BRANCH","House rule: NORMAL can branch into same-species special state MEGA"
"tympole",536,"NORMAL","NORMAL",537,"NORMAL","NORMAL","STANDARD","Standard evolution from species tree"
"tympole",536,"NORMAL","V",536,"NORMAL","VMAX","SPECIAL_CHAIN","House rule: V can continue into same-species state VMAX"
"tympole",536,"NORMAL","V",536,"NORMAL","VSTAR","SPECIAL_CHAIN","House rule: V can continue into same-species state VSTAR"
"tympole",537,"NORMAL","NORMAL",537,"NORMAL","EX","SPECIAL_BRANCH","House rule: NORMAL can branch into same-species special state EX"
"tympole",537,"NORMAL","NORMAL",537,"NORMAL","GX","SPECIAL_BRANCH","House rule: NORMAL can branch into same-species special state GX"
"tympole",537,"NORMAL","NORMAL",537,"NORMAL","V","SPECIAL_BRANCH","House rule: NORMAL can branch into same-species special state V"
"tympole",537,"NORMAL","NORMAL",537,"NORMAL","MEGA","SPECIAL_BRANCH","House rule: NORMAL can branch into same-species special state MEGA"
"tympole",537,"NORMAL","V",537,"NORMAL","VMAX","SPECIAL_CHAIN","House rule: V can continue into same-species state VMAX"
"tympole",537,"NORMAL","V",537,"NORMAL","VSTAR","SPECIAL_CHAIN","House rule: V can continue into same-species state VSTAR"
"tynamo",602,"NORMAL","NORMAL",602,"NORMAL","EX","SPECIAL_BRANCH","House rule: NORMAL can branch into same-species special state EX"
"tynamo",602,"NORMAL","NORMAL",602,"NORMAL","GX","SPECIAL_BRANCH","House rule: NORMAL can branch into same-species special state GX"
"tynamo",602,"NORMAL","NORMAL",602,"NORMAL","V","SPECIAL_BRANCH","House rule: NORMAL can branch into same-species special state V"
"tynamo",602,"NORMAL","NORMAL",602,"NORMAL","MEGA","SPECIAL_BRANCH","House rule: NORMAL can branch into same-species special state MEGA"
"tynamo",602,"NORMAL","NORMAL",603,"NORMAL","NORMAL","STANDARD","Standard evolution from species tree"
"tynamo",602,"NORMAL","V",602,"NORMAL","VMAX","SPECIAL_CHAIN","House rule: V can continue into same-species state VMAX"
"tynamo",602,"NORMAL","V",602,"NORMAL","VSTAR","SPECIAL_CHAIN","House rule: V can continue into same-species state VSTAR"
"tynamo",603,"NORMAL","NORMAL",603,"NORMAL","EX","SPECIAL_BRANCH","House rule: NORMAL can branch into same-species special state EX"
"tynamo",603,"NORMAL","NORMAL",603,"NORMAL","GX","SPECIAL_BRANCH","House rule: NORMAL can branch into same-species special state GX"
"tynamo",603,"NORMAL","NORMAL",603,"NORMAL","V","SPECIAL_BRANCH","House rule: NORMAL can branch into same-species special state V"
"tynamo",603,"NORMAL","NORMAL",603,"NORMAL","MEGA","SPECIAL_BRANCH","House rule: NORMAL can branch into same-species special state MEGA"
"tynamo",603,"NORMAL","NORMAL",604,"NORMAL","NORMAL","STANDARD","Standard evolution from species tree"
"tynamo",603,"NORMAL","V",603,"NORMAL","VMAX","SPECIAL_CHAIN","House rule: V can continue into same-species state VMAX"
"tynamo",603,"NORMAL","V",603,"NORMAL","VSTAR","SPECIAL_CHAIN","House rule: V can continue into same-species state VSTAR"
"tynamo",604,"NORMAL","NORMAL",604,"NORMAL","EX","SPECIAL_BRANCH","House rule: NORMAL can branch into same-species special state EX"
"tynamo",604,"NORMAL","NORMAL",604,"NORMAL","GX","SPECIAL_BRANCH","House rule: NORMAL can branch into same-species special state GX"
"tynamo",604,"NORMAL","NORMAL",604,"NORMAL","V","SPECIAL_BRANCH","House rule: NORMAL can branch into same-species special state V"
"tynamo",604,"NORMAL","NORMAL",604,"NORMAL","MEGA","SPECIAL_BRANCH","House rule: NORMAL can branch into same-species special state MEGA"
"tynamo",604,"NORMAL","V",604,"NORMAL","VMAX","SPECIAL_CHAIN","House rule: V can continue into same-species state VMAX"
"tynamo",604,"NORMAL","V",604,"NORMAL","VSTAR","SPECIAL_CHAIN","House rule: V can continue into same-species state VSTAR"
"type-null",772,"NORMAL","NORMAL",772,"NORMAL","EX","SPECIAL_BRANCH","House rule: NORMAL can branch into same-species special state EX"
"type-null",772,"NORMAL","NORMAL",772,"NORMAL","GX","SPECIAL_BRANCH","House rule: NORMAL can branch into same-species special state GX"
"type-null",772,"NORMAL","NORMAL",772,"NORMAL","V","SPECIAL_BRANCH","House rule: NORMAL can branch into same-species special state V"
"type-null",772,"NORMAL","NORMAL",772,"NORMAL","MEGA","SPECIAL_BRANCH","House rule: NORMAL can branch into same-species special state MEGA"
"type-null",772,"NORMAL","NORMAL",773,"NORMAL","NORMAL","STANDARD","Standard evolution from species tree"
"type-null",772,"NORMAL","V",772,"NORMAL","VMAX","SPECIAL_CHAIN","House rule: V can continue into same-species state VMAX"
"type-null",772,"NORMAL","V",772,"NORMAL","VSTAR","SPECIAL_CHAIN","House rule: V can continue into same-species state VSTAR"
"type-null",773,"NORMAL","NORMAL",773,"NORMAL","EX","SPECIAL_BRANCH","House rule: NORMAL can branch into same-species special state EX"
"type-null",773,"NORMAL","NORMAL",773,"NORMAL","GX","SPECIAL_BRANCH","House rule: NORMAL can branch into same-species special state GX"
"type-null",773,"NORMAL","NORMAL",773,"NORMAL","V","SPECIAL_BRANCH","House rule: NORMAL can branch into same-species special state V"
"type-null",773,"NORMAL","NORMAL",773,"NORMAL","MEGA","SPECIAL_BRANCH","House rule: NORMAL can branch into same-species special state MEGA"
"type-null",773,"NORMAL","V",773,"NORMAL","VMAX","SPECIAL_CHAIN","House rule: V can continue into same-species state VMAX"
"type-null",773,"NORMAL","V",773,"NORMAL","VSTAR","SPECIAL_CHAIN","House rule: V can continue into same-species state VSTAR"
"tyrogue",106,"NORMAL","NORMAL",106,"NORMAL","EX","SPECIAL_BRANCH","House rule: NORMAL can branch into same-species special state EX"
"tyrogue",106,"NORMAL","NORMAL",106,"NORMAL","GX","SPECIAL_BRANCH","House rule: NORMAL can branch into same-species special state GX"
"tyrogue",106,"NORMAL","NORMAL",106,"NORMAL","V","SPECIAL_BRANCH","House rule: NORMAL can branch into same-species special state V"
"tyrogue",106,"NORMAL","NORMAL",106,"NORMAL","MEGA","SPECIAL_BRANCH","House rule: NORMAL can branch into same-species special state MEGA"
"tyrogue",106,"NORMAL","V",106,"NORMAL","VMAX","SPECIAL_CHAIN","House rule: V can continue into same-species state VMAX"
"tyrogue",106,"NORMAL","V",106,"NORMAL","VSTAR","SPECIAL_CHAIN","House rule: V can continue into same-species state VSTAR"
"tyrogue",107,"NORMAL","NORMAL",107,"NORMAL","EX","SPECIAL_BRANCH","House rule: NORMAL can branch into same-species special state EX"
"tyrogue",107,"NORMAL","NORMAL",107,"NORMAL","GX","SPECIAL_BRANCH","House rule: NORMAL can branch into same-species special state GX"
"tyrogue",107,"NORMAL","NORMAL",107,"NORMAL","V","SPECIAL_BRANCH","House rule: NORMAL can branch into same-species special state V"
"tyrogue",107,"NORMAL","NORMAL",107,"NORMAL","MEGA","SPECIAL_BRANCH","House rule: NORMAL can branch into same-species special state MEGA"
"tyrogue",107,"NORMAL","V",107,"NORMAL","VMAX","SPECIAL_CHAIN","House rule: V can continue into same-species state VMAX"
"tyrogue",107,"NORMAL","V",107,"NORMAL","VSTAR","SPECIAL_CHAIN","House rule: V can continue into same-species state VSTAR"
"tyrogue",236,"NORMAL","NORMAL",106,"NORMAL","NORMAL","STANDARD","Standard evolution from species tree"
"tyrogue",236,"NORMAL","NORMAL",107,"NORMAL","NORMAL","STANDARD","Standard evolution from species tree"
"tyrogue",236,"NORMAL","NORMAL",237,"NORMAL","NORMAL","STANDARD","Standard evolution from species tree"
"tyrogue",237,"NORMAL","NORMAL",237,"NORMAL","EX","SPECIAL_BRANCH","House rule: NORMAL can branch into same-species special state EX"
"tyrogue",237,"NORMAL","NORMAL",237,"NORMAL","GX","SPECIAL_BRANCH","House rule: NORMAL can branch into same-species special state GX"
"tyrogue",237,"NORMAL","NORMAL",237,"NORMAL","V","SPECIAL_BRANCH","House rule: NORMAL can branch into same-species special state V"
"tyrogue",237,"NORMAL","NORMAL",237,"NORMAL","MEGA","SPECIAL_BRANCH","House rule: NORMAL can branch into same-species special state MEGA"
"tyrogue",237,"NORMAL","V",237,"NORMAL","VMAX","SPECIAL_CHAIN","House rule: V can continue into same-species state VMAX"
"tyrogue",237,"NORMAL","V",237,"NORMAL","VSTAR","SPECIAL_CHAIN","House rule: V can continue into same-species state VSTAR"
"tyrunt",696,"NORMAL","NORMAL",696,"NORMAL","EX","SPECIAL_BRANCH","House rule: NORMAL can branch into same-species special state EX"
"tyrunt",696,"NORMAL","NORMAL",696,"NORMAL","GX","SPECIAL_BRANCH","House rule: NORMAL can branch into same-species special state GX"
"tyrunt",696,"NORMAL","NORMAL",696,"NORMAL","V","SPECIAL_BRANCH","House rule: NORMAL can branch into same-species special state V"
"tyrunt",696,"NORMAL","NORMAL",696,"NORMAL","MEGA","SPECIAL_BRANCH","House rule: NORMAL can branch into same-species special state MEGA"
"tyrunt",696,"NORMAL","NORMAL",697,"NORMAL","NORMAL","STANDARD","Standard evolution from species tree"
"tyrunt",696,"NORMAL","V",696,"NORMAL","VMAX","SPECIAL_CHAIN","House rule: V can continue into same-species state VMAX"
"tyrunt",696,"NORMAL","V",696,"NORMAL","VSTAR","SPECIAL_CHAIN","House rule: V can continue into same-species state VSTAR"
"tyrunt",697,"NORMAL","NORMAL",697,"NORMAL","EX","SPECIAL_BRANCH","House rule: NORMAL can branch into same-species special state EX"
"tyrunt",697,"NORMAL","NORMAL",697,"NORMAL","GX","SPECIAL_BRANCH","House rule: NORMAL can branch into same-species special state GX"
"tyrunt",697,"NORMAL","NORMAL",697,"NORMAL","V","SPECIAL_BRANCH","House rule: NORMAL can branch into same-species special state V"
"tyrunt",697,"NORMAL","NORMAL",697,"NORMAL","MEGA","SPECIAL_BRANCH","House rule: NORMAL can branch into same-species special state MEGA"
"tyrunt",697,"NORMAL","V",697,"NORMAL","VMAX","SPECIAL_CHAIN","House rule: V can continue into same-species state VMAX"
"tyrunt",697,"NORMAL","V",697,"NORMAL","VSTAR","SPECIAL_CHAIN","House rule: V can continue into same-species state VSTAR"
"unown",201,"NORMAL","NORMAL",201,"NORMAL","EX","SPECIAL_BRANCH","House rule: NORMAL can branch into same-species special state EX"
"unown",201,"NORMAL","NORMAL",201,"NORMAL","GX","SPECIAL_BRANCH","House rule: NORMAL can branch into same-species special state GX"
"unown",201,"NORMAL","NORMAL",201,"NORMAL","V","SPECIAL_BRANCH","House rule: NORMAL can branch into same-species special state V"
"unown",201,"NORMAL","NORMAL",201,"NORMAL","MEGA","SPECIAL_BRANCH","House rule: NORMAL can branch into same-species special state MEGA"
"unown",201,"NORMAL","V",201,"NORMAL","VMAX","SPECIAL_CHAIN","House rule: V can continue into same-species state VMAX"
"unown",201,"NORMAL","V",201,"NORMAL","VSTAR","SPECIAL_CHAIN","House rule: V can continue into same-species state VSTAR"
"uxie",480,"NORMAL","NORMAL",480,"NORMAL","EX","SPECIAL_BRANCH","House rule: NORMAL can branch into same-species special state EX"
"uxie",480,"NORMAL","NORMAL",480,"NORMAL","GX","SPECIAL_BRANCH","House rule: NORMAL can branch into same-species special state GX"
"uxie",480,"NORMAL","NORMAL",480,"NORMAL","V","SPECIAL_BRANCH","House rule: NORMAL can branch into same-species special state V"
"uxie",480,"NORMAL","NORMAL",480,"NORMAL","MEGA","SPECIAL_BRANCH","House rule: NORMAL can branch into same-species special state MEGA"
"uxie",480,"NORMAL","V",480,"NORMAL","VMAX","SPECIAL_CHAIN","House rule: V can continue into same-species state VMAX"
"uxie",480,"NORMAL","V",480,"NORMAL","VSTAR","SPECIAL_CHAIN","House rule: V can continue into same-species state VSTAR"
"vanillite",582,"NORMAL","NORMAL",582,"NORMAL","EX","SPECIAL_BRANCH","House rule: NORMAL can branch into same-species special state EX"
"vanillite",582,"NORMAL","NORMAL",582,"NORMAL","GX","SPECIAL_BRANCH","House rule: NORMAL can branch into same-species special state GX"
"vanillite",582,"NORMAL","NORMAL",582,"NORMAL","V","SPECIAL_BRANCH","House rule: NORMAL can branch into same-species special state V"
"vanillite",582,"NORMAL","NORMAL",582,"NORMAL","MEGA","SPECIAL_BRANCH","House rule: NORMAL can branch into same-species special state MEGA"
"vanillite",582,"NORMAL","NORMAL",583,"NORMAL","NORMAL","STANDARD","Standard evolution from species tree"
"vanillite",582,"NORMAL","V",582,"NORMAL","VMAX","SPECIAL_CHAIN","House rule: V can continue into same-species state VMAX"
"vanillite",582,"NORMAL","V",582,"NORMAL","VSTAR","SPECIAL_CHAIN","House rule: V can continue into same-species state VSTAR"
"vanillite",583,"NORMAL","NORMAL",583,"NORMAL","EX","SPECIAL_BRANCH","House rule: NORMAL can branch into same-species special state EX"
"vanillite",583,"NORMAL","NORMAL",583,"NORMAL","GX","SPECIAL_BRANCH","House rule: NORMAL can branch into same-species special state GX"
"vanillite",583,"NORMAL","NORMAL",583,"NORMAL","V","SPECIAL_BRANCH","House rule: NORMAL can branch into same-species special state V"
"vanillite",583,"NORMAL","NORMAL",583,"NORMAL","MEGA","SPECIAL_BRANCH","House rule: NORMAL can branch into same-species special state MEGA"
"vanillite",583,"NORMAL","NORMAL",584,"NORMAL","NORMAL","STANDARD","Standard evolution from species tree"
"vanillite",583,"NORMAL","V",583,"NORMAL","VMAX","SPECIAL_CHAIN","House rule: V can continue into same-species state VMAX"
"vanillite",583,"NORMAL","V",583,"NORMAL","VSTAR","SPECIAL_CHAIN","House rule: V can continue into same-species state VSTAR"
"vanillite",584,"NORMAL","NORMAL",584,"NORMAL","EX","SPECIAL_BRANCH","House rule: NORMAL can branch into same-species special state EX"
"vanillite",584,"NORMAL","NORMAL",584,"NORMAL","GX","SPECIAL_BRANCH","House rule: NORMAL can branch into same-species special state GX"
"vanillite",584,"NORMAL","NORMAL",584,"NORMAL","V","SPECIAL_BRANCH","House rule: NORMAL can branch into same-species special state V"
"vanillite",584,"NORMAL","NORMAL",584,"NORMAL","MEGA","SPECIAL_BRANCH","House rule: NORMAL can branch into same-species special state MEGA"
"vanillite",584,"NORMAL","V",584,"NORMAL","VMAX","SPECIAL_CHAIN","House rule: V can continue into same-species state VMAX"
"vanillite",584,"NORMAL","V",584,"NORMAL","VSTAR","SPECIAL_CHAIN","House rule: V can continue into same-species state VSTAR"
"varoom",965,"NORMAL","NORMAL",965,"NORMAL","EX","SPECIAL_BRANCH","House rule: NORMAL can branch into same-species special state EX"
"varoom",965,"NORMAL","NORMAL",965,"NORMAL","GX","SPECIAL_BRANCH","House rule: NORMAL can branch into same-species special state GX"
"varoom",965,"NORMAL","NORMAL",965,"NORMAL","V","SPECIAL_BRANCH","House rule: NORMAL can branch into same-species special state V"
"varoom",965,"NORMAL","NORMAL",965,"NORMAL","MEGA","SPECIAL_BRANCH","House rule: NORMAL can branch into same-species special state MEGA"
"varoom",965,"NORMAL","NORMAL",966,"NORMAL","NORMAL","STANDARD","Standard evolution from species tree"
"varoom",965,"NORMAL","V",965,"NORMAL","VMAX","SPECIAL_CHAIN","House rule: V can continue into same-species state VMAX"
"varoom",965,"NORMAL","V",965,"NORMAL","VSTAR","SPECIAL_CHAIN","House rule: V can continue into same-species state VSTAR"
"varoom",966,"NORMAL","NORMAL",966,"NORMAL","EX","SPECIAL_BRANCH","House rule: NORMAL can branch into same-species special state EX"
"varoom",966,"NORMAL","NORMAL",966,"NORMAL","GX","SPECIAL_BRANCH","House rule: NORMAL can branch into same-species special state GX"
"varoom",966,"NORMAL","NORMAL",966,"NORMAL","V","SPECIAL_BRANCH","House rule: NORMAL can branch into same-species special state V"
"varoom",966,"NORMAL","NORMAL",966,"NORMAL","MEGA","SPECIAL_BRANCH","House rule: NORMAL can branch into same-species special state MEGA"
"varoom",966,"NORMAL","V",966,"NORMAL","VMAX","SPECIAL_CHAIN","House rule: V can continue into same-species state VMAX"
"varoom",966,"NORMAL","V",966,"NORMAL","VSTAR","SPECIAL_CHAIN","House rule: V can continue into same-species state VSTAR"
"veluza",976,"NORMAL","NORMAL",976,"NORMAL","EX","SPECIAL_BRANCH","House rule: NORMAL can branch into same-species special state EX"
"veluza",976,"NORMAL","NORMAL",976,"NORMAL","GX","SPECIAL_BRANCH","House rule: NORMAL can branch into same-species special state GX"
"veluza",976,"NORMAL","NORMAL",976,"NORMAL","V","SPECIAL_BRANCH","House rule: NORMAL can branch into same-species special state V"
"veluza",976,"NORMAL","NORMAL",976,"NORMAL","MEGA","SPECIAL_BRANCH","House rule: NORMAL can branch into same-species special state MEGA"
"veluza",976,"NORMAL","V",976,"NORMAL","VMAX","SPECIAL_CHAIN","House rule: V can continue into same-species state VMAX"
"veluza",976,"NORMAL","V",976,"NORMAL","VSTAR","SPECIAL_CHAIN","House rule: V can continue into same-species state VSTAR"
"venipede",543,"NORMAL","NORMAL",543,"NORMAL","EX","SPECIAL_BRANCH","House rule: NORMAL can branch into same-species special state EX"
"venipede",543,"NORMAL","NORMAL",543,"NORMAL","GX","SPECIAL_BRANCH","House rule: NORMAL can branch into same-species special state GX"
"venipede",543,"NORMAL","NORMAL",543,"NORMAL","V","SPECIAL_BRANCH","House rule: NORMAL can branch into same-species special state V"
"venipede",543,"NORMAL","NORMAL",543,"NORMAL","MEGA","SPECIAL_BRANCH","House rule: NORMAL can branch into same-species special state MEGA"
"venipede",543,"NORMAL","NORMAL",544,"NORMAL","NORMAL","STANDARD","Standard evolution from species tree"
"venipede",543,"NORMAL","V",543,"NORMAL","VMAX","SPECIAL_CHAIN","House rule: V can continue into same-species state VMAX"
"venipede",543,"NORMAL","V",543,"NORMAL","VSTAR","SPECIAL_CHAIN","House rule: V can continue into same-species state VSTAR"
"venipede",544,"NORMAL","NORMAL",544,"NORMAL","EX","SPECIAL_BRANCH","House rule: NORMAL can branch into same-species special state EX"
"venipede",544,"NORMAL","NORMAL",544,"NORMAL","GX","SPECIAL_BRANCH","House rule: NORMAL can branch into same-species special state GX"
"venipede",544,"NORMAL","NORMAL",544,"NORMAL","V","SPECIAL_BRANCH","House rule: NORMAL can branch into same-species special state V"
"venipede",544,"NORMAL","NORMAL",544,"NORMAL","MEGA","SPECIAL_BRANCH","House rule: NORMAL can branch into same-species special state MEGA"
"venipede",544,"NORMAL","NORMAL",545,"NORMAL","NORMAL","STANDARD","Standard evolution from species tree"
"venipede",544,"NORMAL","V",544,"NORMAL","VMAX","SPECIAL_CHAIN","House rule: V can continue into same-species state VMAX"
"venipede",544,"NORMAL","V",544,"NORMAL","VSTAR","SPECIAL_CHAIN","House rule: V can continue into same-species state VSTAR"
"venipede",545,"NORMAL","NORMAL",545,"NORMAL","EX","SPECIAL_BRANCH","House rule: NORMAL can branch into same-species special state EX"
"venipede",545,"NORMAL","NORMAL",545,"NORMAL","GX","SPECIAL_BRANCH","House rule: NORMAL can branch into same-species special state GX"
"venipede",545,"NORMAL","NORMAL",545,"NORMAL","V","SPECIAL_BRANCH","House rule: NORMAL can branch into same-species special state V"
"venipede",545,"NORMAL","NORMAL",545,"NORMAL","MEGA","SPECIAL_BRANCH","House rule: NORMAL can branch into same-species special state MEGA"
"venipede",545,"NORMAL","V",545,"NORMAL","VMAX","SPECIAL_CHAIN","House rule: V can continue into same-species state VMAX"
"venipede",545,"NORMAL","V",545,"NORMAL","VSTAR","SPECIAL_CHAIN","House rule: V can continue into same-species state VSTAR"
"venonat",48,"NORMAL","NORMAL",48,"NORMAL","EX","SPECIAL_BRANCH","House rule: NORMAL can branch into same-species special state EX"
"venonat",48,"NORMAL","NORMAL",48,"NORMAL","GX","SPECIAL_BRANCH","House rule: NORMAL can branch into same-species special state GX"
"venonat",48,"NORMAL","NORMAL",48,"NORMAL","V","SPECIAL_BRANCH","House rule: NORMAL can branch into same-species special state V"
"venonat",48,"NORMAL","NORMAL",48,"NORMAL","MEGA","SPECIAL_BRANCH","House rule: NORMAL can branch into same-species special state MEGA"
"venonat",48,"NORMAL","NORMAL",49,"NORMAL","NORMAL","STANDARD","Standard evolution from species tree"
"venonat",48,"NORMAL","V",48,"NORMAL","VMAX","SPECIAL_CHAIN","House rule: V can continue into same-species state VMAX"
"venonat",48,"NORMAL","V",48,"NORMAL","VSTAR","SPECIAL_CHAIN","House rule: V can continue into same-species state VSTAR"
"venonat",49,"NORMAL","NORMAL",49,"NORMAL","EX","SPECIAL_BRANCH","House rule: NORMAL can branch into same-species special state EX"
"venonat",49,"NORMAL","NORMAL",49,"NORMAL","GX","SPECIAL_BRANCH","House rule: NORMAL can branch into same-species special state GX"
"venonat",49,"NORMAL","NORMAL",49,"NORMAL","V","SPECIAL_BRANCH","House rule: NORMAL can branch into same-species special state V"
"venonat",49,"NORMAL","NORMAL",49,"NORMAL","MEGA","SPECIAL_BRANCH","House rule: NORMAL can branch into same-species special state MEGA"
"venonat",49,"NORMAL","V",49,"NORMAL","VMAX","SPECIAL_CHAIN","House rule: V can continue into same-species state VMAX"
"venonat",49,"NORMAL","V",49,"NORMAL","VSTAR","SPECIAL_CHAIN","House rule: V can continue into same-species state VSTAR"
"victini",494,"NORMAL","NORMAL",494,"NORMAL","EX","SPECIAL_BRANCH","House rule: NORMAL can branch into same-species special state EX"
"victini",494,"NORMAL","NORMAL",494,"NORMAL","GX","SPECIAL_BRANCH","House rule: NORMAL can branch into same-species special state GX"
"victini",494,"NORMAL","NORMAL",494,"NORMAL","V","SPECIAL_BRANCH","House rule: NORMAL can branch into same-species special state V"
"victini",494,"NORMAL","NORMAL",494,"NORMAL","MEGA","SPECIAL_BRANCH","House rule: NORMAL can branch into same-species special state MEGA"
"victini",494,"NORMAL","V",494,"NORMAL","VMAX","SPECIAL_CHAIN","House rule: V can continue into same-species state VMAX"
"victini",494,"NORMAL","V",494,"NORMAL","VSTAR","SPECIAL_CHAIN","House rule: V can continue into same-species state VSTAR"
"virizion",640,"NORMAL","NORMAL",640,"NORMAL","EX","SPECIAL_BRANCH","House rule: NORMAL can branch into same-species special state EX"
"virizion",640,"NORMAL","NORMAL",640,"NORMAL","GX","SPECIAL_BRANCH","House rule: NORMAL can branch into same-species special state GX"
"virizion",640,"NORMAL","NORMAL",640,"NORMAL","V","SPECIAL_BRANCH","House rule: NORMAL can branch into same-species special state V"
"virizion",640,"NORMAL","NORMAL",640,"NORMAL","MEGA","SPECIAL_BRANCH","House rule: NORMAL can branch into same-species special state MEGA"
"virizion",640,"NORMAL","V",640,"NORMAL","VMAX","SPECIAL_CHAIN","House rule: V can continue into same-species state VMAX"
"virizion",640,"NORMAL","V",640,"NORMAL","VSTAR","SPECIAL_CHAIN","House rule: V can continue into same-species state VSTAR"
"volbeat",313,"NORMAL","NORMAL",313,"NORMAL","EX","SPECIAL_BRANCH","House rule: NORMAL can branch into same-species special state EX"
"volbeat",313,"NORMAL","NORMAL",313,"NORMAL","GX","SPECIAL_BRANCH","House rule: NORMAL can branch into same-species special state GX"
"volbeat",313,"NORMAL","NORMAL",313,"NORMAL","V","SPECIAL_BRANCH","House rule: NORMAL can branch into same-species special state V"
"volbeat",313,"NORMAL","NORMAL",313,"NORMAL","MEGA","SPECIAL_BRANCH","House rule: NORMAL can branch into same-species special state MEGA"
"volbeat",313,"NORMAL","V",313,"NORMAL","VMAX","SPECIAL_CHAIN","House rule: V can continue into same-species state VMAX"
"volbeat",313,"NORMAL","V",313,"NORMAL","VSTAR","SPECIAL_CHAIN","House rule: V can continue into same-species state VSTAR"
"volcanion",721,"NORMAL","NORMAL",721,"NORMAL","EX","SPECIAL_BRANCH","House rule: NORMAL can branch into same-species special state EX"
"volcanion",721,"NORMAL","NORMAL",721,"NORMAL","GX","SPECIAL_BRANCH","House rule: NORMAL can branch into same-species special state GX"
"volcanion",721,"NORMAL","NORMAL",721,"NORMAL","V","SPECIAL_BRANCH","House rule: NORMAL can branch into same-species special state V"
"volcanion",721,"NORMAL","NORMAL",721,"NORMAL","MEGA","SPECIAL_BRANCH","House rule: NORMAL can branch into same-species special state MEGA"
"volcanion",721,"NORMAL","V",721,"NORMAL","VMAX","SPECIAL_CHAIN","House rule: V can continue into same-species state VMAX"
"volcanion",721,"NORMAL","V",721,"NORMAL","VSTAR","SPECIAL_CHAIN","House rule: V can continue into same-species state VSTAR"
"voltorb",100,"NORMAL","NORMAL",100,"NORMAL","EX","SPECIAL_BRANCH","House rule: NORMAL can branch into same-species special state EX"
"voltorb",100,"NORMAL","NORMAL",100,"NORMAL","GX","SPECIAL_BRANCH","House rule: NORMAL can branch into same-species special state GX"
"voltorb",100,"NORMAL","NORMAL",100,"NORMAL","V","SPECIAL_BRANCH","House rule: NORMAL can branch into same-species special state V"
"voltorb",100,"NORMAL","NORMAL",100,"NORMAL","MEGA","SPECIAL_BRANCH","House rule: NORMAL can branch into same-species special state MEGA"
"voltorb",100,"NORMAL","NORMAL",101,"NORMAL","NORMAL","STANDARD","Standard evolution from species tree"
"voltorb",100,"NORMAL","V",100,"NORMAL","VMAX","SPECIAL_CHAIN","House rule: V can continue into same-species state VMAX"
"voltorb",100,"NORMAL","V",100,"NORMAL","VSTAR","SPECIAL_CHAIN","House rule: V can continue into same-species state VSTAR"
"voltorb",101,"NORMAL","NORMAL",101,"NORMAL","EX","SPECIAL_BRANCH","House rule: NORMAL can branch into same-species special state EX"
"voltorb",101,"NORMAL","NORMAL",101,"NORMAL","GX","SPECIAL_BRANCH","House rule: NORMAL can branch into same-species special state GX"
"voltorb",101,"NORMAL","NORMAL",101,"NORMAL","V","SPECIAL_BRANCH","House rule: NORMAL can branch into same-species special state V"
"voltorb",101,"NORMAL","NORMAL",101,"NORMAL","MEGA","SPECIAL_BRANCH","House rule: NORMAL can branch into same-species special state MEGA"
"voltorb",101,"NORMAL","V",101,"NORMAL","VMAX","SPECIAL_CHAIN","House rule: V can continue into same-species state VMAX"
"voltorb",101,"NORMAL","V",101,"NORMAL","VSTAR","SPECIAL_CHAIN","House rule: V can continue into same-species state VSTAR"
"vullaby",629,"NORMAL","NORMAL",629,"NORMAL","EX","SPECIAL_BRANCH","House rule: NORMAL can branch into same-species special state EX"
"vullaby",629,"NORMAL","NORMAL",629,"NORMAL","GX","SPECIAL_BRANCH","House rule: NORMAL can branch into same-species special state GX"
"vullaby",629,"NORMAL","NORMAL",629,"NORMAL","V","SPECIAL_BRANCH","House rule: NORMAL can branch into same-species special state V"
"vullaby",629,"NORMAL","NORMAL",629,"NORMAL","MEGA","SPECIAL_BRANCH","House rule: NORMAL can branch into same-species special state MEGA"
"vullaby",629,"NORMAL","NORMAL",630,"NORMAL","NORMAL","STANDARD","Standard evolution from species tree"
"vullaby",629,"NORMAL","V",629,"NORMAL","VMAX","SPECIAL_CHAIN","House rule: V can continue into same-species state VMAX"
"vullaby",629,"NORMAL","V",629,"NORMAL","VSTAR","SPECIAL_CHAIN","House rule: V can continue into same-species state VSTAR"
"vullaby",630,"NORMAL","NORMAL",630,"NORMAL","EX","SPECIAL_BRANCH","House rule: NORMAL can branch into same-species special state EX"
"vullaby",630,"NORMAL","NORMAL",630,"NORMAL","GX","SPECIAL_BRANCH","House rule: NORMAL can branch into same-species special state GX"
"vullaby",630,"NORMAL","NORMAL",630,"NORMAL","V","SPECIAL_BRANCH","House rule: NORMAL can branch into same-species special state V"
"vullaby",630,"NORMAL","NORMAL",630,"NORMAL","MEGA","SPECIAL_BRANCH","House rule: NORMAL can branch into same-species special state MEGA"
"vullaby",630,"NORMAL","V",630,"NORMAL","VMAX","SPECIAL_CHAIN","House rule: V can continue into same-species state VMAX"
"vullaby",630,"NORMAL","V",630,"NORMAL","VSTAR","SPECIAL_CHAIN","House rule: V can continue into same-species state VSTAR"
"vulpix",37,"NORMAL","NORMAL",37,"NORMAL","EX","SPECIAL_BRANCH","House rule: NORMAL can branch into same-species special state EX"
"vulpix",37,"NORMAL","NORMAL",37,"NORMAL","GX","SPECIAL_BRANCH","House rule: NORMAL can branch into same-species special state GX"
"vulpix",37,"NORMAL","NORMAL",37,"NORMAL","V","SPECIAL_BRANCH","House rule: NORMAL can branch into same-species special state V"
"vulpix",37,"NORMAL","NORMAL",37,"NORMAL","MEGA","SPECIAL_BRANCH","House rule: NORMAL can branch into same-species special state MEGA"
"vulpix",37,"NORMAL","NORMAL",38,"NORMAL","NORMAL","STANDARD","Standard evolution from species tree"
"vulpix",37,"NORMAL","V",37,"NORMAL","VMAX","SPECIAL_CHAIN","House rule: V can continue into same-species state VMAX"
"vulpix",37,"NORMAL","V",37,"NORMAL","VSTAR","SPECIAL_CHAIN","House rule: V can continue into same-species state VSTAR"
"vulpix",38,"NORMAL","NORMAL",38,"NORMAL","EX","SPECIAL_BRANCH","House rule: NORMAL can branch into same-species special state EX"
"vulpix",38,"NORMAL","NORMAL",38,"NORMAL","GX","SPECIAL_BRANCH","House rule: NORMAL can branch into same-species special state GX"
"vulpix",38,"NORMAL","NORMAL",38,"NORMAL","V","SPECIAL_BRANCH","House rule: NORMAL can branch into same-species special state V"
"vulpix",38,"NORMAL","NORMAL",38,"NORMAL","MEGA","SPECIAL_BRANCH","House rule: NORMAL can branch into same-species special state MEGA"
"vulpix",38,"NORMAL","V",38,"NORMAL","VMAX","SPECIAL_CHAIN","House rule: V can continue into same-species state VMAX"
"vulpix",38,"NORMAL","V",38,"NORMAL","VSTAR","SPECIAL_CHAIN","House rule: V can continue into same-species state VSTAR"
"wailmer",320,"NORMAL","NORMAL",320,"NORMAL","EX","SPECIAL_BRANCH","House rule: NORMAL can branch into same-species special state EX"
"wailmer",320,"NORMAL","NORMAL",320,"NORMAL","GX","SPECIAL_BRANCH","House rule: NORMAL can branch into same-species special state GX"
"wailmer",320,"NORMAL","NORMAL",320,"NORMAL","V","SPECIAL_BRANCH","House rule: NORMAL can branch into same-species special state V"
"wailmer",320,"NORMAL","NORMAL",320,"NORMAL","MEGA","SPECIAL_BRANCH","House rule: NORMAL can branch into same-species special state MEGA"
"wailmer",320,"NORMAL","NORMAL",321,"NORMAL","NORMAL","STANDARD","Standard evolution from species tree"
"wailmer",320,"NORMAL","V",320,"NORMAL","VMAX","SPECIAL_CHAIN","House rule: V can continue into same-species state VMAX"
"wailmer",320,"NORMAL","V",320,"NORMAL","VSTAR","SPECIAL_CHAIN","House rule: V can continue into same-species state VSTAR"
"wailmer",321,"NORMAL","NORMAL",321,"NORMAL","EX","SPECIAL_BRANCH","House rule: NORMAL can branch into same-species special state EX"
"wailmer",321,"NORMAL","NORMAL",321,"NORMAL","GX","SPECIAL_BRANCH","House rule: NORMAL can branch into same-species special state GX"
"wailmer",321,"NORMAL","NORMAL",321,"NORMAL","V","SPECIAL_BRANCH","House rule: NORMAL can branch into same-species special state V"
"wailmer",321,"NORMAL","NORMAL",321,"NORMAL","MEGA","SPECIAL_BRANCH","House rule: NORMAL can branch into same-species special state MEGA"
"wailmer",321,"NORMAL","V",321,"NORMAL","VMAX","SPECIAL_CHAIN","House rule: V can continue into same-species state VMAX"
"wailmer",321,"NORMAL","V",321,"NORMAL","VSTAR","SPECIAL_CHAIN","House rule: V can continue into same-species state VSTAR"
"walking-wake",1009,"NORMAL","NORMAL",1009,"NORMAL","EX","SPECIAL_BRANCH","House rule: NORMAL can branch into same-species special state EX"
"walking-wake",1009,"NORMAL","NORMAL",1009,"NORMAL","GX","SPECIAL_BRANCH","House rule: NORMAL can branch into same-species special state GX"
"walking-wake",1009,"NORMAL","NORMAL",1009,"NORMAL","V","SPECIAL_BRANCH","House rule: NORMAL can branch into same-species special state V"
"walking-wake",1009,"NORMAL","NORMAL",1009,"NORMAL","MEGA","SPECIAL_BRANCH","House rule: NORMAL can branch into same-species special state MEGA"
"walking-wake",1009,"NORMAL","V",1009,"NORMAL","VMAX","SPECIAL_CHAIN","House rule: V can continue into same-species state VMAX"
"walking-wake",1009,"NORMAL","V",1009,"NORMAL","VSTAR","SPECIAL_CHAIN","House rule: V can continue into same-species state VSTAR"
"wattrel",940,"NORMAL","NORMAL",940,"NORMAL","EX","SPECIAL_BRANCH","House rule: NORMAL can branch into same-species special state EX"
"wattrel",940,"NORMAL","NORMAL",940,"NORMAL","GX","SPECIAL_BRANCH","House rule: NORMAL can branch into same-species special state GX"
"wattrel",940,"NORMAL","NORMAL",940,"NORMAL","V","SPECIAL_BRANCH","House rule: NORMAL can branch into same-species special state V"
"wattrel",940,"NORMAL","NORMAL",940,"NORMAL","MEGA","SPECIAL_BRANCH","House rule: NORMAL can branch into same-species special state MEGA"
"wattrel",940,"NORMAL","NORMAL",941,"NORMAL","NORMAL","STANDARD","Standard evolution from species tree"
"wattrel",940,"NORMAL","V",940,"NORMAL","VMAX","SPECIAL_CHAIN","House rule: V can continue into same-species state VMAX"
"wattrel",940,"NORMAL","V",940,"NORMAL","VSTAR","SPECIAL_CHAIN","House rule: V can continue into same-species state VSTAR"
"wattrel",941,"NORMAL","NORMAL",941,"NORMAL","EX","SPECIAL_BRANCH","House rule: NORMAL can branch into same-species special state EX"
"wattrel",941,"NORMAL","NORMAL",941,"NORMAL","GX","SPECIAL_BRANCH","House rule: NORMAL can branch into same-species special state GX"
"wattrel",941,"NORMAL","NORMAL",941,"NORMAL","V","SPECIAL_BRANCH","House rule: NORMAL can branch into same-species special state V"
"wattrel",941,"NORMAL","NORMAL",941,"NORMAL","MEGA","SPECIAL_BRANCH","House rule: NORMAL can branch into same-species special state MEGA"
"wattrel",941,"NORMAL","V",941,"NORMAL","VMAX","SPECIAL_CHAIN","House rule: V can continue into same-species state VMAX"
"wattrel",941,"NORMAL","V",941,"NORMAL","VSTAR","SPECIAL_CHAIN","House rule: V can continue into same-species state VSTAR"
"weedle",13,"NORMAL","NORMAL",13,"NORMAL","EX","SPECIAL_BRANCH","House rule: NORMAL can branch into same-species special state EX"
"weedle",13,"NORMAL","NORMAL",13,"NORMAL","GX","SPECIAL_BRANCH","House rule: NORMAL can branch into same-species special state GX"
"weedle",13,"NORMAL","NORMAL",13,"NORMAL","V","SPECIAL_BRANCH","House rule: NORMAL can branch into same-species special state V"
"weedle",13,"NORMAL","NORMAL",13,"NORMAL","MEGA","SPECIAL_BRANCH","House rule: NORMAL can branch into same-species special state MEGA"
"weedle",13,"NORMAL","NORMAL",14,"NORMAL","NORMAL","STANDARD","Standard evolution from species tree"
"weedle",13,"NORMAL","V",13,"NORMAL","VMAX","SPECIAL_CHAIN","House rule: V can continue into same-species state VMAX"
"weedle",13,"NORMAL","V",13,"NORMAL","VSTAR","SPECIAL_CHAIN","House rule: V can continue into same-species state VSTAR"
"weedle",14,"NORMAL","NORMAL",14,"NORMAL","EX","SPECIAL_BRANCH","House rule: NORMAL can branch into same-species special state EX"
"weedle",14,"NORMAL","NORMAL",14,"NORMAL","GX","SPECIAL_BRANCH","House rule: NORMAL can branch into same-species special state GX"
"weedle",14,"NORMAL","NORMAL",14,"NORMAL","V","SPECIAL_BRANCH","House rule: NORMAL can branch into same-species special state V"
"weedle",14,"NORMAL","NORMAL",14,"NORMAL","MEGA","SPECIAL_BRANCH","House rule: NORMAL can branch into same-species special state MEGA"
"weedle",14,"NORMAL","NORMAL",15,"NORMAL","NORMAL","STANDARD","Standard evolution from species tree"
"weedle",14,"NORMAL","V",14,"NORMAL","VMAX","SPECIAL_CHAIN","House rule: V can continue into same-species state VMAX"
"weedle",14,"NORMAL","V",14,"NORMAL","VSTAR","SPECIAL_CHAIN","House rule: V can continue into same-species state VSTAR"
"weedle",15,"NORMAL","NORMAL",15,"NORMAL","EX","SPECIAL_BRANCH","House rule: NORMAL can branch into same-species special state EX"
"weedle",15,"NORMAL","NORMAL",15,"NORMAL","GX","SPECIAL_BRANCH","House rule: NORMAL can branch into same-species special state GX"
"weedle",15,"NORMAL","NORMAL",15,"NORMAL","V","SPECIAL_BRANCH","House rule: NORMAL can branch into same-species special state V"
"weedle",15,"NORMAL","NORMAL",15,"NORMAL","MEGA","SPECIAL_BRANCH","House rule: NORMAL can branch into same-species special state MEGA"
"weedle",15,"NORMAL","V",15,"NORMAL","VMAX","SPECIAL_CHAIN","House rule: V can continue into same-species state VMAX"
"weedle",15,"NORMAL","V",15,"NORMAL","VSTAR","SPECIAL_CHAIN","House rule: V can continue into same-species state VSTAR"
"whismur",293,"NORMAL","NORMAL",293,"NORMAL","EX","SPECIAL_BRANCH","House rule: NORMAL can branch into same-species special state EX"
"whismur",293,"NORMAL","NORMAL",293,"NORMAL","GX","SPECIAL_BRANCH","House rule: NORMAL can branch into same-species special state GX"
"whismur",293,"NORMAL","NORMAL",293,"NORMAL","V","SPECIAL_BRANCH","House rule: NORMAL can branch into same-species special state V"
"whismur",293,"NORMAL","NORMAL",293,"NORMAL","MEGA","SPECIAL_BRANCH","House rule: NORMAL can branch into same-species special state MEGA"
"whismur",293,"NORMAL","NORMAL",294,"NORMAL","NORMAL","STANDARD","Standard evolution from species tree"
"whismur",293,"NORMAL","V",293,"NORMAL","VMAX","SPECIAL_CHAIN","House rule: V can continue into same-species state VMAX"
"whismur",293,"NORMAL","V",293,"NORMAL","VSTAR","SPECIAL_CHAIN","House rule: V can continue into same-species state VSTAR"
"whismur",294,"NORMAL","NORMAL",294,"NORMAL","EX","SPECIAL_BRANCH","House rule: NORMAL can branch into same-species special state EX"
"whismur",294,"NORMAL","NORMAL",294,"NORMAL","GX","SPECIAL_BRANCH","House rule: NORMAL can branch into same-species special state GX"
"whismur",294,"NORMAL","NORMAL",294,"NORMAL","V","SPECIAL_BRANCH","House rule: NORMAL can branch into same-species special state V"
"whismur",294,"NORMAL","NORMAL",294,"NORMAL","MEGA","SPECIAL_BRANCH","House rule: NORMAL can branch into same-species special state MEGA"
"whismur",294,"NORMAL","NORMAL",295,"NORMAL","NORMAL","STANDARD","Standard evolution from species tree"
"whismur",294,"NORMAL","V",294,"NORMAL","VMAX","SPECIAL_CHAIN","House rule: V can continue into same-species state VMAX"
"whismur",294,"NORMAL","V",294,"NORMAL","VSTAR","SPECIAL_CHAIN","House rule: V can continue into same-species state VSTAR"
"whismur",295,"NORMAL","NORMAL",295,"NORMAL","EX","SPECIAL_BRANCH","House rule: NORMAL can branch into same-species special state EX"
"whismur",295,"NORMAL","NORMAL",295,"NORMAL","GX","SPECIAL_BRANCH","House rule: NORMAL can branch into same-species special state GX"
"whismur",295,"NORMAL","NORMAL",295,"NORMAL","V","SPECIAL_BRANCH","House rule: NORMAL can branch into same-species special state V"
"whismur",295,"NORMAL","NORMAL",295,"NORMAL","MEGA","SPECIAL_BRANCH","House rule: NORMAL can branch into same-species special state MEGA"
"whismur",295,"NORMAL","V",295,"NORMAL","VMAX","SPECIAL_CHAIN","House rule: V can continue into same-species state VMAX"
"whismur",295,"NORMAL","V",295,"NORMAL","VSTAR","SPECIAL_CHAIN","House rule: V can continue into same-species state VSTAR"
"wiglett",960,"NORMAL","NORMAL",960,"NORMAL","EX","SPECIAL_BRANCH","House rule: NORMAL can branch into same-species special state EX"
"wiglett",960,"NORMAL","NORMAL",960,"NORMAL","GX","SPECIAL_BRANCH","House rule: NORMAL can branch into same-species special state GX"
"wiglett",960,"NORMAL","NORMAL",960,"NORMAL","V","SPECIAL_BRANCH","House rule: NORMAL can branch into same-species special state V"
"wiglett",960,"NORMAL","NORMAL",960,"NORMAL","MEGA","SPECIAL_BRANCH","House rule: NORMAL can branch into same-species special state MEGA"
"wiglett",960,"NORMAL","NORMAL",961,"NORMAL","NORMAL","STANDARD","Standard evolution from species tree"
"wiglett",960,"NORMAL","V",960,"NORMAL","VMAX","SPECIAL_CHAIN","House rule: V can continue into same-species state VMAX"
"wiglett",960,"NORMAL","V",960,"NORMAL","VSTAR","SPECIAL_CHAIN","House rule: V can continue into same-species state VSTAR"
"wiglett",961,"NORMAL","NORMAL",961,"NORMAL","EX","SPECIAL_BRANCH","House rule: NORMAL can branch into same-species special state EX"
"wiglett",961,"NORMAL","NORMAL",961,"NORMAL","GX","SPECIAL_BRANCH","House rule: NORMAL can branch into same-species special state GX"
"wiglett",961,"NORMAL","NORMAL",961,"NORMAL","V","SPECIAL_BRANCH","House rule: NORMAL can branch into same-species special state V"
"wiglett",961,"NORMAL","NORMAL",961,"NORMAL","MEGA","SPECIAL_BRANCH","House rule: NORMAL can branch into same-species special state MEGA"
"wiglett",961,"NORMAL","V",961,"NORMAL","VMAX","SPECIAL_CHAIN","House rule: V can continue into same-species state VMAX"
"wiglett",961,"NORMAL","V",961,"NORMAL","VSTAR","SPECIAL_CHAIN","House rule: V can continue into same-species state VSTAR"
"wimpod",767,"NORMAL","NORMAL",767,"NORMAL","EX","SPECIAL_BRANCH","House rule: NORMAL can branch into same-species special state EX"
"wimpod",767,"NORMAL","NORMAL",767,"NORMAL","GX","SPECIAL_BRANCH","House rule: NORMAL can branch into same-species special state GX"
"wimpod",767,"NORMAL","NORMAL",767,"NORMAL","V","SPECIAL_BRANCH","House rule: NORMAL can branch into same-species special state V"
"wimpod",767,"NORMAL","NORMAL",767,"NORMAL","MEGA","SPECIAL_BRANCH","House rule: NORMAL can branch into same-species special state MEGA"
"wimpod",767,"NORMAL","NORMAL",768,"NORMAL","NORMAL","STANDARD","Standard evolution from species tree"
"wimpod",767,"NORMAL","V",767,"NORMAL","VMAX","SPECIAL_CHAIN","House rule: V can continue into same-species state VMAX"
"wimpod",767,"NORMAL","V",767,"NORMAL","VSTAR","SPECIAL_CHAIN","House rule: V can continue into same-species state VSTAR"
"wimpod",768,"NORMAL","NORMAL",768,"NORMAL","EX","SPECIAL_BRANCH","House rule: NORMAL can branch into same-species special state EX"
"wimpod",768,"NORMAL","NORMAL",768,"NORMAL","GX","SPECIAL_BRANCH","House rule: NORMAL can branch into same-species special state GX"
"wimpod",768,"NORMAL","NORMAL",768,"NORMAL","V","SPECIAL_BRANCH","House rule: NORMAL can branch into same-species special state V"
"wimpod",768,"NORMAL","NORMAL",768,"NORMAL","MEGA","SPECIAL_BRANCH","House rule: NORMAL can branch into same-species special state MEGA"
"wimpod",768,"NORMAL","V",768,"NORMAL","VMAX","SPECIAL_CHAIN","House rule: V can continue into same-species state VMAX"
"wimpod",768,"NORMAL","V",768,"NORMAL","VSTAR","SPECIAL_CHAIN","House rule: V can continue into same-species state VSTAR"
"wingull",278,"NORMAL","NORMAL",278,"NORMAL","EX","SPECIAL_BRANCH","House rule: NORMAL can branch into same-species special state EX"
"wingull",278,"NORMAL","NORMAL",278,"NORMAL","GX","SPECIAL_BRANCH","House rule: NORMAL can branch into same-species special state GX"
"wingull",278,"NORMAL","NORMAL",278,"NORMAL","V","SPECIAL_BRANCH","House rule: NORMAL can branch into same-species special state V"
"wingull",278,"NORMAL","NORMAL",278,"NORMAL","MEGA","SPECIAL_BRANCH","House rule: NORMAL can branch into same-species special state MEGA"
"wingull",278,"NORMAL","NORMAL",279,"NORMAL","NORMAL","STANDARD","Standard evolution from species tree"
"wingull",278,"NORMAL","V",278,"NORMAL","VMAX","SPECIAL_CHAIN","House rule: V can continue into same-species state VMAX"
"wingull",278,"NORMAL","V",278,"NORMAL","VSTAR","SPECIAL_CHAIN","House rule: V can continue into same-species state VSTAR"
"wingull",279,"NORMAL","NORMAL",279,"NORMAL","EX","SPECIAL_BRANCH","House rule: NORMAL can branch into same-species special state EX"
"wingull",279,"NORMAL","NORMAL",279,"NORMAL","GX","SPECIAL_BRANCH","House rule: NORMAL can branch into same-species special state GX"
"wingull",279,"NORMAL","NORMAL",279,"NORMAL","V","SPECIAL_BRANCH","House rule: NORMAL can branch into same-species special state V"
"wingull",279,"NORMAL","NORMAL",279,"NORMAL","MEGA","SPECIAL_BRANCH","House rule: NORMAL can branch into same-species special state MEGA"
"wingull",279,"NORMAL","V",279,"NORMAL","VMAX","SPECIAL_CHAIN","House rule: V can continue into same-species state VMAX"
"wingull",279,"NORMAL","V",279,"NORMAL","VSTAR","SPECIAL_CHAIN","House rule: V can continue into same-species state VSTAR"
"wishiwashi",746,"NORMAL","NORMAL",746,"NORMAL","EX","SPECIAL_BRANCH","House rule: NORMAL can branch into same-species special state EX"
"wishiwashi",746,"NORMAL","NORMAL",746,"NORMAL","GX","SPECIAL_BRANCH","House rule: NORMAL can branch into same-species special state GX"
"wishiwashi",746,"NORMAL","NORMAL",746,"NORMAL","V","SPECIAL_BRANCH","House rule: NORMAL can branch into same-species special state V"
"wishiwashi",746,"NORMAL","NORMAL",746,"NORMAL","MEGA","SPECIAL_BRANCH","House rule: NORMAL can branch into same-species special state MEGA"
"wishiwashi",746,"NORMAL","V",746,"NORMAL","VMAX","SPECIAL_CHAIN","House rule: V can continue into same-species state VMAX"
"wishiwashi",746,"NORMAL","V",746,"NORMAL","VSTAR","SPECIAL_CHAIN","House rule: V can continue into same-species state VSTAR"
"wo-chien",1001,"NORMAL","NORMAL",1001,"NORMAL","EX","SPECIAL_BRANCH","House rule: NORMAL can branch into same-species special state EX"
"wo-chien",1001,"NORMAL","NORMAL",1001,"NORMAL","GX","SPECIAL_BRANCH","House rule: NORMAL can branch into same-species special state GX"
"wo-chien",1001,"NORMAL","NORMAL",1001,"NORMAL","V","SPECIAL_BRANCH","House rule: NORMAL can branch into same-species special state V"
"wo-chien",1001,"NORMAL","NORMAL",1001,"NORMAL","MEGA","SPECIAL_BRANCH","House rule: NORMAL can branch into same-species special state MEGA"
"wo-chien",1001,"NORMAL","V",1001,"NORMAL","VMAX","SPECIAL_CHAIN","House rule: V can continue into same-species state VMAX"
"wo-chien",1001,"NORMAL","V",1001,"NORMAL","VSTAR","SPECIAL_CHAIN","House rule: V can continue into same-species state VSTAR"
"woobat",527,"NORMAL","NORMAL",527,"NORMAL","EX","SPECIAL_BRANCH","House rule: NORMAL can branch into same-species special state EX"
"woobat",527,"NORMAL","NORMAL",527,"NORMAL","GX","SPECIAL_BRANCH","House rule: NORMAL can branch into same-species special state GX"
"woobat",527,"NORMAL","NORMAL",527,"NORMAL","V","SPECIAL_BRANCH","House rule: NORMAL can branch into same-species special state V"
"woobat",527,"NORMAL","NORMAL",527,"NORMAL","MEGA","SPECIAL_BRANCH","House rule: NORMAL can branch into same-species special state MEGA"
"woobat",527,"NORMAL","NORMAL",528,"NORMAL","NORMAL","STANDARD","Standard evolution from species tree"
"woobat",527,"NORMAL","V",527,"NORMAL","VMAX","SPECIAL_CHAIN","House rule: V can continue into same-species state VMAX"
"woobat",527,"NORMAL","V",527,"NORMAL","VSTAR","SPECIAL_CHAIN","House rule: V can continue into same-species state VSTAR"
"woobat",528,"NORMAL","NORMAL",528,"NORMAL","EX","SPECIAL_BRANCH","House rule: NORMAL can branch into same-species special state EX"
"woobat",528,"NORMAL","NORMAL",528,"NORMAL","GX","SPECIAL_BRANCH","House rule: NORMAL can branch into same-species special state GX"
"woobat",528,"NORMAL","NORMAL",528,"NORMAL","V","SPECIAL_BRANCH","House rule: NORMAL can branch into same-species special state V"
"woobat",528,"NORMAL","NORMAL",528,"NORMAL","MEGA","SPECIAL_BRANCH","House rule: NORMAL can branch into same-species special state MEGA"
"woobat",528,"NORMAL","V",528,"NORMAL","VMAX","SPECIAL_CHAIN","House rule: V can continue into same-species state VMAX"
"woobat",528,"NORMAL","V",528,"NORMAL","VSTAR","SPECIAL_CHAIN","House rule: V can continue into same-species state VSTAR"
"wooloo",831,"NORMAL","NORMAL",831,"NORMAL","EX","SPECIAL_BRANCH","House rule: NORMAL can branch into same-species special state EX"
"wooloo",831,"NORMAL","NORMAL",831,"NORMAL","GX","SPECIAL_BRANCH","House rule: NORMAL can branch into same-species special state GX"
"wooloo",831,"NORMAL","NORMAL",831,"NORMAL","V","SPECIAL_BRANCH","House rule: NORMAL can branch into same-species special state V"
"wooloo",831,"NORMAL","NORMAL",831,"NORMAL","MEGA","SPECIAL_BRANCH","House rule: NORMAL can branch into same-species special state MEGA"
"wooloo",831,"NORMAL","NORMAL",832,"NORMAL","NORMAL","STANDARD","Standard evolution from species tree"
"wooloo",831,"NORMAL","V",831,"NORMAL","VMAX","SPECIAL_CHAIN","House rule: V can continue into same-species state VMAX"
"wooloo",831,"NORMAL","V",831,"NORMAL","VSTAR","SPECIAL_CHAIN","House rule: V can continue into same-species state VSTAR"
"wooloo",832,"NORMAL","NORMAL",832,"NORMAL","EX","SPECIAL_BRANCH","House rule: NORMAL can branch into same-species special state EX"
"wooloo",832,"NORMAL","NORMAL",832,"NORMAL","GX","SPECIAL_BRANCH","House rule: NORMAL can branch into same-species special state GX"
"wooloo",832,"NORMAL","NORMAL",832,"NORMAL","V","SPECIAL_BRANCH","House rule: NORMAL can branch into same-species special state V"
"wooloo",832,"NORMAL","NORMAL",832,"NORMAL","MEGA","SPECIAL_BRANCH","House rule: NORMAL can branch into same-species special state MEGA"
"wooloo",832,"NORMAL","V",832,"NORMAL","VMAX","SPECIAL_CHAIN","House rule: V can continue into same-species state VMAX"
"wooloo",832,"NORMAL","V",832,"NORMAL","VSTAR","SPECIAL_CHAIN","House rule: V can continue into same-species state VSTAR"
"wooper",194,"NORMAL","NORMAL",194,"NORMAL","EX","SPECIAL_BRANCH","House rule: NORMAL can branch into same-species special state EX"
"wooper",194,"NORMAL","NORMAL",194,"NORMAL","GX","SPECIAL_BRANCH","House rule: NORMAL can branch into same-species special state GX"
"wooper",194,"NORMAL","NORMAL",194,"NORMAL","V","SPECIAL_BRANCH","House rule: NORMAL can branch into same-species special state V"
"wooper",194,"NORMAL","NORMAL",194,"NORMAL","MEGA","SPECIAL_BRANCH","House rule: NORMAL can branch into same-species special state MEGA"
"wooper",194,"NORMAL","NORMAL",195,"NORMAL","NORMAL","STANDARD","Standard evolution from species tree"
"wooper",194,"NORMAL","NORMAL",980,"NORMAL","NORMAL","STANDARD","Standard evolution from species tree"
"wooper",194,"NORMAL","V",194,"NORMAL","VMAX","SPECIAL_CHAIN","House rule: V can continue into same-species state VMAX"
"wooper",194,"NORMAL","V",194,"NORMAL","VSTAR","SPECIAL_CHAIN","House rule: V can continue into same-species state VSTAR"
"wooper",195,"NORMAL","NORMAL",195,"NORMAL","EX","SPECIAL_BRANCH","House rule: NORMAL can branch into same-species special state EX"
"wooper",195,"NORMAL","NORMAL",195,"NORMAL","GX","SPECIAL_BRANCH","House rule: NORMAL can branch into same-species special state GX"
"wooper",195,"NORMAL","NORMAL",195,"NORMAL","V","SPECIAL_BRANCH","House rule: NORMAL can branch into same-species special state V"
"wooper",195,"NORMAL","NORMAL",195,"NORMAL","MEGA","SPECIAL_BRANCH","House rule: NORMAL can branch into same-species special state MEGA"
"wooper",195,"NORMAL","V",195,"NORMAL","VMAX","SPECIAL_CHAIN","House rule: V can continue into same-species state VMAX"
"wooper",195,"NORMAL","V",195,"NORMAL","VSTAR","SPECIAL_CHAIN","House rule: V can continue into same-species state VSTAR"
"wooper",980,"NORMAL","NORMAL",980,"NORMAL","EX","SPECIAL_BRANCH","House rule: NORMAL can branch into same-species special state EX"
"wooper",980,"NORMAL","NORMAL",980,"NORMAL","GX","SPECIAL_BRANCH","House rule: NORMAL can branch into same-species special state GX"
"wooper",980,"NORMAL","NORMAL",980,"NORMAL","V","SPECIAL_BRANCH","House rule: NORMAL can branch into same-species special state V"
"wooper",980,"NORMAL","NORMAL",980,"NORMAL","MEGA","SPECIAL_BRANCH","House rule: NORMAL can branch into same-species special state MEGA"
"wooper",980,"NORMAL","V",980,"NORMAL","VMAX","SPECIAL_CHAIN","House rule: V can continue into same-species state VMAX"
"wooper",980,"NORMAL","V",980,"NORMAL","VSTAR","SPECIAL_CHAIN","House rule: V can continue into same-species state VSTAR"
"wurmple",265,"NORMAL","NORMAL",265,"NORMAL","EX","SPECIAL_BRANCH","House rule: NORMAL can branch into same-species special state EX"
"wurmple",265,"NORMAL","NORMAL",265,"NORMAL","GX","SPECIAL_BRANCH","House rule: NORMAL can branch into same-species special state GX"
"wurmple",265,"NORMAL","NORMAL",265,"NORMAL","V","SPECIAL_BRANCH","House rule: NORMAL can branch into same-species special state V"
"wurmple",265,"NORMAL","NORMAL",265,"NORMAL","MEGA","SPECIAL_BRANCH","House rule: NORMAL can branch into same-species special state MEGA"
"wurmple",265,"NORMAL","NORMAL",266,"NORMAL","NORMAL","STANDARD","Standard evolution from species tree"
"wurmple",265,"NORMAL","NORMAL",268,"NORMAL","NORMAL","STANDARD","Standard evolution from species tree"
"wurmple",265,"NORMAL","V",265,"NORMAL","VMAX","SPECIAL_CHAIN","House rule: V can continue into same-species state VMAX"
"wurmple",265,"NORMAL","V",265,"NORMAL","VSTAR","SPECIAL_CHAIN","House rule: V can continue into same-species state VSTAR"
"wurmple",266,"NORMAL","NORMAL",266,"NORMAL","EX","SPECIAL_BRANCH","House rule: NORMAL can branch into same-species special state EX"
"wurmple",266,"NORMAL","NORMAL",266,"NORMAL","GX","SPECIAL_BRANCH","House rule: NORMAL can branch into same-species special state GX"
"wurmple",266,"NORMAL","NORMAL",266,"NORMAL","V","SPECIAL_BRANCH","House rule: NORMAL can branch into same-species special state V"
"wurmple",266,"NORMAL","NORMAL",266,"NORMAL","MEGA","SPECIAL_BRANCH","House rule: NORMAL can branch into same-species special state MEGA"
"wurmple",266,"NORMAL","NORMAL",267,"NORMAL","NORMAL","STANDARD","Standard evolution from species tree"
"wurmple",266,"NORMAL","V",266,"NORMAL","VMAX","SPECIAL_CHAIN","House rule: V can continue into same-species state VMAX"
"wurmple",266,"NORMAL","V",266,"NORMAL","VSTAR","SPECIAL_CHAIN","House rule: V can continue into same-species state VSTAR"
"wurmple",267,"NORMAL","NORMAL",267,"NORMAL","EX","SPECIAL_BRANCH","House rule: NORMAL can branch into same-species special state EX"
"wurmple",267,"NORMAL","NORMAL",267,"NORMAL","GX","SPECIAL_BRANCH","House rule: NORMAL can branch into same-species special state GX"
"wurmple",267,"NORMAL","NORMAL",267,"NORMAL","V","SPECIAL_BRANCH","House rule: NORMAL can branch into same-species special state V"
"wurmple",267,"NORMAL","NORMAL",267,"NORMAL","MEGA","SPECIAL_BRANCH","House rule: NORMAL can branch into same-species special state MEGA"
"wurmple",267,"NORMAL","V",267,"NORMAL","VMAX","SPECIAL_CHAIN","House rule: V can continue into same-species state VMAX"
"wurmple",267,"NORMAL","V",267,"NORMAL","VSTAR","SPECIAL_CHAIN","House rule: V can continue into same-species state VSTAR"
"wurmple",268,"NORMAL","NORMAL",268,"NORMAL","EX","SPECIAL_BRANCH","House rule: NORMAL can branch into same-species special state EX"
"wurmple",268,"NORMAL","NORMAL",268,"NORMAL","GX","SPECIAL_BRANCH","House rule: NORMAL can branch into same-species special state GX"
"wurmple",268,"NORMAL","NORMAL",268,"NORMAL","V","SPECIAL_BRANCH","House rule: NORMAL can branch into same-species special state V"
"wurmple",268,"NORMAL","NORMAL",268,"NORMAL","MEGA","SPECIAL_BRANCH","House rule: NORMAL can branch into same-species special state MEGA"
"wurmple",268,"NORMAL","NORMAL",269,"NORMAL","NORMAL","STANDARD","Standard evolution from species tree"
"wurmple",268,"NORMAL","V",268,"NORMAL","VMAX","SPECIAL_CHAIN","House rule: V can continue into same-species state VMAX"
"wurmple",268,"NORMAL","V",268,"NORMAL","VSTAR","SPECIAL_CHAIN","House rule: V can continue into same-species state VSTAR"
"wurmple",269,"NORMAL","NORMAL",269,"NORMAL","EX","SPECIAL_BRANCH","House rule: NORMAL can branch into same-species special state EX"
"wurmple",269,"NORMAL","NORMAL",269,"NORMAL","GX","SPECIAL_BRANCH","House rule: NORMAL can branch into same-species special state GX"
"wurmple",269,"NORMAL","NORMAL",269,"NORMAL","V","SPECIAL_BRANCH","House rule: NORMAL can branch into same-species special state V"
"wurmple",269,"NORMAL","NORMAL",269,"NORMAL","MEGA","SPECIAL_BRANCH","House rule: NORMAL can branch into same-species special state MEGA"
"wurmple",269,"NORMAL","V",269,"NORMAL","VMAX","SPECIAL_CHAIN","House rule: V can continue into same-species state VMAX"
"wurmple",269,"NORMAL","V",269,"NORMAL","VSTAR","SPECIAL_CHAIN","House rule: V can continue into same-species state VSTAR"
"wynaut",202,"NORMAL","NORMAL",202,"NORMAL","EX","SPECIAL_BRANCH","House rule: NORMAL can branch into same-species special state EX"
"wynaut",202,"NORMAL","NORMAL",202,"NORMAL","GX","SPECIAL_BRANCH","House rule: NORMAL can branch into same-species special state GX"
"wynaut",202,"NORMAL","NORMAL",202,"NORMAL","V","SPECIAL_BRANCH","House rule: NORMAL can branch into same-species special state V"
"wynaut",202,"NORMAL","NORMAL",202,"NORMAL","MEGA","SPECIAL_BRANCH","House rule: NORMAL can branch into same-species special state MEGA"
"wynaut",202,"NORMAL","V",202,"NORMAL","VMAX","SPECIAL_CHAIN","House rule: V can continue into same-species state VMAX"
"wynaut",202,"NORMAL","V",202,"NORMAL","VSTAR","SPECIAL_CHAIN","House rule: V can continue into same-species state VSTAR"
"wynaut",360,"NORMAL","NORMAL",202,"NORMAL","NORMAL","STANDARD","Standard evolution from species tree"
"xerneas",716,"NORMAL","NORMAL",716,"NORMAL","EX","SPECIAL_BRANCH","House rule: NORMAL can branch into same-species special state EX"
"xerneas",716,"NORMAL","NORMAL",716,"NORMAL","GX","SPECIAL_BRANCH","House rule: NORMAL can branch into same-species special state GX"
"xerneas",716,"NORMAL","NORMAL",716,"NORMAL","V","SPECIAL_BRANCH","House rule: NORMAL can branch into same-species special state V"
"xerneas",716,"NORMAL","NORMAL",716,"NORMAL","MEGA","SPECIAL_BRANCH","House rule: NORMAL can branch into same-species special state MEGA"
"xerneas",716,"NORMAL","V",716,"NORMAL","VMAX","SPECIAL_CHAIN","House rule: V can continue into same-species state VMAX"
"xerneas",716,"NORMAL","V",716,"NORMAL","VSTAR","SPECIAL_CHAIN","House rule: V can continue into same-species state VSTAR"
"xurkitree",796,"NORMAL","NORMAL",796,"NORMAL","EX","SPECIAL_BRANCH","House rule: NORMAL can branch into same-species special state EX"
"xurkitree",796,"NORMAL","NORMAL",796,"NORMAL","GX","SPECIAL_BRANCH","House rule: NORMAL can branch into same-species special state GX"
"xurkitree",796,"NORMAL","NORMAL",796,"NORMAL","V","SPECIAL_BRANCH","House rule: NORMAL can branch into same-species special state V"
"xurkitree",796,"NORMAL","NORMAL",796,"NORMAL","MEGA","SPECIAL_BRANCH","House rule: NORMAL can branch into same-species special state MEGA"
"xurkitree",796,"NORMAL","V",796,"NORMAL","VMAX","SPECIAL_CHAIN","House rule: V can continue into same-species state VMAX"
"xurkitree",796,"NORMAL","V",796,"NORMAL","VSTAR","SPECIAL_CHAIN","House rule: V can continue into same-species state VSTAR"
"yamask",562,"NORMAL","NORMAL",562,"NORMAL","EX","SPECIAL_BRANCH","House rule: NORMAL can branch into same-species special state EX"
"yamask",562,"NORMAL","NORMAL",562,"NORMAL","GX","SPECIAL_BRANCH","House rule: NORMAL can branch into same-species special state GX"
"yamask",562,"NORMAL","NORMAL",562,"NORMAL","V","SPECIAL_BRANCH","House rule: NORMAL can branch into same-species special state V"
"yamask",562,"NORMAL","NORMAL",562,"NORMAL","MEGA","SPECIAL_BRANCH","House rule: NORMAL can branch into same-species special state MEGA"
"yamask",562,"NORMAL","NORMAL",563,"NORMAL","NORMAL","STANDARD","Standard evolution from species tree"
"yamask",562,"NORMAL","NORMAL",867,"NORMAL","NORMAL","STANDARD","Standard evolution from species tree"
"yamask",562,"NORMAL","V",562,"NORMAL","VMAX","SPECIAL_CHAIN","House rule: V can continue into same-species state VMAX"
"yamask",562,"NORMAL","V",562,"NORMAL","VSTAR","SPECIAL_CHAIN","House rule: V can continue into same-species state VSTAR"
"yamask",563,"NORMAL","NORMAL",563,"NORMAL","EX","SPECIAL_BRANCH","House rule: NORMAL can branch into same-species special state EX"
"yamask",563,"NORMAL","NORMAL",563,"NORMAL","GX","SPECIAL_BRANCH","House rule: NORMAL can branch into same-species special state GX"
"yamask",563,"NORMAL","NORMAL",563,"NORMAL","V","SPECIAL_BRANCH","House rule: NORMAL can branch into same-species special state V"
"yamask",563,"NORMAL","NORMAL",563,"NORMAL","MEGA","SPECIAL_BRANCH","House rule: NORMAL can branch into same-species special state MEGA"
"yamask",563,"NORMAL","V",563,"NORMAL","VMAX","SPECIAL_CHAIN","House rule: V can continue into same-species state VMAX"
"yamask",563,"NORMAL","V",563,"NORMAL","VSTAR","SPECIAL_CHAIN","House rule: V can continue into same-species state VSTAR"
"yamask",867,"NORMAL","NORMAL",867,"NORMAL","EX","SPECIAL_BRANCH","House rule: NORMAL can branch into same-species special state EX"
"yamask",867,"NORMAL","NORMAL",867,"NORMAL","GX","SPECIAL_BRANCH","House rule: NORMAL can branch into same-species special state GX"
"yamask",867,"NORMAL","NORMAL",867,"NORMAL","V","SPECIAL_BRANCH","House rule: NORMAL can branch into same-species special state V"
"yamask",867,"NORMAL","NORMAL",867,"NORMAL","MEGA","SPECIAL_BRANCH","House rule: NORMAL can branch into same-species special state MEGA"
"yamask",867,"NORMAL","V",867,"NORMAL","VMAX","SPECIAL_CHAIN","House rule: V can continue into same-species state VMAX"
"yamask",867,"NORMAL","V",867,"NORMAL","VSTAR","SPECIAL_CHAIN","House rule: V can continue into same-species state VSTAR"
"yamper",835,"NORMAL","NORMAL",835,"NORMAL","EX","SPECIAL_BRANCH","House rule: NORMAL can branch into same-species special state EX"
"yamper",835,"NORMAL","NORMAL",835,"NORMAL","GX","SPECIAL_BRANCH","House rule: NORMAL can branch into same-species special state GX"
"yamper",835,"NORMAL","NORMAL",835,"NORMAL","V","SPECIAL_BRANCH","House rule: NORMAL can branch into same-species special state V"
"yamper",835,"NORMAL","NORMAL",835,"NORMAL","MEGA","SPECIAL_BRANCH","House rule: NORMAL can branch into same-species special state MEGA"
"yamper",835,"NORMAL","NORMAL",836,"NORMAL","NORMAL","STANDARD","Standard evolution from species tree"
"yamper",835,"NORMAL","V",835,"NORMAL","VMAX","SPECIAL_CHAIN","House rule: V can continue into same-species state VMAX"
"yamper",835,"NORMAL","V",835,"NORMAL","VSTAR","SPECIAL_CHAIN","House rule: V can continue into same-species state VSTAR"
"yamper",836,"NORMAL","NORMAL",836,"NORMAL","EX","SPECIAL_BRANCH","House rule: NORMAL can branch into same-species special state EX"
"yamper",836,"NORMAL","NORMAL",836,"NORMAL","GX","SPECIAL_BRANCH","House rule: NORMAL can branch into same-species special state GX"
"yamper",836,"NORMAL","NORMAL",836,"NORMAL","V","SPECIAL_BRANCH","House rule: NORMAL can branch into same-species special state V"
"yamper",836,"NORMAL","NORMAL",836,"NORMAL","MEGA","SPECIAL_BRANCH","House rule: NORMAL can branch into same-species special state MEGA"
"yamper",836,"NORMAL","V",836,"NORMAL","VMAX","SPECIAL_CHAIN","House rule: V can continue into same-species state VMAX"
"yamper",836,"NORMAL","V",836,"NORMAL","VSTAR","SPECIAL_CHAIN","House rule: V can continue into same-species state VSTAR"
"yanma",193,"NORMAL","NORMAL",193,"NORMAL","EX","SPECIAL_BRANCH","House rule: NORMAL can branch into same-species special state EX"
"yanma",193,"NORMAL","NORMAL",193,"NORMAL","GX","SPECIAL_BRANCH","House rule: NORMAL can branch into same-species special state GX"
"yanma",193,"NORMAL","NORMAL",193,"NORMAL","V","SPECIAL_BRANCH","House rule: NORMAL can branch into same-species special state V"
"yanma",193,"NORMAL","NORMAL",193,"NORMAL","MEGA","SPECIAL_BRANCH","House rule: NORMAL can branch into same-species special state MEGA"
"yanma",193,"NORMAL","NORMAL",469,"NORMAL","NORMAL","STANDARD","Standard evolution from species tree"
"yanma",193,"NORMAL","V",193,"NORMAL","VMAX","SPECIAL_CHAIN","House rule: V can continue into same-species state VMAX"
"yanma",193,"NORMAL","V",193,"NORMAL","VSTAR","SPECIAL_CHAIN","House rule: V can continue into same-species state VSTAR"
"yanma",469,"NORMAL","NORMAL",469,"NORMAL","EX","SPECIAL_BRANCH","House rule: NORMAL can branch into same-species special state EX"
"yanma",469,"NORMAL","NORMAL",469,"NORMAL","GX","SPECIAL_BRANCH","House rule: NORMAL can branch into same-species special state GX"
"yanma",469,"NORMAL","NORMAL",469,"NORMAL","V","SPECIAL_BRANCH","House rule: NORMAL can branch into same-species special state V"
"yanma",469,"NORMAL","NORMAL",469,"NORMAL","MEGA","SPECIAL_BRANCH","House rule: NORMAL can branch into same-species special state MEGA"
"yanma",469,"NORMAL","V",469,"NORMAL","VMAX","SPECIAL_CHAIN","House rule: V can continue into same-species state VMAX"
"yanma",469,"NORMAL","V",469,"NORMAL","VSTAR","SPECIAL_CHAIN","House rule: V can continue into same-species state VSTAR"
"yungoos",734,"NORMAL","NORMAL",734,"NORMAL","EX","SPECIAL_BRANCH","House rule: NORMAL can branch into same-species special state EX"
"yungoos",734,"NORMAL","NORMAL",734,"NORMAL","GX","SPECIAL_BRANCH","House rule: NORMAL can branch into same-species special state GX"
"yungoos",734,"NORMAL","NORMAL",734,"NORMAL","V","SPECIAL_BRANCH","House rule: NORMAL can branch into same-species special state V"
"yungoos",734,"NORMAL","NORMAL",734,"NORMAL","MEGA","SPECIAL_BRANCH","House rule: NORMAL can branch into same-species special state MEGA"
"yungoos",734,"NORMAL","NORMAL",735,"NORMAL","NORMAL","STANDARD","Standard evolution from species tree"
"yungoos",734,"NORMAL","V",734,"NORMAL","VMAX","SPECIAL_CHAIN","House rule: V can continue into same-species state VMAX"
"yungoos",734,"NORMAL","V",734,"NORMAL","VSTAR","SPECIAL_CHAIN","House rule: V can continue into same-species state VSTAR"
"yungoos",735,"NORMAL","NORMAL",735,"NORMAL","EX","SPECIAL_BRANCH","House rule: NORMAL can branch into same-species special state EX"
"yungoos",735,"NORMAL","NORMAL",735,"NORMAL","GX","SPECIAL_BRANCH","House rule: NORMAL can branch into same-species special state GX"
"yungoos",735,"NORMAL","NORMAL",735,"NORMAL","V","SPECIAL_BRANCH","House rule: NORMAL can branch into same-species special state V"
"yungoos",735,"NORMAL","NORMAL",735,"NORMAL","MEGA","SPECIAL_BRANCH","House rule: NORMAL can branch into same-species special state MEGA"
"yungoos",735,"NORMAL","V",735,"NORMAL","VMAX","SPECIAL_CHAIN","House rule: V can continue into same-species state VMAX"
"yungoos",735,"NORMAL","V",735,"NORMAL","VSTAR","SPECIAL_CHAIN","House rule: V can continue into same-species state VSTAR"
"yveltal",717,"NORMAL","NORMAL",717,"NORMAL","EX","SPECIAL_BRANCH","House rule: NORMAL can branch into same-species special state EX"
"yveltal",717,"NORMAL","NORMAL",717,"NORMAL","GX","SPECIAL_BRANCH","House rule: NORMAL can branch into same-species special state GX"
"yveltal",717,"NORMAL","NORMAL",717,"NORMAL","V","SPECIAL_BRANCH","House rule: NORMAL can branch into same-species special state V"
"yveltal",717,"NORMAL","NORMAL",717,"NORMAL","MEGA","SPECIAL_BRANCH","House rule: NORMAL can branch into same-species special state MEGA"
"yveltal",717,"NORMAL","V",717,"NORMAL","VMAX","SPECIAL_CHAIN","House rule: V can continue into same-species state VMAX"
"yveltal",717,"NORMAL","V",717,"NORMAL","VSTAR","SPECIAL_CHAIN","House rule: V can continue into same-species state VSTAR"
"zacian",888,"NORMAL","NORMAL",888,"NORMAL","EX","SPECIAL_BRANCH","House rule: NORMAL can branch into same-species special state EX"
"zacian",888,"NORMAL","NORMAL",888,"NORMAL","GX","SPECIAL_BRANCH","House rule: NORMAL can branch into same-species special state GX"
"zacian",888,"NORMAL","NORMAL",888,"NORMAL","V","SPECIAL_BRANCH","House rule: NORMAL can branch into same-species special state V"
"zacian",888,"NORMAL","NORMAL",888,"NORMAL","MEGA","SPECIAL_BRANCH","House rule: NORMAL can branch into same-species special state MEGA"
"zacian",888,"NORMAL","V",888,"NORMAL","VMAX","SPECIAL_CHAIN","House rule: V can continue into same-species state VMAX"
"zacian",888,"NORMAL","V",888,"NORMAL","VSTAR","SPECIAL_CHAIN","House rule: V can continue into same-species state VSTAR"
"zamazenta",889,"NORMAL","NORMAL",889,"NORMAL","EX","SPECIAL_BRANCH","House rule: NORMAL can branch into same-species special state EX"
"zamazenta",889,"NORMAL","NORMAL",889,"NORMAL","GX","SPECIAL_BRANCH","House rule: NORMAL can branch into same-species special state GX"
"zamazenta",889,"NORMAL","NORMAL",889,"NORMAL","V","SPECIAL_BRANCH","House rule: NORMAL can branch into same-species special state V"
"zamazenta",889,"NORMAL","NORMAL",889,"NORMAL","MEGA","SPECIAL_BRANCH","House rule: NORMAL can branch into same-species special state MEGA"
"zamazenta",889,"NORMAL","V",889,"NORMAL","VMAX","SPECIAL_CHAIN","House rule: V can continue into same-species state VMAX"
"zamazenta",889,"NORMAL","V",889,"NORMAL","VSTAR","SPECIAL_CHAIN","House rule: V can continue into same-species state VSTAR"
"zangoose",335,"NORMAL","NORMAL",335,"NORMAL","EX","SPECIAL_BRANCH","House rule: NORMAL can branch into same-species special state EX"
"zangoose",335,"NORMAL","NORMAL",335,"NORMAL","GX","SPECIAL_BRANCH","House rule: NORMAL can branch into same-species special state GX"
"zangoose",335,"NORMAL","NORMAL",335,"NORMAL","V","SPECIAL_BRANCH","House rule: NORMAL can branch into same-species special state V"
"zangoose",335,"NORMAL","NORMAL",335,"NORMAL","MEGA","SPECIAL_BRANCH","House rule: NORMAL can branch into same-species special state MEGA"
"zangoose",335,"NORMAL","V",335,"NORMAL","VMAX","SPECIAL_CHAIN","House rule: V can continue into same-species state VMAX"
"zangoose",335,"NORMAL","V",335,"NORMAL","VSTAR","SPECIAL_CHAIN","House rule: V can continue into same-species state VSTAR"
"zapdos",145,"NORMAL","NORMAL",145,"NORMAL","EX","SPECIAL_BRANCH","House rule: NORMAL can branch into same-species special state EX"
"zapdos",145,"NORMAL","NORMAL",145,"NORMAL","GX","SPECIAL_BRANCH","House rule: NORMAL can branch into same-species special state GX"
"zapdos",145,"NORMAL","NORMAL",145,"NORMAL","V","SPECIAL_BRANCH","House rule: NORMAL can branch into same-species special state V"
"zapdos",145,"NORMAL","NORMAL",145,"NORMAL","MEGA","SPECIAL_BRANCH","House rule: NORMAL can branch into same-species special state MEGA"
"zapdos",145,"NORMAL","V",145,"NORMAL","VMAX","SPECIAL_CHAIN","House rule: V can continue into same-species state VMAX"
"zapdos",145,"NORMAL","V",145,"NORMAL","VSTAR","SPECIAL_CHAIN","House rule: V can continue into same-species state VSTAR"
"zarude",893,"NORMAL","NORMAL",893,"NORMAL","EX","SPECIAL_BRANCH","House rule: NORMAL can branch into same-species special state EX"
"zarude",893,"NORMAL","NORMAL",893,"NORMAL","GX","SPECIAL_BRANCH","House rule: NORMAL can branch into same-species special state GX"
"zarude",893,"NORMAL","NORMAL",893,"NORMAL","V","SPECIAL_BRANCH","House rule: NORMAL can branch into same-species special state V"
"zarude",893,"NORMAL","NORMAL",893,"NORMAL","MEGA","SPECIAL_BRANCH","House rule: NORMAL can branch into same-species special state MEGA"
"zarude",893,"NORMAL","V",893,"NORMAL","VMAX","SPECIAL_CHAIN","House rule: V can continue into same-species state VMAX"
"zarude",893,"NORMAL","V",893,"NORMAL","VSTAR","SPECIAL_CHAIN","House rule: V can continue into same-species state VSTAR"
"zekrom",644,"NORMAL","NORMAL",644,"NORMAL","EX","SPECIAL_BRANCH","House rule: NORMAL can branch into same-species special state EX"
"zekrom",644,"NORMAL","NORMAL",644,"NORMAL","GX","SPECIAL_BRANCH","House rule: NORMAL can branch into same-species special state GX"
"zekrom",644,"NORMAL","NORMAL",644,"NORMAL","V","SPECIAL_BRANCH","House rule: NORMAL can branch into same-species special state V"
"zekrom",644,"NORMAL","NORMAL",644,"NORMAL","MEGA","SPECIAL_BRANCH","House rule: NORMAL can branch into same-species special state MEGA"
"zekrom",644,"NORMAL","V",644,"NORMAL","VMAX","SPECIAL_CHAIN","House rule: V can continue into same-species state VMAX"
"zekrom",644,"NORMAL","V",644,"NORMAL","VSTAR","SPECIAL_CHAIN","House rule: V can continue into same-species state VSTAR"
"zeraora",807,"NORMAL","NORMAL",807,"NORMAL","EX","SPECIAL_BRANCH","House rule: NORMAL can branch into same-species special state EX"
"zeraora",807,"NORMAL","NORMAL",807,"NORMAL","GX","SPECIAL_BRANCH","House rule: NORMAL can branch into same-species special state GX"
"zeraora",807,"NORMAL","NORMAL",807,"NORMAL","V","SPECIAL_BRANCH","House rule: NORMAL can branch into same-species special state V"
"zeraora",807,"NORMAL","NORMAL",807,"NORMAL","MEGA","SPECIAL_BRANCH","House rule: NORMAL can branch into same-species special state MEGA"
"zeraora",807,"NORMAL","V",807,"NORMAL","VMAX","SPECIAL_CHAIN","House rule: V can continue into same-species state VMAX"
"zeraora",807,"NORMAL","V",807,"NORMAL","VSTAR","SPECIAL_CHAIN","House rule: V can continue into same-species state VSTAR"
"zigzagoon",263,"NORMAL","NORMAL",263,"NORMAL","EX","SPECIAL_BRANCH","House rule: NORMAL can branch into same-species special state EX"
"zigzagoon",263,"NORMAL","NORMAL",263,"NORMAL","GX","SPECIAL_BRANCH","House rule: NORMAL can branch into same-species special state GX"
"zigzagoon",263,"NORMAL","NORMAL",263,"NORMAL","V","SPECIAL_BRANCH","House rule: NORMAL can branch into same-species special state V"
"zigzagoon",263,"NORMAL","NORMAL",263,"NORMAL","MEGA","SPECIAL_BRANCH","House rule: NORMAL can branch into same-species special state MEGA"
"zigzagoon",263,"NORMAL","NORMAL",264,"NORMAL","NORMAL","STANDARD","Standard evolution from species tree"
"zigzagoon",263,"NORMAL","V",263,"NORMAL","VMAX","SPECIAL_CHAIN","House rule: V can continue into same-species state VMAX"
"zigzagoon",263,"NORMAL","V",263,"NORMAL","VSTAR","SPECIAL_CHAIN","House rule: V can continue into same-species state VSTAR"
"zigzagoon",264,"NORMAL","NORMAL",264,"NORMAL","EX","SPECIAL_BRANCH","House rule: NORMAL can branch into same-species special state EX"
"zigzagoon",264,"NORMAL","NORMAL",264,"NORMAL","GX","SPECIAL_BRANCH","House rule: NORMAL can branch into same-species special state GX"
"zigzagoon",264,"NORMAL","NORMAL",264,"NORMAL","V","SPECIAL_BRANCH","House rule: NORMAL can branch into same-species special state V"
"zigzagoon",264,"NORMAL","NORMAL",264,"NORMAL","MEGA","SPECIAL_BRANCH","House rule: NORMAL can branch into same-species special state MEGA"
"zigzagoon",264,"NORMAL","NORMAL",862,"NORMAL","NORMAL","STANDARD","Standard evolution from species tree"
"zigzagoon",264,"NORMAL","V",264,"NORMAL","VMAX","SPECIAL_CHAIN","House rule: V can continue into same-species state VMAX"
"zigzagoon",264,"NORMAL","V",264,"NORMAL","VSTAR","SPECIAL_CHAIN","House rule: V can continue into same-species state VSTAR"
"zigzagoon",862,"NORMAL","NORMAL",862,"NORMAL","EX","SPECIAL_BRANCH","House rule: NORMAL can branch into same-species special state EX"
"zigzagoon",862,"NORMAL","NORMAL",862,"NORMAL","GX","SPECIAL_BRANCH","House rule: NORMAL can branch into same-species special state GX"
"zigzagoon",862,"NORMAL","NORMAL",862,"NORMAL","V","SPECIAL_BRANCH","House rule: NORMAL can branch into same-species special state V"
"zigzagoon",862,"NORMAL","NORMAL",862,"NORMAL","MEGA","SPECIAL_BRANCH","House rule: NORMAL can branch into same-species special state MEGA"
"zigzagoon",862,"NORMAL","V",862,"NORMAL","VMAX","SPECIAL_CHAIN","House rule: V can continue into same-species state VMAX"
"zigzagoon",862,"NORMAL","V",862,"NORMAL","VSTAR","SPECIAL_CHAIN","House rule: V can continue into same-species state VSTAR"
"zorua",570,"NORMAL","NORMAL",570,"NORMAL","EX","SPECIAL_BRANCH","House rule: NORMAL can branch into same-species special state EX"
"zorua",570,"NORMAL","NORMAL",570,"NORMAL","GX","SPECIAL_BRANCH","House rule: NORMAL can branch into same-species special state GX"
"zorua",570,"NORMAL","NORMAL",570,"NORMAL","V","SPECIAL_BRANCH","House rule: NORMAL can branch into same-species special state V"
"zorua",570,"NORMAL","NORMAL",570,"NORMAL","MEGA","SPECIAL_BRANCH","House rule: NORMAL can branch into same-species special state MEGA"
"zorua",570,"NORMAL","NORMAL",571,"NORMAL","NORMAL","STANDARD","Standard evolution from species tree"
"zorua",570,"NORMAL","V",570,"NORMAL","VMAX","SPECIAL_CHAIN","House rule: V can continue into same-species state VMAX"
"zorua",570,"NORMAL","V",570,"NORMAL","VSTAR","SPECIAL_CHAIN","House rule: V can continue into same-species state VSTAR"
"zorua",571,"NORMAL","NORMAL",571,"NORMAL","EX","SPECIAL_BRANCH","House rule: NORMAL can branch into same-species special state EX"
"zorua",571,"NORMAL","NORMAL",571,"NORMAL","GX","SPECIAL_BRANCH","House rule: NORMAL can branch into same-species special state GX"
"zorua",571,"NORMAL","NORMAL",571,"NORMAL","V","SPECIAL_BRANCH","House rule: NORMAL can branch into same-species special state V"
"zorua",571,"NORMAL","NORMAL",571,"NORMAL","MEGA","SPECIAL_BRANCH","House rule: NORMAL can branch into same-species special state MEGA"
"zorua",571,"NORMAL","V",571,"NORMAL","VMAX","SPECIAL_CHAIN","House rule: V can continue into same-species state VMAX"
"zorua",571,"NORMAL","V",571,"NORMAL","VSTAR","SPECIAL_CHAIN","House rule: V can continue into same-species state VSTAR"
"zubat",41,"NORMAL","NORMAL",41,"NORMAL","EX","SPECIAL_BRANCH","House rule: NORMAL can branch into same-species special state EX"
"zubat",41,"NORMAL","NORMAL",41,"NORMAL","GX","SPECIAL_BRANCH","House rule: NORMAL can branch into same-species special state GX"
"zubat",41,"NORMAL","NORMAL",41,"NORMAL","V","SPECIAL_BRANCH","House rule: NORMAL can branch into same-species special state V"
"zubat",41,"NORMAL","NORMAL",41,"NORMAL","MEGA","SPECIAL_BRANCH","House rule: NORMAL can branch into same-species special state MEGA"
"zubat",41,"NORMAL","NORMAL",42,"NORMAL","NORMAL","STANDARD","Standard evolution from species tree"
"zubat",41,"NORMAL","V",41,"NORMAL","VMAX","SPECIAL_CHAIN","House rule: V can continue into same-species state VMAX"
"zubat",41,"NORMAL","V",41,"NORMAL","VSTAR","SPECIAL_CHAIN","House rule: V can continue into same-species state VSTAR"
"zubat",42,"NORMAL","NORMAL",42,"NORMAL","EX","SPECIAL_BRANCH","House rule: NORMAL can branch into same-species special state EX"
"zubat",42,"NORMAL","NORMAL",42,"NORMAL","GX","SPECIAL_BRANCH","House rule: NORMAL can branch into same-species special state GX"
"zubat",42,"NORMAL","NORMAL",42,"NORMAL","V","SPECIAL_BRANCH","House rule: NORMAL can branch into same-species special state V"
"zubat",42,"NORMAL","NORMAL",42,"NORMAL","MEGA","SPECIAL_BRANCH","House rule: NORMAL can branch into same-species special state MEGA"
"zubat",42,"NORMAL","NORMAL",169,"NORMAL","NORMAL","STANDARD","Standard evolution from species tree"
"zubat",42,"NORMAL","V",42,"NORMAL","VMAX","SPECIAL_CHAIN","House rule: V can continue into same-species state VMAX"
"zubat",42,"NORMAL","V",42,"NORMAL","VSTAR","SPECIAL_CHAIN","House rule: V can continue into same-species state VSTAR"
"zubat",169,"NORMAL","NORMAL",169,"NORMAL","EX","SPECIAL_BRANCH","House rule: NORMAL can branch into same-species special state EX"
"zubat",169,"NORMAL","NORMAL",169,"NORMAL","GX","SPECIAL_BRANCH","House rule: NORMAL can branch into same-species special state GX"
"zubat",169,"NORMAL","NORMAL",169,"NORMAL","V","SPECIAL_BRANCH","House rule: NORMAL can branch into same-species special state V"
"zubat",169,"NORMAL","NORMAL",169,"NORMAL","MEGA","SPECIAL_BRANCH","House rule: NORMAL can branch into same-species special state MEGA"
"zubat",169,"NORMAL","V",169,"NORMAL","VMAX","SPECIAL_CHAIN","House rule: V can continue into same-species state VMAX"
"zubat",169,"NORMAL","V",169,"NORMAL","VSTAR","SPECIAL_CHAIN","House rule: V can continue into same-species state VSTAR"
"zygarde",718,"NORMAL","NORMAL",718,"NORMAL","EX","SPECIAL_BRANCH","House rule: NORMAL can branch into same-species special state EX"
"zygarde",718,"NORMAL","NORMAL",718,"NORMAL","GX","SPECIAL_BRANCH","House rule: NORMAL can branch into same-species special state GX"
"zygarde",718,"NORMAL","NORMAL",718,"NORMAL","V","SPECIAL_BRANCH","House rule: NORMAL can branch into same-species special state V"
"zygarde",718,"NORMAL","NORMAL",718,"NORMAL","MEGA","SPECIAL_BRANCH","House rule: NORMAL can branch into same-species special state MEGA"
"zygarde",718,"NORMAL","V",718,"NORMAL","VMAX","SPECIAL_CHAIN","House rule: V can continue into same-species state VMAX"
"zygarde",718,"NORMAL","V",718,"NORMAL","VSTAR","SPECIAL_CHAIN","House rule: V can continue into same-species state VSTAR"
